Keyword,Intent (Semrush),Intent used (priority T>C>N>I),Volume (AU/month),Keyword difficulty,Used as,Times primary,Times secondary,Times tag,Pages using it,Page types,Example pages
"cider","Informational","Informational","40500","24","primary","1","0","0","1","Blog","/blog/guide-to-australian-craft-cider/"
"baileys","Informational, Commercial","Commercial","22200","21","secondary + tag","0","12","5","17","Home / Sub-category / Product / Blog","/ ; /shop/spirit/collection/baileys-irish-cream/ ; /shop/spirit/baileys-1l-baileys-irish-cream/"
"tequila","Commercial","Commercial","22200","19","secondary + tag","0","58","56","114","Home / Page / Category / Sub-category / Product / Blog","/ ; /shop/ ; /faq/"
"prosecco","Commercial","Commercial","22200","27","secondary + tag","0","1","5","6","Home / Page / Blog","/ ; /shop/ ; /faq/"
"jack daniels","Commercial","Commercial","18100","19","primary + secondary + tag","1","3","1","5","Home / Product","/ ; /shop/whisky/jack-daniels-barrel-proof-rye-rye-whiskey/ ; /shop/other/jack-daniels-honey-bbq-sauce-mixers-water-condiments/"
"champagne","Informational, Commercial","Commercial","18100","19","secondary + tag","0","38","26","64","Home / Page / Category / Sub-category / Product / Blog","/ ; /shop/ ; /faq/"
"limoncello","Informational","Informational","18100","23","secondary","0","3","0","3","Page / Blog","/blog/ ; /blog/what-is-baijiu/ ; /blog/what-is-ouzo-greek-drink-flavour-serving/"
"glenfiddich","Informational, Transactional","Transactional","14800","27","primary + secondary","1","6","0","7","Home / Product","/ ; /shop/whisky/glenfiddich-30-year-old-suspended-time/ ; /shop/whisky/glenfiddich-16-aston-martin-no2-scotch-whisky/"
"whisky","Commercial","Commercial","14800","28","secondary + tag","0","90","15","105","Home / Page / Category / Sub-category / Product / Blog","/ ; /shop/ ; /faq/"
"veuve clicquot","Informational, Commercial","Commercial","14800","19","tag","0","0","1","1","Home","/"
"gin","Commercial","Commercial","14800","22","secondary + tag","0","52","53","105","Home / Page / Category / Sub-category / Product / Blog","/ ; /shop/ ; /faq/"
"pepsi max","Informational, Commercial","Commercial","14800","14","tag","0","0","1","1","Home","/"
"limoncello spritz","Informational","Informational","14800","20","secondary","0","3","0","3","Page / Blog","/blog/ ; /blog/what-is-baijiu/ ; /blog/what-is-ouzo-greek-drink-flavour-serving/"
"smirnoff vodka","Commercial","Commercial","12100","19","secondary + tag","0","75","54","129","Home / Page / Category / Sub-category / Product / Blog","/ ; /shop/ ; /faq/"
"ginger beer","Informational","Informational","9900","25","primary + secondary","1","3","0","4","Page / Blog","/blog/ ; /blog/best-mixers-for-home-bar/ ; /blog/beer-with-least-carbs-lowest-carb-beer-australia/"
"vermouth","Informational","Informational","9900","19","primary","1","0","0","1","Blog","/blog/what-is-vermouth-sweet-dry-cocktails/"
"cognac","Commercial","Commercial","9900","28","secondary + tag","0","69","59","128","Home / Page / Category / Sub-category / Product / Blog","/ ; /shop/ ; /faq/"
"jim beam","Commercial","Commercial","9900","18","secondary + tag","0","3","1","4","Home / Product","/ ; /shop/whisky/jim-beam-white-label-kentucky-bourbon-whiskey/ ; /shop/whisky/jim-beam-white-label-40-kentucky-straight-bourbon-whiskey/"
"bourbon","Commercial","Commercial","9900","16","secondary + tag","0","18","16","34","Home / Page / Category / Sub-category / Product / Blog","/ ; /shop/ ; /faq/"
"kahlua","Informational, Commercial","Commercial","9900","24","secondary + tag","0","7","8","15","Home / Sub-category / Product / Blog","/ ; /shop/spirit/collection/coffee-liqueur/ ; /shop/spirit/avion-espresso-tequila/"
"glenfiddich 12","Informational, Commercial","Commercial","9900","17","tag","0","0","1","1","Home","/"
"red wine","Commercial","Commercial","9900","15","secondary + tag","0","38","35","73","Home / Page / Category / Sub-category / Product / Blog","/ ; /shop/ ; /faq/"
"scotch","Commercial","Commercial","9900","15","secondary + tag","0","90","14","104","Home / Page / Category / Sub-category / Product / Blog","/ ; /shop/ ; /faq/"
"vodka cruiser","Informational","Informational","9900","20","secondary","0","3","0","3","Page / Blog","/blog/ ; /blog/how-vodka-is-made/ ; /blog/vodka-brands-absolut-skyy-titos-how-to-choose/"
"pinot grigio","Informational, Transactional","Transactional","8100","18","primary + tag","1","0","1","1","Home","/"
"corona beer","Informational, Transactional","Transactional","8100","17","primary + secondary + tag","1","3","1","4","Home / Page / Category / Sub-category","/ ; /shop/ ; /shop/beer-premix-wine/"
"kraken rum","Informational, Transactional","Transactional","8100","24","primary + secondary","1","10","0","11","Home / Page / Category / Sub-category / Product","/ ; /shop/ ; /shop/spirit/"
"moet","Informational, Commercial","Commercial","8100","24","primary + secondary + tag","1","1","1","3","Home / Product","/ ; /shop/beer-premix-wine/moet-chandon-imperial-bottle-sparkling-wine/ ; /shop/beer-premix-wine/moet-rose-imperial-sparkling-wine/"
"absolut vodka","Commercial","Commercial","8100","17","primary + secondary + tag","1","50","58","108","Home / Page / Category / Sub-category / Product / Blog","/ ; /shop/ ; /faq/"
"patron","Informational, Commercial","Commercial","8100","17","primary + secondary + tag","1","16","4","21","Home / Sub-category / Product / Blog","/ ; /shop/spirit/collection/patron/ ; /shop/spirit/gran-patron-burdeos-extra-anejo-tequila/"
"absinthe","Informational","Informational","8100","26","primary + secondary","1","3","0","4","Page / Product / Blog","/blog/ ; /shop/spirit/absinthe-red-100-absinthe/ ; /blog/what-is-baijiu/"
"sour puss","Informational","Informational","8100","14","primary","1","0","0","1","Blog","/blog/popular-liqueurs-licor-43-sour-puss-elderflower-amaretto/"
"rum","Informational, Commercial","Commercial","8100","19","secondary + tag","0","41","67","108","Home / Page / Category / Sub-category / Product / Blog","/ ; /shop/ ; /faq/"
"don julio","Informational, Commercial","Commercial","8100","18","secondary + tag","0","13","4","17","Home / Sub-category / Product / Blog","/ ; /shop/spirit/collection/don-julio/ ; /shop/spirit/don-julio-1942-ultima-reserva-extra-anejo/"
"sauvignon blanc","Informational, Commercial","Commercial","8100","21","secondary + tag","0","16","4","20","Home / Sub-category / Product / Blog","/ ; /shop/beer-premix-wine/collection/white-wine/ ; /shop/beer-premix-wine/collection/sauvignon-blanc/"
"belvedere vodka","Informational, Commercial","Commercial","6600","15","primary + secondary + tag","1","34","58","93","Home / Page / Category / Sub-category / Product / Blog","/ ; /shop/ ; /faq/"
"ouzo","Informational, Commercial","Commercial","6600","27","primary + secondary + tag","1","1","1","3","Home / Sub-category / Blog","/ ; /shop/spirit/collection/ouzo/ ; /blog/what-is-ouzo-greek-drink-flavour-serving/"
"grey goose","Informational","Informational","6600","28","primary + secondary","1","3","0","4","Page / Blog","/blog/ ; /blog/what-is-baijiu/ ; /blog/grey-goose-vs-belvedere-vodka-compared/"
"baileys irish cream","Informational, Commercial","Commercial","6600","20","secondary + tag","0","14","3","17","Home / Sub-category / Product / Blog","/ ; /shop/spirit/collection/baileys-irish-cream/ ; /shop/spirit/baileys-1l-baileys-irish-cream/"
"chandon brut","Informational, Commercial","Commercial","6600","20","secondary","0","2","0","2","Home / Product","/ ; /shop/beer-premix-wine/chandon-sparkling-rose-rose-wine/"
"tequila from tequila","Commercial","Commercial","6600","14","secondary","0","1","0","1","Home","/"
"beer ginger beer","Informational, Commercial","Commercial","6600","14","secondary","0","1","0","1","Home","/"
"jameson whisky","Informational, Commercial","Commercial","6600","20","secondary + tag","0","1","5","6","Home / Page / Blog","/ ; /shop/ ; /faq/"
"johnnie walker blue label","Informational, Commercial","Commercial","6600","25","secondary","0","5","0","5","Home / Product","/ ; /shop/whisky/johnnie-walker-king-george-v-rare-edition/ ; /shop/whisky/johnnie-walker-15yo-sherry-scotch-whisky/"
"cruisers","Informational, Commercial","Commercial","6600","21","secondary","0","1","0","1","Home","/"
"rose wine","Commercial","Commercial","6600","23","secondary + tag","0","38","35","73","Home / Page / Category / Sub-category / Product / Blog","/ ; /shop/ ; /faq/"
"white wine","Informational, Commercial","Commercial","6600","18","secondary + tag","0","36","36","72","Home / Page / Category / Sub-category / Product / Blog","/ ; /shop/ ; /faq/"
"somersby","Navigational, Commercial","Commercial","6600","27","secondary","0","2","0","2","Home / Product","/ ; /shop/beer-premix-wine/somersby-apple-cider-bottles/"
"absolut liquor","Informational, Commercial","Commercial","6600","14","secondary + tag","0","2","2","4","Home / Product / Blog","/ ; /shop/spirit/absolut-swedish-vodka/ ; /shop/spirit/absolut-tabasco-chilli-pepper-flavoured-swedish-vodka/"
"liqueur amaretto","Informational","Informational","6600","25","secondary","0","4","0","4","Page / Blog","/blog/ ; /blog/what-is-baijiu/ ; /blog/what-is-ouzo-greek-drink-flavour-serving/"
"don julioooo","Informational, Transactional","Transactional","5400","25","primary","1","0","0","1","Home","/"
"premix king","Transactional","Transactional","5400","11","primary + secondary","1","2","0","3","Home / Category / Sub-category","/ ; /shop/beer-premix-wine/ ; /shop/beer-premix-wine/collection/vodka-premix/"
"moet champagne","Commercial","Commercial","5400","27","primary + secondary + tag","1","1","5","7","Page / Product / Blog","/shop/ ; /faq/ ; /blog/"
"sambuca","Informational","Informational","5400","19","primary + secondary","1","3","0","4","Page / Product / Blog","/blog/ ; /shop/spirit/sambuca-latinae-glass-pack/ ; /blog/what-is-baijiu/"
"grog","Informational","Informational","5400","20","primary","1","0","0","1","Product","/shop/beer-premix-wine/grog-lemon-ice-vodka-premix/"
"pinot gris","Informational","Informational","5400","17","primary","1","0","0","1","Blog","/blog/pinot-grigio-vs-pinot-gris-italy-guide/"
"cognac cognac","Commercial","Commercial","5400","22","secondary","0","1","0","1","Home","/"
"smirnoff","Informational, Commercial","Commercial","5400","17","secondary + tag","0","12","1","13","Home / Sub-category / Product / Blog","/ ; /shop/spirit/collection/vodka/ ; /shop/spirit/smirnoff-50ml-russian-vodka/"
"barboun","Commercial","Commercial","5400","21","secondary","0","1","0","1","Home","/"
"apple cider","Commercial","Commercial","5400","19","secondary + tag","0","21","34","55","Page / Category / Sub-category / Product / Blog","/shop/ ; /faq/ ; /blog/"
"somersby apple cider","Commercial","Commercial","5400","15","secondary + tag","0","20","30","50","Page / Category / Sub-category / Product / Blog","/shop/ ; /faq/ ; /blog/"
"don julio 1942","Informational, Commercial","Commercial","5400","15","secondary + tag","0","4","2","6","Sub-category / Product / Blog","/shop/spirit/collection/don-julio/ ; /shop/spirit/don-julio-1942-ultima-reserva-extra-anejo/ ; /shop/spirit/don-julio-1942-50ml-don-julio/"
"cruiser","Informational, Commercial","Commercial","5400","17","secondary + tag","0","12","1","13","Sub-category / Product","/shop/beer-premix-wine/collection/vodka-premix/ ; /shop/beer-premix-wine/24-ice-frozen-cocktails-5pack-vodka-premix/ ; /shop/beer-premix-wine/24-ice-gin-tonic/"
"smirnoff ice","Informational, Commercial","Commercial","5400","20","secondary + tag","0","3","1","4","Sub-category / Product / Blog","/shop/spirit/collection/vodka/ ; /shop/spirit/absolut-swedish-vodka/ ; /shop/spirit/absolut-tabasco-chilli-pepper-flavoured-swedish-vodka/"
"johnnie walker black label","Informational, Commercial","Commercial","5400","20","secondary","0","4","0","4","Product","/shop/whisky/johnnie-walker-king-george-v-rare-edition/ ; /shop/whisky/johnnie-walker-15yo-sherry-scotch-whisky/ ; /shop/whisky/johnnie-walker-black-50ml-scotch-whisky/"
"macallan 12","Informational, Commercial","Commercial","5400","15","secondary + tag","0","1","1","2","Product / Blog","/shop/whisky/macallan-12-sherry-oak-scotch-whisky/ ; /blog/macallan-sherry-cask-legacy/"
"white rum","Informational","Informational","4400","14","primary + secondary","1","4","0","5","Page / Blog","/blog/ ; /blog/white-spiced-dark-rum-guide/ ; /blog/what-is-baijiu/"
"licor 43","Informational","Informational","4400","27","primary + secondary","1","2","0","3","Page / Product / Blog","/blog/ ; /shop/spirit/licor-43-horchata-spanish-cream-liqueur/ ; /blog/popular-liqueurs-licor-43-sour-puss-elderflower-amaretto/"
"glenmorangie","Navigational","Navigational","4400","24","primary","1","0","0","1","Product","/shop/whisky/glenmorangie-14-year-old-the-quinta-ruban-port-cask-single-malt-scotch-whisky/"
"japanese whiskey","Informational, Commercial","Commercial","4400","24","secondary + tag","0","118","15","133","Page / Category / Sub-category / Product / Blog","/shop/ ; /faq/ ; /blog/"
"james squire ginger beer","Commercial","Commercial","4400","13","secondary + tag","0","14","30","44","Page / Category / Sub-category / Product / Blog","/shop/ ; /shop/beer-premix-wine/ ; /shop/beer-premix-wine/collection/ginger-beer/"
"scotch beverage","Informational","Informational","4400","25","secondary","0","2","0","2","Page / Blog","/blog/ ; /blog/single-malt-vs-blended-scotch/"
"limoncello recipe","Informational","Informational","4400","28","secondary","0","3","0","3","Page / Blog","/blog/ ; /blog/what-is-baijiu/ ; /blog/what-is-ouzo-greek-drink-flavour-serving/"
"pinot gris and grigio","Informational","Informational","4400","15","secondary","0","2","0","2","Page / Blog","/blog/ ; /blog/pinot-grigio-vs-pinot-gris-italy-guide/"
"sapporo beer","Informational","Informational","4400","19","secondary","0","2","0","2","Page / Blog","/blog/ ; /blog/german-beer-guide-german-wheat-weissbier-pilsner/"
"regal chivas whisky","Informational, Transactional","Transactional","4400","15","secondary","0","2","0","2","Category / Sub-category","/shop/whisky/ ; /shop/whisky/collection/scotch-whisky/"
"pink gin","Informational, Transactional","Transactional","4400","21","secondary","0","3","0","3","Category / Sub-category","/shop/spirit/ ; /shop/spirit/collection/gin/ ; /shop/spirit/collection/pink-gin/"
"sauvignon white wine","Informational, Transactional","Transactional","4400","21","secondary","0","3","0","3","Category / Sub-category","/shop/beer-premix-wine/ ; /shop/beer-premix-wine/collection/white-wine/ ; /shop/beer-premix-wine/collection/sauvignon-blanc/"
"jack daniels 700ml","Informational, Commercial","Commercial","4400","14","secondary","0","1","0","1","Product","/shop/whisky/jack-daniels-barrel-proof-rye-rye-whiskey/"
"patron tequila","Informational, Commercial","Commercial","3600","13","primary + secondary + tag","1","50","55","106","Page / Category / Sub-category / Product / Blog","/shop/ ; /shop/spirit/ ; /shop/spirit/collection/belvedere/"
"irish whiskey","Informational, Commercial","Commercial","3600","14","primary + secondary + tag","1","8","2","10","Page / Category / Sub-category / Product / Blog","/shop/ ; /shop/whisky/ ; /shop/whisky/collection/irish-whiskey/"
"wine delivery","Commercial","Commercial","3600","25","primary + secondary + tag","1","33","28","62","Page / Category / Sub-category / Product / Blog","/shipping/ ; /shop/beer-premix-wine/ ; /shop/beer-premix-wine/collection/red-wine/"
"moutai","Informational","Informational","3600","28","primary + secondary","1","3","0","4","Page / Product / Blog","/blog/ ; /shop/spirit/kweichow-moutai-flying-fairy-baijiu-53-percent/ ; /blog/what-is-baijiu/"
"macallan","Informational, Commercial","Commercial","3600","17","primary + secondary + tag","1","24","1","26","Product / Blog","/shop/whisky/macallan-25-year-old-sherry-oak-single-malt/ ; /shop/whisky/macallan-12-sherry-oak-scotch-whisky/ ; /shop/whisky/macallan-12yo-colour-collection-scotch-whisky/"
"absinthe absinthe","Informational, Transactional","Transactional","3600","17","primary","1","0","0","1","Product","/shop/spirit/absinthe-red-700-absinthe/"
"amaro","Informational","Informational","3600","27","primary + secondary","1","2","0","3","Blog","/blog/amaro-101-italy-bittersweet-tradition/ ; /blog/what-is-vermouth-sweet-dry-cocktails/ ; /blog/what-is-ouzo-greek-drink-flavour-serving/"
"piper heidsieck champagne","Commercial","Commercial","3600","20","tag","0","0","3","3","Page / Blog","/shop/ ; /blog/champagne-vs-sparkling-wine-vs-port/ ; /blog/champagne-rose-brut-guide-veuve-clicquot-krug/"
"starward whisky","Navigational, Commercial","Commercial","3600","20","secondary + tag","0","13","6","19","Page / Category / Sub-category / Product / Blog","/shop/ ; /shop/whisky/ ; /shop/whisky/collection/australian-whisky/"
"veuve champagne","Informational, Commercial","Commercial","3600","20","tag","0","0","3","3","Page / Blog","/shop/ ; /blog/champagne-vs-sparkling-wine-vs-port/ ; /blog/champagne-rose-brut-guide-veuve-clicquot-krug/"
"alcoholic ginger beer","Commercial","Commercial","3600","18","secondary + tag","0","14","30","44","Page / Category / Sub-category / Product / Blog","/shop/ ; /shop/beer-premix-wine/ ; /shop/beer-premix-wine/collection/ginger-beer/"
"brookvale union ginger beer","Commercial","Commercial","3600","10","secondary + tag","0","13","31","44","Page / Category / Sub-category / Product / Blog","/shop/ ; /shop/beer-premix-wine/ ; /shop/beer-premix-wine/collection/ginger-beer/"
"jw blue label whiskey","Informational, Commercial","Commercial","3600","17","tag","0","0","1","1","Page","/shop/"
"sparkling wine","Informational, Commercial","Commercial","3600","14","secondary + tag","0","29","30","59","Page / Category / Sub-category / Product / Blog","/shop/ ; /shop/beer-premix-wine/ ; /shop/beer-premix-wine/collection/white-wine/"
"cheap vodka","Commercial","Commercial","3600","19","secondary + tag","0","37","53","90","Page / Category / Sub-category / Product / Blog","/shop/ ; /shop/spirit/ ; /shop/spirit/collection/french-vodka/"
"wine white wines","Informational, Commercial","Commercial","3600","10","secondary + tag","0","21","30","51","Page / Category / Sub-category / Product / Blog","/shop/ ; /shop/beer-premix-wine/ ; /shop/beer-premix-wine/collection/white-wine/"
"best inexpensive wines","Commercial","Commercial","3600","11","tag","0","0","1","1","Page","/shop/"
"single malt","Informational, Commercial","Commercial","3600","15","secondary + tag","0","89","10","99","Page / Category / Sub-category / Product / Blog","/about/ ; /shop/whisky/ ; /shop/whisky/collection/scotch-whisky/"
"lark whisky","Informational, Transactional","Transactional","3600","24","secondary","0","2","0","2","Category / Sub-category","/shop/whisky/ ; /shop/whisky/collection/australian-whisky/"
"smirnoff liquor","Navigational, Transactional","Transactional","3600","24","secondary","0","10","0","10","Category / Sub-category / Product","/shop/spirit/ ; /shop/spirit/collection/vodka/ ; /shop/spirit/smirnoff-50ml-russian-vodka/"
"bilpin cider","Navigational, Transactional","Transactional","3600","25","secondary","0","2","0","2","Category / Sub-category","/shop/beer-premix-wine/ ; /shop/beer-premix-wine/collection/cider/"
"dry white wine","Informational, Commercial","Commercial","3600","14","secondary + tag","0","19","32","51","Category / Sub-category / Product / Blog","/shop/beer-premix-wine/ ; /shop/beer-premix-wine/collection/white-wine/ ; /shop/beer-premix-wine/collection/rose-wine/"
"balter cerveza","Informational, Transactional","Transactional","3600","22","secondary","0","1","0","1","Sub-category","/shop/beer-premix-wine/collection/australian-beer/"
"blue label johnnie walker","Informational, Commercial","Commercial","3600","23","secondary","0","4","0","4","Product","/shop/whisky/johnnie-walker-king-george-v-rare-edition/ ; /shop/whisky/johnnie-walker-15yo-sherry-scotch-whisky/ ; /shop/whisky/johnnie-walker-black-50ml-scotch-whisky/"
"chivas regal 12","Informational, Commercial","Commercial","3600","14","secondary","0","1","0","1","Product","/shop/whisky/chivas-regal-12-year-old-signature-blend-blended-scotch-whisky/"
"grand marnier","Informational","Informational","3600","25","secondary","0","2","0","2","Blog","/blog/what-is-baijiu/ ; /blog/what-is-ouzo-greek-drink-flavour-serving/"
"non alcoholic wine","Informational","Informational","3600","22","secondary","0","1","0","1","Blog","/blog/why-non-alcoholic-beer-is-booming/"
"matsos ginger beer","Informational","Informational","3600","25","secondary","0","2","0","2","Blog","/blog/best-mixers-for-home-bar/ ; /blog/german-beer-guide-german-wheat-weissbier-pilsner/"
"wine and white","Informational","Informational","3600","21","secondary","0","1","0","1","Blog","/blog/sauvignon-blanc-guide-low-alcohol-cooking-pairing/"
"elderflower liqueur","Informational","Informational","3600","22","secondary","0","1","0","1","Blog","/blog/popular-liqueurs-licor-43-sour-puss-elderflower-amaretto/"
"macallan macallan","Navigational, Commercial","Commercial","2900","28","primary","1","0","0","1","Product","/shop/whisky/macallan-12yo-double-scotch-whisky/"
"tanqueray gin","Informational, Commercial","Commercial","2900","15","primary + tag","1","0","2","3","Product / Blog","/shop/spirit/tanqueray-50ml-gin/ ; /blog/london-dry-vs-contemporary-gin/ ; /blog/pink-gin-and-soda-what-is-pink-gin/"
"calvados","Informational","Informational","2900","19","primary","1","0","0","1","Product","/shop/spirit/calvados-papidoux-xo-cognac-brandy/"
"malibu rum","Informational","Informational","2900","28","primary + secondary","1","1","0","2","Blog","/blog/white-spiced-dark-rum-guide/ ; /blog/malibu-rum-and-coconut-rum-what-they-are/"
"baileys irish","Informational","Informational","2900","22","primary + secondary","1","1","0","2","Blog","/blog/best-cream-coffee-liqueurs-for-cocktails/ ; /blog/irish-whiskey-guide-bushmills-redbreast-how-its-made/"
"shiraz wine","Informational","Informational","2900","24","primary","1","0","0","1","Blog","/blog/how-to-choose-red-wine/"
"scotch whisky","Commercial","Commercial","2900","19","secondary + tag","0","88","4","92","Category / Sub-category / Product / Blog","/shop/whisky/ ; /shop/whisky/collection/scotch-whisky/ ; /shop/whisky/macallan-25-year-old-sherry-oak-single-malt/"
"hibiki whiskey","Informational, Commercial","Commercial","2900","14","secondary + tag","0","108","6","114","Category / Sub-category / Product / Blog","/shop/whisky/ ; /shop/whisky/collection/scotch-whisky/ ; /shop/whisky/collection/japanese-whisky/"
"bourbon brands","Informational, Commercial","Commercial","2900","26","secondary + tag","0","16","4","20","Category / Sub-category / Product / Blog","/shop/whisky/ ; /shop/whisky/collection/bourbon/ ; /shop/whisky/pappy-van-winkle-15-year-old-family-reserve/"
"coffee liqueur","Informational, Commercial","Commercial","2900","27","secondary + tag","0","29","55","84","Category / Sub-category / Product / Blog","/shop/spirit/ ; /shop/spirit/collection/belvedere/ ; /shop/spirit/collection/mezcal/"
"low carb beer","Informational, Commercial","Commercial","2900","14","secondary + tag","0","14","34","48","Category / Sub-category / Product / Blog","/shop/beer-premix-wine/ ; /shop/beer-premix-wine/collection/lager/ ; /shop/beer-premix-wine/collection/rose-wine/"
"mother energy drink","Informational, Transactional","Transactional","2900","28","secondary","0","2","0","2","Category / Sub-category","/shop/other/ ; /shop/other/collection/mixers-water-condiments/"
"baileys irish cream whiskey","Informational, Commercial","Commercial","2900","24","secondary + tag","0","4","9","13","Sub-category / Product / Blog","/shop/spirit/collection/baileys-irish-cream/ ; /shop/spirit/baileys-1l-baileys-irish-cream/ ; /shop/spirit/baileys-700-baileys-irish-cream/"
"heineken beer","Informational, Transactional","Transactional","2900","25","secondary","0","5","0","5","Sub-category / Product","/shop/beer-premix-wine/collection/lager/ ; /shop/beer-premix-wine/heineken-500ml-lager/ ; /shop/beer-premix-wine/heineken-500ml-imported-beer/"
"tiger beer","Informational, Transactional","Transactional","2900","28","secondary","0","2","0","2","Sub-category","/shop/beer-premix-wine/collection/imported-beer/ ; /shop/beer-premix-wine/collection/german-beer/"
"bird in hand sparkling","Informational, Transactional","Transactional","2900","22","secondary","0","1","0","1","Sub-category","/shop/beer-premix-wine/collection/sparkling/"
"smirnoff double black","Informational, Commercial","Commercial","2900","12","secondary","0","11","0","11","Sub-category / Product","/shop/spirit/collection/vodka/ ; /shop/spirit/smirnoff-50ml-russian-vodka/ ; /shop/spirit/smirnoff-blue-1l-russian-vodka/"
"laphroaig","Informational, Transactional","Transactional","2900","24","secondary","0","11","0","11","Product","/shop/whisky/laphroaig-30-year-old-ian-hunter-story-book-2/ ; /shop/whisky/laphroaig-10-glass-pack-scotch-whisky/ ; /shop/whisky/laphroaig-10-sherry-oak-scotch-whisky/"
"drinks using gin","Informational","Informational","2900","27","secondary","0","1","0","1","Blog","/blog/london-dry-vs-contemporary-gin/"
"grenache wine","Informational, Commercial","Commercial","2900","20","tag","0","0","2","2","Blog","/blog/how-to-choose-red-wine/ ; /blog/cabernet-sauvignon-merlot-grenache-red-wine-grapes/"
"macallan 18","Informational, Commercial","Commercial","2900","13","tag","0","0","1","1","Blog","/blog/macallan-sherry-cask-legacy/"
"grey goose liquor","Informational","Informational","2900","28","secondary","0","1","0","1","Blog","/blog/grey-goose-vs-belvedere-vodka-compared/"
"wine blanc","Informational","Informational","2900","13","secondary","0","1","0","1","Blog","/blog/sauvignon-blanc-guide-low-alcohol-cooking-pairing/"
"balter beer","Navigational","Navigational","2900","27","secondary","0","1","0","1","Blog","/blog/german-beer-guide-german-wheat-weissbier-pilsner/"
"gingerbread beer","Informational","Informational","2900","10","secondary","0","1","0","1","Blog","/blog/german-beer-guide-german-wheat-weissbier-pilsner/"
"liqueur","Informational","Informational","2900","17","secondary","0","1","0","1","Blog","/blog/popular-liqueurs-licor-43-sour-puss-elderflower-amaretto/"
"jose cuervo","Navigational, Commercial","Commercial","2400","23","primary + secondary","1","7","0","8","Sub-category / Product","/shop/spirit/collection/jose-cuervo/ ; /shop/spirit/jose-cuervo-cristalino-anejo-jose-cuervo/ ; /shop/spirit/jose-cuervo-gold-50ml-jose-cuervo/"
"hennessy xo","Commercial","Commercial","2400","15","primary + secondary + tag","1","32","5","38","Sub-category / Product","/shop/spirit/collection/cognac-brandy/ ; /shop/spirit/louis-xiii-de-remy-martin-grande-champagne-cognac/ ; /shop/spirit/martell-blue-swift-cognac-brandy/"
"remy martin","Informational","Informational","2400","17","primary","1","0","0","1","Product","/shop/spirit/remy-martin-club-exception-cognac-brandy/"
"tsingtao","Informational, Commercial","Commercial","2400","24","primary","1","0","0","1","Product","/shop/beer-premix-wine/tsingtao-beer-imported-case-4-x-6-pack-bottles/"
"de bortoli prosecco","Informational","Informational","2400","21","primary + secondary","1","2","0","3","Product / Blog","/shop/beer-premix-wine/de-bortoli-king-valley-prosecco/ ; /blog/champagne-vs-sparkling-wine-vs-port/ ; /blog/prosecco-guide-aperol-spritz-rose-mimosa/"
"lager","Informational","Informational","2400","16","primary + secondary","1","1","0","2","Blog","/blog/lager-vs-imported-beer-buyers-guide/ ; /blog/australian-beer-guide-lager-vb-craft-brands/"
"beer with least carbs","Informational","Informational","2400","16","primary + secondary","1","1","0","2","Blog","/blog/beer-with-least-carbs-lowest-carb-beer-australia/ ; /blog/german-beer-guide-german-wheat-weissbier-pilsner/"
"ipa beer","Informational","Informational","2400","19","primary + secondary","1","1","0","2","Blog","/blog/what-is-ipa-beer-india-pale-ale-explained/ ; /blog/german-beer-guide-german-wheat-weissbier-pilsner/"
"single malt whiskey","Commercial","Commercial","2400","21","secondary + tag","0","83","8","91","Page / Category / Sub-category / Product / Blog","/about/ ; /shop/whisky/ ; /shop/whisky/collection/scotch-whisky/"
"whisky gift pack","Commercial","Commercial","2400","9","secondary + tag","0","1","2","3","Page / Blog","/contact/ ; /blog/how-to-store-and-cellar-rare-whisky/ ; /blog/beginners-guide-investing-in-rare-whisky/"
"gin gifts","Commercial","Commercial","2400","12","secondary + tag","0","13","54","67","Page / Category / Sub-category / Product / Blog","/contact/ ; /shop/spirit/ ; /shop/spirit/collection/mezcal/"
"gin gifts australia","Commercial","Commercial","2400","11","secondary + tag","0","13","52","65","Page / Category / Sub-category / Product / Blog","/contact/ ; /shop/spirit/ ; /shop/spirit/collection/mezcal/"
"whiskey gift","Informational, Commercial","Commercial","2400","10","secondary","0","1","0","1","Page","/contact/"
"bourbon whiskey","Commercial","Commercial","2400","19","secondary + tag","0","104","11","115","Category / Sub-category / Product / Blog","/shop/whisky/ ; /shop/whisky/collection/scotch-whisky/ ; /shop/whisky/collection/bourbon/"
"japanese whisky","Informational, Commercial","Commercial","2400","16","secondary + tag","0","24","4","28","Category / Sub-category / Product / Blog","/shop/whisky/ ; /shop/whisky/collection/japanese-whisky/ ; /shop/whisky/nikka-taketsuru-21-year-old-pure-malt/"
"absolute vodka","Commercial","Commercial","2400","17","secondary + tag","0","23","52","75","Category / Sub-category / Product / Blog","/shop/spirit/ ; /shop/spirit/collection/french-vodka/ ; /shop/spirit/collection/belvedere/"
"clase azul tequila","Commercial","Commercial","2400","15","secondary + tag","0","20","51","71","Category / Sub-category / Product / Blog","/shop/spirit/ ; /shop/spirit/collection/belvedere/ ; /shop/spirit/collection/mezcal/"
"azul tequila","Informational, Commercial","Commercial","2400","18","secondary + tag","0","19","50","69","Category / Sub-category / Product / Blog","/shop/spirit/ ; /shop/spirit/collection/belvedere/ ; /shop/spirit/collection/mezcal/"
"spiced rum","Informational, Commercial","Commercial","2400","11","secondary + tag","0","20","57","77","Category / Sub-category / Product / Blog","/shop/spirit/ ; /shop/spirit/collection/mezcal/ ; /shop/spirit/collection/jose-cuervo/"
"captain morgan spiced rum","Informational, Commercial","Commercial","2400","16","secondary + tag","0","17","55","72","Category / Sub-category / Product / Blog","/shop/spirit/ ; /shop/spirit/collection/mezcal/ ; /shop/spirit/collection/spiced-rum/"
"orange liqueur","Informational, Commercial","Commercial","2400","28","secondary + tag","0","11","50","61","Category / Sub-category / Product / Blog","/shop/spirit/ ; /shop/spirit/collection/mezcal/ ; /shop/spirit/collection/baijiu/"
"flavoured beer","Commercial","Commercial","2400","14","secondary + tag","0","18","33","51","Category / Sub-category / Product","/shop/beer-premix-wine/ ; /shop/beer-premix-wine/collection/lager/ ; /shop/beer-premix-wine/collection/rose-wine/"
"beer flavours","Informational, Commercial","Commercial","2400","13","secondary + tag","0","11","33","44","Category / Sub-category / Product","/shop/beer-premix-wine/ ; /shop/beer-premix-wine/collection/lager/ ; /shop/beer-premix-wine/collection/rose-wine/"
"carb friendly beer","Commercial","Commercial","2400","19","secondary + tag","0","7","33","40","Category / Sub-category / Product / Blog","/shop/beer-premix-wine/ ; /shop/beer-premix-wine/collection/lager/ ; /shop/beer-premix-wine/collection/rose-wine/"
"modelo beer","Commercial","Commercial","2400","11","secondary + tag","0","9","32","41","Category / Sub-category / Product","/shop/beer-premix-wine/ ; /shop/beer-premix-wine/collection/imported-beer/ ; /shop/beer-premix-wine/collection/rose-wine/"
"german beer","Informational, Commercial","Commercial","2400","23","secondary + tag","0","9","32","41","Category / Sub-category / Product / Blog","/shop/beer-premix-wine/ ; /shop/beer-premix-wine/collection/imported-beer/ ; /shop/beer-premix-wine/collection/rose-wine/"
"ginger beer alcoholic","Commercial","Commercial","2400","23","secondary + tag","0","1","31","32","Category / Sub-category / Product / Blog","/shop/beer-premix-wine/ ; /shop/beer-premix-wine/collection/ginger-beer/ ; /shop/beer-premix-wine/collection/rose-wine/"
"wine deals","Commercial","Commercial","2400","23","secondary + tag","0","21","28","49","Category / Sub-category / Product","/shop/beer-premix-wine/ ; /shop/beer-premix-wine/collection/red-wine/ ; /shop/beer-premix-wine/collection/white-wine/"
"carbonated wine","Informational, Commercial","Commercial","2400","14","secondary + tag","0","21","18","39","Category / Sub-category / Product","/shop/beer-premix-wine/ ; /shop/beer-premix-wine/collection/red-wine/ ; /shop/beer-premix-wine/collection/white-wine/"
"suntory 196","Informational, Commercial","Commercial","2400","17","secondary + tag","0","1","1","2","Sub-category / Blog","/shop/whisky/collection/japanese-whisky/ ; /blog/why-japanese-whisky-became-a-global-obsession/"
"gold label johnnie walker","Informational, Commercial","Commercial","2400","17","secondary","0","4","0","4","Product","/shop/whisky/johnnie-walker-king-george-v-rare-edition/ ; /shop/whisky/johnnie-walker-15yo-sherry-scotch-whisky/ ; /shop/whisky/johnnie-walker-black-50ml-scotch-whisky/"
"johnnie walker red label","Informational, Commercial","Commercial","2400","20","secondary","0","4","0","4","Product","/shop/whisky/johnnie-walker-king-george-v-rare-edition/ ; /shop/whisky/johnnie-walker-15yo-sherry-scotch-whisky/ ; /shop/whisky/johnnie-walker-black-50ml-scotch-whisky/"
"royal salute 21","Informational, Commercial","Commercial","2400","12","secondary","0","1","0","1","Product","/shop/whisky/royal-salute-21-jodjpur-polo-50ml-scotch-whisky/"
"chivas regal 18","Informational, Commercial","Commercial","2400","16","secondary","0","2","0","2","Product","/shop/whisky/chivas-regal-18-year-old-gold-signature-scotch-whisky/ ; /shop/whisky/chivas-regal-18-year-old-pauillac-cask-finish-blended-scotch-whisky/"
"vodka cruisers","Informational","Informational","2400","24","secondary","0","2","0","2","Blog","/blog/how-vodka-is-made/ ; /blog/vodka-brands-absolut-skyy-titos-how-to-choose/"
"espolon tequila","Informational, Commercial","Commercial","2400","19","tag","0","0","3","3","Blog","/blog/tequila-aging-guide-blanco-reposado-anejo/ ; /blog/mezcal-vs-tequila-difference/ ; /blog/anejo-tequila-guide-reposado-blanco-brands/"
"ink gin","Navigational","Navigational","2400","28","secondary","0","1","0","1","Blog","/blog/london-dry-vs-contemporary-gin/"
"amaro montenegro","Informational","Informational","2400","17","secondary","0","2","0","2","Blog","/blog/amaro-101-italy-bittersweet-tradition/ ; /blog/what-is-vermouth-sweet-dry-cocktails/"
"cider australia","Informational","Informational","2400","17","secondary","0","1","0","1","Blog","/blog/guide-to-australian-craft-cider/"
"chivas whisky 12","Informational, Commercial","Commercial","2400","12","tag","0","0","2","2","Blog","/blog/how-to-store-and-cellar-rare-whisky/ ; /blog/beginners-guide-investing-in-rare-whisky/"
"sweet vermouth","Informational","Informational","2400","15","secondary","0","1","0","1","Blog","/blog/what-is-vermouth-sweet-dry-cocktails/"
"dry vermouth","Informational, Commercial","Commercial","2400","12","tag","0","0","1","1","Blog","/blog/what-is-vermouth-sweet-dry-cocktails/"
"pilsner","Commercial","Commercial","2400","17","tag","0","0","1","1","Blog","/blog/german-beer-guide-german-wheat-weissbier-pilsner/"
"ciroc vodka","Informational, Commercial","Commercial","1900","11","primary + secondary + tag","1","10","47","58","Category / Sub-category / Product / Blog","/shop/spirit/ ; /shop/spirit/collection/polish-vodka/ ; /shop/spirit/collection/mezcal/"
"bacardi white rum","Informational, Commercial","Commercial","1900","14","primary + secondary + tag","1","17","48","66","Category / Sub-category / Product / Blog","/shop/spirit/ ; /shop/spirit/collection/mezcal/ ; /shop/spirit/collection/spiced-rum/"
"martell","Commercial","Commercial","1900","15","primary + secondary + tag","1","34","3","38","Sub-category / Product","/shop/spirit/collection/cognac-brandy/ ; /shop/spirit/louis-xiii-de-remy-martin-grande-champagne-cognac/ ; /shop/spirit/martell-blue-swift-cognac-brandy/"
"grenache red","Informational, Transactional","Transactional","1900","15","primary + secondary","1","1","0","2","Sub-category","/shop/beer-premix-wine/collection/red-wine/ ; /shop/beer-premix-wine/collection/grenache/"
"royal salute","Commercial","Commercial","1900","14","primary + secondary","1","9","0","10","Product","/shop/whisky/royal-salute-38-year-old-stone-of-destiny/ ; /shop/whisky/royal-salute-21-jodjpur-polo-50ml-scotch-whisky/ ; /shop/whisky/royal-salute-21yo-polo-estancia-edition-scotch-whisky/"
"laphroaig 10","Informational, Commercial","Commercial","1900","17","primary + secondary","1","1","0","2","Product","/shop/whisky/laphroaig-10-glass-pack-scotch-whisky/ ; /shop/whisky/laphroaig-10-sherry-oak-scotch-whisky/"
"malfy gin","Navigational, Commercial","Commercial","1900","25","primary + tag","1","0","2","3","Product / Blog","/shop/spirit/malfy-gin-amarena/ ; /blog/london-dry-vs-contemporary-gin/ ; /blog/pink-gin-and-soda-what-is-pink-gin/"
"australian beer","Informational","Informational","1900","22","primary + secondary","1","1","0","2","Blog","/blog/german-beer-guide-german-wheat-weissbier-pilsner/ ; /blog/australian-beer-guide-lager-vb-craft-brands/"
"whiskey gifts australia","Commercial","Commercial","1900","14","secondary","0","1","0","1","Page","/contact/"
"gin gift packs","Commercial","Commercial","1900","13","secondary + tag","0","13","43","56","Page / Category / Sub-category / Product / Blog","/contact/ ; /shop/spirit/ ; /shop/spirit/collection/mezcal/"
"macallan whiskey","Informational, Commercial","Commercial","1900","21","secondary + tag","0","80","10","90","Category / Sub-category / Product / Blog","/shop/whisky/ ; /shop/whisky/collection/scotch-whisky/ ; /shop/whisky/macallan-25-year-old-sherry-oak-single-malt/"
"bourbon whiskey kentucky straight","Informational, Commercial","Commercial","1900","9","secondary + tag","0","15","5","20","Category / Sub-category / Product / Blog","/shop/whisky/ ; /shop/whisky/collection/bourbon/ ; /shop/whisky/pappy-van-winkle-15-year-old-family-reserve/"
"buffalo trace bourbon","Commercial","Commercial","1900","13","secondary + tag","0","15","5","20","Category / Sub-category / Product / Blog","/shop/whisky/ ; /shop/whisky/collection/bourbon/ ; /shop/whisky/pappy-van-winkle-15-year-old-family-reserve/"
"rum with spices","Informational, Commercial","Commercial","1900","23","secondary + tag","0","18","45","63","Category / Sub-category / Product / Blog","/shop/spirit/ ; /shop/spirit/collection/mezcal/ ; /shop/spirit/collection/spiced-rum/"
"germain liqueur","Informational, Commercial","Commercial","1900","24","secondary + tag","0","11","43","54","Category / Sub-category / Product / Blog","/shop/spirit/ ; /shop/spirit/collection/mezcal/ ; /shop/spirit/collection/baijiu/"
"ipa ale beer","Commercial","Commercial","1900","17","secondary + tag","0","12","18","30","Category / Sub-category / Product / Blog","/shop/beer-premix-wine/ ; /shop/beer-premix-wine/collection/imported-beer/ ; /shop/beer-premix-wine/collection/australian-beer/"
"pale ale style beer","Informational, Commercial","Commercial","1900","21","secondary + tag","0","12","15","27","Category / Sub-category / Product","/shop/beer-premix-wine/ ; /shop/beer-premix-wine/collection/imported-beer/ ; /shop/beer-premix-wine/collection/australian-beer/"
"brookvale ginger beer","Commercial","Commercial","1900","11","secondary + tag","0","2","15","17","Category / Sub-category / Product / Blog","/shop/beer-premix-wine/ ; /shop/beer-premix-wine/collection/ginger-beer/ ; /shop/beer-premix-wine/ginger-kid-ginger-beer/"
"coopers sparkling ale","Informational, Commercial","Commercial","1900","21","secondary + tag","0","10","14","24","Category / Sub-category / Product","/shop/beer-premix-wine/ ; /shop/beer-premix-wine/collection/sparkling/ ; /shop/beer-premix-wine/collection/australian-beer/"
"somersby cider","Informational, Commercial","Commercial","1900","18","secondary + tag","0","7","15","22","Category / Sub-category / Product / Blog","/shop/beer-premix-wine/ ; /shop/beer-premix-wine/collection/port-wine/ ; /shop/beer-premix-wine/collection/cider/"
"monster energy drinks","Commercial","Commercial","1900","27","secondary","0","13","0","13","Category / Sub-category / Product","/shop/other/ ; /shop/other/collection/mixers-water-condiments/ ; /shop/other/san-pel-plastic-1l-mixers-water-condiments/"
"martell blue swift","Informational, Commercial","Commercial","1900","12","secondary + tag","0","30","8","38","Sub-category / Product","/shop/spirit/collection/cognac-brandy/ ; /shop/spirit/louis-xiii-de-remy-martin-grande-champagne-cognac/ ; /shop/spirit/martell-blue-swift-cognac-brandy/"
"johnnie walker blue","Informational, Commercial","Commercial","1900","23","secondary","0","4","0","4","Product","/shop/whisky/johnnie-walker-king-george-v-rare-edition/ ; /shop/whisky/johnnie-walker-15yo-sherry-scotch-whisky/ ; /shop/whisky/johnnie-walker-black-50ml-scotch-whisky/"
"chandon champagne","Commercial","Commercial","1900","28","secondary + tag","0","1","2","3","Product / Blog","/shop/beer-premix-wine/chandon-sparkling-rose-rose-wine/ ; /blog/champagne-vs-sparkling-wine-vs-port/ ; /blog/champagne-rose-brut-guide-veuve-clicquot-krug/"
"scotch chivas regal 12","Informational, Commercial","Commercial","1900","11","secondary + tag","0","1","1","2","Product / Blog","/shop/whisky/chivas-regal-12-year-old-signature-blend-blended-scotch-whisky/ ; /blog/single-malt-vs-blended-scotch/"
"jim beam bourbon","Informational, Commercial","Commercial","1900","18","secondary + tag","0","3","1","4","Product / Blog","/shop/whisky/jim-beam-white-label-kentucky-bourbon-whiskey/ ; /shop/whisky/jim-beam-white-label-40-kentucky-straight-bourbon-whiskey/ ; /shop/whisky/jim-beam-8-year-old-pin-bottle-235th-anniversary-2025-limited-edition-kentucky-straight-bourbon-whiskey/"
"gordons london dry gin","Informational, Commercial","Commercial","1900","16","tag","0","0","2","2","Blog","/blog/london-dry-vs-contemporary-gin/ ; /blog/pink-gin-and-soda-what-is-pink-gin/"
"st henri shiraz","Informational","Informational","1900","16","secondary","0","1","0","1","Blog","/blog/how-to-choose-red-wine/"
"perrier jouet champagne","Commercial","Commercial","1900","12","tag","0","0","2","2","Blog","/blog/champagne-vs-sparkling-wine-vs-port/ ; /blog/champagne-rose-brut-guide-veuve-clicquot-krug/"
"dom perignon champagne","Informational, Commercial","Commercial","1900","18","tag","0","0","2","2","Blog","/blog/champagne-vs-sparkling-wine-vs-port/ ; /blog/champagne-rose-brut-guide-veuve-clicquot-krug/"
"alcoholic ginger beer plant","Informational","Informational","1900","16","secondary","0","2","0","2","Blog","/blog/best-mixers-for-home-bar/ ; /blog/german-beer-guide-german-wheat-weissbier-pilsner/"
"goat beer","Navigational","Navigational","1900","27","secondary","0","1","0","1","Blog","/blog/german-beer-guide-german-wheat-weissbier-pilsner/"
"amaretto liqueur","Informational","Informational","1900","17","secondary","0","1","0","1","Blog","/blog/popular-liqueurs-licor-43-sour-puss-elderflower-amaretto/"
"wine pinot","Informational, Transactional","Transactional","1600","23","primary + secondary","1","2","0","3","Sub-category","/shop/beer-premix-wine/collection/red-wine/ ; /shop/beer-premix-wine/collection/white-wine/ ; /shop/beer-premix-wine/collection/pinot-grigio/"
"strongbow cider","Informational, Commercial","Commercial","1600","17","primary + secondary + tag","1","6","9","16","Sub-category / Product / Blog","/shop/beer-premix-wine/collection/port-wine/ ; /shop/beer-premix-wine/collection/cider/ ; /shop/beer-premix-wine/penfolds-30yo-great-grandfather-port/"
"gin delivery","Informational, Commercial","Commercial","1600","12","secondary + tag","0","13","24","37","Page / Category / Sub-category / Product / Blog","/shipping/ ; /shop/spirit/ ; /shop/spirit/collection/gin/"
"gin gift set australia","Informational, Commercial","Commercial","1600","13","secondary + tag","0","13","22","35","Page / Category / Sub-category / Product / Blog","/contact/ ; /shop/spirit/ ; /shop/spirit/collection/gin/"
"scotch whiskey","Commercial","Commercial","1600","17","secondary + tag","0","77","20","97","Category / Sub-category / Product / Blog","/shop/whisky/ ; /shop/whisky/collection/scotch-whisky/ ; /shop/whisky/collection/irish-whiskey/"
"whisky malt single","Commercial","Commercial","1600","13","secondary + tag","0","57","34","91","Category / Sub-category / Product / Blog","/shop/whisky/ ; /shop/whisky/collection/scotch-whisky/ ; /shop/whisky/macallan-25-year-old-sherry-oak-single-malt/"
"singleton whiskey","Commercial","Commercial","1600","14","secondary + tag","0","54","35","89","Category / Sub-category / Product","/shop/whisky/ ; /shop/whisky/collection/scotch-whisky/ ; /shop/whisky/macallan-25-year-old-sherry-oak-single-malt/"
"jim beam bourbon whiskey","Informational, Commercial","Commercial","1600","23","secondary + tag","0","15","5","20","Category / Sub-category / Product / Blog","/shop/whisky/ ; /shop/whisky/collection/bourbon/ ; /shop/whisky/pappy-van-winkle-15-year-old-family-reserve/"
"whisky buffalo trace bourbon","Informational, Commercial","Commercial","1600","11","secondary + tag","0","15","7","22","Category / Sub-category / Product / Blog","/shop/whisky/ ; /shop/whisky/collection/bourbon/ ; /shop/whisky/pappy-van-winkle-15-year-old-family-reserve/"
"cruiser vodka","Informational, Transactional","Transactional","1600","17","secondary","0","6","0","6","Category / Sub-category / Product","/shop/spirit/ ; /shop/spirit/collection/french-vodka/ ; /shop/spirit/collection/russian-vodka/"
"don julio tequila","Commercial","Commercial","1600","17","secondary + tag","0","13","42","55","Category / Sub-category / Product / Blog","/shop/spirit/ ; /shop/spirit/collection/don-julio/ ; /shop/spirit/don-julio-1942-ultima-reserva-extra-anejo/"
"sierra tequila","Commercial","Commercial","1600","12","secondary + tag","0","15","41","56","Category / Sub-category / Product / Blog","/shop/spirit/ ; /shop/spirit/collection/white-tequila/ ; /shop/spirit/collection/gold-tequila/"
"coconut rum","Informational, Commercial","Commercial","1600","18","secondary + tag","0","8","29","37","Category / Sub-category / Product / Blog","/shop/spirit/ ; /shop/spirit/collection/spiced-rum/ ; /shop/spirit/kweichow-moutai-flying-fairy-baijiu-53-percent/"
"aussie beer","Informational, Commercial","Commercial","1600","26","secondary + tag","0","11","15","26","Category / Sub-category / Product","/shop/beer-premix-wine/ ; /shop/beer-premix-wine/collection/lager/ ; /shop/beer-premix-wine/collection/australian-beer/"
"peroni beer","Informational, Commercial","Commercial","1600","13","secondary + tag","0","9","13","22","Category / Sub-category / Product","/shop/beer-premix-wine/ ; /shop/beer-premix-wine/collection/imported-beer/ ; /shop/beer-premix-wine/collection/german-beer/"
"zero alcohol beer","Commercial","Commercial","1600","25","secondary + tag","0","4","13","17","Category / Sub-category / Product / Blog","/shop/beer-premix-wine/ ; /shop/beer-premix-wine/collection/non-alcoholic-beer/ ; /shop/beer-premix-wine/clausthaler-original-500ml/"
"chardonnay wine","Informational, Commercial","Commercial","1600","22","secondary + tag","0","21","14","35","Category / Sub-category / Product / Blog","/shop/beer-premix-wine/ ; /shop/beer-premix-wine/collection/red-wine/ ; /shop/beer-premix-wine/collection/white-wine/"
"sparkling shiraz","Informational, Commercial","Commercial","1600","10","secondary + tag","0","7","12","19","Category / Sub-category / Product / Blog","/shop/beer-premix-wine/ ; /shop/beer-premix-wine/collection/sparkling/ ; /shop/beer-premix-wine/dom-perignon-vintage-rose-champagne-2008/"
"mercury cider","Commercial","Commercial","1600","10","secondary + tag","0","7","11","18","Category / Sub-category / Product / Blog","/shop/beer-premix-wine/ ; /shop/beer-premix-wine/collection/port-wine/ ; /shop/beer-premix-wine/collection/cider/"
"soju alcohol","Commercial","Commercial","1600","26","secondary + tag","0","13","1","14","Category / Sub-category / Product / Blog","/shop/other/ ; /shop/other/collection/soju/ ; /shop/other/ilpoom-jinro-1924-heritage-premium-soju/"
"white monster energy drink","Informational, Commercial","Commercial","1600","28","secondary","0","13","0","13","Category / Sub-category / Product","/shop/other/ ; /shop/other/collection/mixers-water-condiments/ ; /shop/other/san-pel-plastic-1l-mixers-water-condiments/"
"rockstar energy drink","Informational, Transactional","Transactional","1600","22","secondary","0","2","0","2","Category / Sub-category","/shop/other/ ; /shop/other/collection/mixers-water-condiments/"
"japanese gin","Commercial","Commercial","1600","17","secondary + tag","0","24","2","26","Sub-category / Product / Blog","/shop/whisky/collection/japanese-whisky/ ; /shop/whisky/nikka-taketsuru-21-year-old-pure-malt/ ; /shop/whisky/yamazaki-18-year-old-single-malt-japanese-whisky/"
"grey goose 1l","Commercial","Commercial","1600","17","secondary + tag","0","2","1","3","Sub-category / Product / Blog","/shop/spirit/collection/grey-goose/ ; /shop/spirit/grey-goose-1l-grey-goose/ ; /blog/grey-goose-vs-belvedere-vodka-compared/"
"cafe patron","Informational, Commercial","Commercial","1600","12","secondary + tag","0","1","12","13","Sub-category / Product / Blog","/shop/spirit/collection/patron/ ; /shop/spirit/gran-patron-burdeos-extra-anejo-tequila/ ; /shop/spirit/patron-50ml-collection-patron/"
"kraken black spiced rum","Informational, Transactional","Transactional","1600","24","secondary","0","8","0","8","Sub-category / Product","/shop/spirit/collection/spiced-rum/ ; /shop/spirit/collection/white-rum/ ; /shop/spirit/collection/rum/"
"martell swift blue","Informational, Commercial","Commercial","1600","11","secondary + tag","0","30","8","38","Sub-category / Product","/shop/spirit/collection/cognac-brandy/ ; /shop/spirit/louis-xiii-de-remy-martin-grande-champagne-cognac/ ; /shop/spirit/martell-blue-swift-cognac-brandy/"
"hennessy cognac","Informational, Transactional","Transactional","1600","23","secondary","0","4","0","4","Sub-category / Product","/shop/spirit/collection/cognac-brandy/ ; /shop/spirit/hennessy-master-blender-no5-cognac-brandy/ ; /shop/spirit/hennessy-vsop-cognac-brandy/"
"mountain goat beer","Navigational, Transactional","Transactional","1600","27","secondary","0","3","0","3","Sub-category","/shop/beer-premix-wine/collection/lager/ ; /shop/beer-premix-wine/collection/australian-beer/ ; /shop/beer-premix-wine/collection/german-beer/"
"sugar free syrup","Commercial","Commercial","1600","12","secondary","0","6","0","6","Sub-category / Product","/shop/beer-premix-wine/collection/zero-sugar-seltzers/ ; /shop/beer-premix-wine/d9-sparkling-grape-zero-sugar/ ; /shop/beer-premix-wine/d9-strong-sparkling-grape-zero-sugar/"
"black label johnnie walker","Informational, Commercial","Commercial","1600","15","secondary","0","4","0","4","Product","/shop/whisky/johnnie-walker-king-george-v-rare-edition/ ; /shop/whisky/johnnie-walker-15yo-sherry-scotch-whisky/ ; /shop/whisky/johnnie-walker-black-50ml-scotch-whisky/"
"johnnie walker double black","Informational, Commercial","Commercial","1600","21","secondary","0","4","0","4","Product","/shop/whisky/johnnie-walker-king-george-v-rare-edition/ ; /shop/whisky/johnnie-walker-15yo-sherry-scotch-whisky/ ; /shop/whisky/johnnie-walker-black-50ml-scotch-whisky/"
"johnnie walker green label","Informational, Commercial","Commercial","1600","25","secondary","0","4","0","4","Product","/shop/whisky/johnnie-walker-king-george-v-rare-edition/ ; /shop/whisky/johnnie-walker-15yo-sherry-scotch-whisky/ ; /shop/whisky/johnnie-walker-black-50ml-scotch-whisky/"
"gordons gin","Commercial","Commercial","1600","17","secondary + tag","0","2","1","3","Product / Blog","/shop/spirit/gordons-gin-1l/ ; /shop/spirit/gordons-gin/ ; /blog/london-dry-vs-contemporary-gin/"
"tanqueray","Informational, Commercial","Commercial","1600","22","secondary","0","1","0","1","Product","/shop/spirit/tanqueray-50ml-gin/"
"alize alcohol","Informational, Transactional","Transactional","1600","13","secondary","0","2","0","2","Product","/shop/spirit/alize-bleu-cognac-brandy/ ; /shop/spirit/alize-gold-750-cognac-brandy/"
"jim beam 1 litre","Commercial","Commercial","1600","11","secondary","0","1","0","1","Product","/shop/whisky/jim-beam-white-label-40-kentucky-straight-bourbon-whiskey/"
"krug","Informational, Transactional","Transactional","1600","22","secondary","0","1","0","1","Product","/shop/beer-premix-wine/krug-grande-cuvee-brut-m-v-half-bottle-champagne/"
"haku vodka","Informational, Commercial","Commercial","1600","27","tag","0","0","2","2","Blog","/blog/how-vodka-is-made/ ; /blog/vodka-brands-absolut-skyy-titos-how-to-choose/"
"spices in spiced rum","Informational","Informational","1600","15","secondary","0","2","0","2","Blog","/blog/white-spiced-dark-rum-guide/ ; /blog/malibu-rum-and-coconut-rum-what-they-are/"
"baileys chocolate","Informational","Informational","1600","17","secondary","0","1","0","1","Blog","/blog/best-cream-coffee-liqueurs-for-cocktails/"
"alcohol content soju","Informational","Informational","1600","25","secondary","0","1","0","1","Blog","/blog/soju-explained-koreas-spirit/"
"pink moscato","Informational","Informational","1600","10","secondary","0","2","0","2","Blog","/blog/white-wine-styles-explained/ ; /blog/pink-gin-and-soda-what-is-pink-gin/"
"chivas whisky 18","Informational, Commercial","Commercial","1600","13","tag","0","0","2","2","Blog","/blog/how-to-store-and-cellar-rare-whisky/ ; /blog/beginners-guide-investing-in-rare-whisky/"
"sovereign blanc wine","Informational","Informational","1600","23","secondary","0","1","0","1","Blog","/blog/sauvignon-blanc-guide-low-alcohol-cooking-pairing/"
"india pale ale","Informational","Informational","1600","28","secondary","0","1","0","1","Blog","/blog/what-is-ipa-beer-india-pale-ale-explained/"
"cherry liqueur","Informational","Informational","1600","10","secondary","0","1","0","1","Blog","/blog/popular-liqueurs-licor-43-sour-puss-elderflower-amaretto/"
"caffe liqueur","Informational","Informational","1600","9","secondary","0","1","0","1","Blog","/blog/popular-liqueurs-licor-43-sour-puss-elderflower-amaretto/"
"nikka whiskey","Informational, Transactional","Transactional","1300","18","primary + secondary","1","2","0","3","Category / Sub-category / Blog","/shop/whisky/ ; /shop/whisky/collection/japanese-whisky/ ; /blog/why-japanese-whisky-became-a-global-obsession/"
"wild turkey bourbon","Informational, Commercial","Commercial","1300","16","primary + secondary + tag","1","15","5","21","Category / Sub-category / Product / Blog","/shop/whisky/ ; /shop/whisky/collection/bourbon/ ; /shop/whisky/pappy-van-winkle-15-year-old-family-reserve/"
"glendronach","Informational","Informational","1300","16","primary","1","0","0","1","Product","/shop/whisky/glendronach-12yo-50ml-scotch-whisky/"
"laphroaig 10 islay","Informational, Commercial","Commercial","1300","12","primary + secondary","1","1","0","2","Product","/shop/whisky/laphroaig-10-glass-pack-scotch-whisky/ ; /shop/whisky/laphroaig-10-sherry-oak-scotch-whisky/"
"teremana tequila","Informational, Commercial","Commercial","1300","19","primary + tag","1","0","2","3","Product / Blog","/shop/spirit/teremana-blanco-tequila/ ; /blog/tequila-aging-guide-blanco-reposado-anejo/ ; /blog/anejo-tequila-guide-reposado-blanco-brands/"
"kraken booze","Informational, Transactional","Transactional","1300","17","primary + secondary","1","4","0","5","Product","/shop/spirit/kraken-50ml-spiced-rum/ ; /shop/spirit/kraken-94-proof-spiced-rum/ ; /shop/spirit/kraken-black-cherry-vanilla-spiced-rum/"
"bombay gin","Informational, Commercial","Commercial","1300","17","primary + tag","1","0","1","2","Product / Blog","/shop/spirit/bombay-sapphire-gin/ ; /blog/london-dry-vs-contemporary-gin/"
"hoegaarden","Informational","Informational","1300","14","primary","1","0","0","1","Product","/shop/beer-premix-wine/hoegaarden-wheat-beer/"
"laurent perrier champagne","Commercial","Commercial","1300","13","primary + secondary + tag","1","6","2","9","Product / Blog","/shop/beer-premix-wine/laurent-perrier-cuvee-rose-rose-wine/ ; /shop/beer-premix-wine/laurent-perrier-brut-nogb-sparkling-wine/ ; /shop/beer-premix-wine/laurent-perrier-la-cuvee-brut-champagne-nv/"
"jack daniels jack","Informational","Informational","1300","13","primary","1","0","0","1","Product","/shop/other/jack-daniels-sweet-spicy-bbq-sauce-mixers-water-condiments/"
"krug champagne","Informational, Transactional","Transactional","1300","23","primary","1","0","0","1","Product","/shop/beer-premix-wine/krug-grande-cuvee-brut-m-v-half-bottle-champagne/"
"soju alcohol percentage","Informational","Informational","1300","18","primary","1","0","0","1","Blog","/blog/soju-explained-koreas-spirit/"
"premix","Informational","Informational","1300","15","primary","1","0","0","1","Blog","/blog/ready-to-drink-premix-trend/"
"single malt scotch whisky","Commercial","Commercial","1300","15","secondary + tag","0","24","69","93","Page / Category / Sub-category / Product / Blog","/about/ ; /shop/whisky/ ; /shop/whisky/collection/scotch-whisky/"
"how to make limoncello","Informational","Informational","1300","26","secondary","0","1","0","1","Page","/faq/"
"bushmills whiskey","Informational, Transactional","Transactional","1300","16","secondary","0","2","0","2","Category / Sub-category","/shop/whisky/ ; /shop/whisky/collection/irish-whiskey/"
"dalmore whisky","Commercial","Commercial","1300","13","secondary + tag","0","32","59","91","Category / Sub-category / Product / Blog","/shop/whisky/ ; /shop/whisky/collection/scotch-whisky/ ; /shop/whisky/macallan-25-year-old-sherry-oak-single-malt/"
"whiskey bourbon jim beam","Informational, Commercial","Commercial","1300","22","secondary + tag","0","15","5","20","Category / Sub-category / Product / Blog","/shop/whisky/ ; /shop/whisky/collection/bourbon/ ; /shop/whisky/pappy-van-winkle-15-year-old-family-reserve/"
"buffalo trace kentucky bourbon","Commercial","Commercial","1300","16","secondary + tag","0","15","5","20","Category / Sub-category / Product / Blog","/shop/whisky/ ; /shop/whisky/collection/bourbon/ ; /shop/whisky/pappy-van-winkle-15-year-old-family-reserve/"
"rye whiskey","Informational, Commercial","Commercial","1300","16","secondary + tag","0","17","3","20","Category / Sub-category / Product / Blog","/shop/whisky/ ; /shop/whisky/collection/rye-whiskey/ ; /shop/whisky/collection/irish-whiskey/"
"vodka bottle","Commercial","Commercial","1300","16","secondary + tag","0","24","34","58","Category / Sub-category / Product / Blog","/shop/spirit/ ; /shop/spirit/collection/french-vodka/ ; /shop/spirit/collection/russian-vodka/"
"xo tequila patron cafe","Informational, Commercial","Commercial","1300","16","secondary + tag","0","1","31","32","Category / Sub-category / Product / Blog","/shop/spirit/ ; /shop/spirit/collection/patron/ ; /shop/spirit/gran-patron-burdeos-extra-anejo-tequila/"
"bacardi rum","Informational, Commercial","Commercial","1300","18","secondary + tag","0","14","25","39","Category / Sub-category / Product / Blog","/shop/spirit/ ; /shop/spirit/collection/spiced-rum/ ; /shop/spirit/collection/white-rum/"
"dark rum","Informational, Commercial","Commercial","1300","12","secondary + tag","0","11","23","34","Category / Sub-category / Product / Blog","/shop/spirit/ ; /shop/spirit/collection/spiced-rum/ ; /shop/spirit/collection/white-rum/"
"black sambuca","Informational, Commercial","Commercial","1300","14","secondary + tag","0","6","12","18","Category / Sub-category / Product","/shop/spirit/ ; /shop/spirit/collection/baijiu/ ; /shop/spirit/collection/sambuca/"
"jinro soju","Informational, Transactional","Transactional","1300","14","secondary","0","3","0","3","Category / Sub-category / Product","/shop/other/ ; /shop/other/collection/soju/ ; /shop/other/ilpoom-jinro-1924-heritage-premium-soju/"
"nikka from the barrel","Informational, Commercial","Commercial","1300","18","secondary + tag","0","24","1","25","Sub-category / Product / Blog","/shop/whisky/collection/japanese-whisky/ ; /shop/whisky/nikka-taketsuru-21-year-old-pure-malt/ ; /shop/whisky/yamazaki-18-year-old-single-malt-japanese-whisky/"
"irish cream","Informational, Transactional","Transactional","1300","26","secondary","0","1","0","1","Sub-category","/shop/spirit/collection/baileys-irish-cream/"
"jameson irish whiskey","Informational, Transactional","Transactional","1300","17","secondary","0","2","0","2","Sub-category","/shop/spirit/collection/baileys-irish-cream/ ; /shop/whisky/collection/irish-whiskey/"
"saint germain cafe","Commercial","Commercial","1300","28","secondary","0","6","0","6","Sub-category / Product","/shop/spirit/collection/orange-liqueur/ ; /shop/spirit/1800-guachimonton-orange-liqueur/ ; /shop/spirit/cointreau-50ml-orange-liqueur/"
"campari negroni","Informational, Commercial","Commercial","1300","19","secondary + tag","0","11","2","13","Sub-category / Product / Blog","/shop/spirit/collection/amaro/ ; /shop/spirit/chartreuse-vep-green-herbal-liqueur/ ; /shop/spirit/amaro-averna/"
"stone and wood beer","Navigational, Commercial","Commercial","1300","20","secondary + tag","0","11","9","20","Sub-category / Product","/shop/beer-premix-wine/collection/lager/ ; /shop/beer-premix-wine/collection/australian-beer/ ; /shop/beer-premix-wine/collection/german-beer/"
"beer mx","Commercial","Commercial","1300","17","secondary + tag","0","11","2","13","Sub-category / Product","/shop/beer-premix-wine/collection/lager/ ; /shop/beer-premix-wine/collection/australian-beer/ ; /shop/beer-premix-wine/collection/german-beer/"
"mid strength beer","Informational, Commercial","Commercial","1300","12","secondary + tag","0","12","4","16","Sub-category / Product / Blog","/shop/beer-premix-wine/collection/lager/ ; /shop/beer-premix-wine/collection/australian-beer/ ; /shop/beer-premix-wine/collection/low-carb-beer/"
"zero carb beer","Commercial","Commercial","1300","11","secondary + tag","0","7","2","9","Sub-category / Product / Blog","/shop/beer-premix-wine/collection/lager/ ; /shop/beer-premix-wine/collection/low-carb-beer/ ; /shop/beer-premix-wine/budweiser-330ml-lager/"
"low calorie beer","Informational, Commercial","Commercial","1300","12","secondary + tag","0","7","2","9","Sub-category / Product / Blog","/shop/beer-premix-wine/collection/lager/ ; /shop/beer-premix-wine/collection/low-carb-beer/ ; /shop/beer-premix-wine/budweiser-330ml-lager/"
"byron bay beer","Informational, Commercial","Commercial","1300","12","secondary + tag","0","5","1","6","Sub-category / Product","/shop/beer-premix-wine/collection/lager/ ; /shop/beer-premix-wine/budweiser-330ml-lager/ ; /shop/beer-premix-wine/corona-brown-box-355-bottles-lager/"
"mythos beer","Commercial","Commercial","1300","16","secondary + tag","0","9","1","10","Sub-category / Product","/shop/beer-premix-wine/collection/imported-beer/ ; /shop/beer-premix-wine/collection/german-beer/ ; /shop/beer-premix-wine/corona-brown-box-355-bottles-imported-beer/"
"xpa beer","Informational, Commercial","Commercial","1300","12","secondary","0","8","0","8","Sub-category / Product","/shop/beer-premix-wine/collection/imported-beer/ ; /shop/beer-premix-wine/corona-brown-box-355-bottles-imported-beer/ ; /shop/beer-premix-wine/heineken-500ml-imported-beer/"
"chang beer","Informational, Transactional","Transactional","1300","18","secondary","0","2","0","2","Sub-category","/shop/beer-premix-wine/collection/imported-beer/ ; /shop/beer-premix-wine/collection/german-beer/"
"india pale ale beer","Informational, Transactional","Transactional","1300","12","secondary","0","2","0","2","Sub-category","/shop/beer-premix-wine/collection/imported-beer/ ; /shop/beer-premix-wine/collection/australian-beer/"
"great northern ginger beer","Informational, Commercial","Commercial","1300","10","secondary + tag","0","1","2","3","Sub-category / Product / Blog","/shop/beer-premix-wine/collection/ginger-beer/ ; /shop/beer-premix-wine/ginger-kid-ginger-beer/ ; /blog/best-mixers-for-home-bar/"
"matso ginger beer","Commercial","Commercial","1300","11","secondary + tag","0","1","2","3","Sub-category / Product / Blog","/shop/beer-premix-wine/collection/ginger-beer/ ; /shop/beer-premix-wine/ginger-kid-ginger-beer/ ; /blog/best-mixers-for-home-bar/"
"green ginger","Informational, Transactional","Transactional","1300","20","secondary","0","1","0","1","Sub-category","/shop/beer-premix-wine/collection/ginger-beer/"
"white wines","Commercial","Commercial","1300","18","secondary","0","11","0","11","Sub-category / Product","/shop/beer-premix-wine/collection/white-wine/ ; /shop/beer-premix-wine/alexanderhill-chardonnay-white-wine/ ; /shop/beer-premix-wine/alexanderhill-rose-white-wine/"
"sweet white wine","Informational, Commercial","Commercial","1300","12","secondary + tag","0","11","1","12","Sub-category / Product / Blog","/shop/beer-premix-wine/collection/white-wine/ ; /shop/beer-premix-wine/alexanderhill-chardonnay-white-wine/ ; /shop/beer-premix-wine/alexanderhill-rose-white-wine/"
"merlot wine","Informational, Commercial","Commercial","1300","20","secondary + tag","0","11","2","13","Sub-category / Product / Blog","/shop/beer-premix-wine/collection/white-wine/ ; /shop/beer-premix-wine/alexanderhill-chardonnay-white-wine/ ; /shop/beer-premix-wine/alexanderhill-rose-white-wine/"
"sauvignon blanc wine","Informational, Transactional","Transactional","1300","21","secondary","0","2","0","2","Sub-category","/shop/beer-premix-wine/collection/white-wine/ ; /shop/beer-premix-wine/collection/sauvignon-blanc/"
"sparkling","Informational, Transactional","Transactional","1300","24","secondary","0","2","0","2","Sub-category / Product","/shop/beer-premix-wine/collection/sparkling/ ; /shop/beer-premix-wine/gh-mumm-corodn-rouge-brut-sparkling-wine/"
"premixed drinks","Commercial","Commercial","1300","18","secondary + tag","0","12","2","14","Sub-category / Product / Blog","/shop/beer-premix-wine/collection/vodka-premix/ ; /shop/beer-premix-wine/24-ice-frozen-cocktails-5pack-vodka-premix/ ; /shop/beer-premix-wine/24-ice-gin-tonic/"
"johnnie walker black","Commercial","Commercial","1300","28","secondary","0","4","0","4","Product","/shop/whisky/johnnie-walker-king-george-v-rare-edition/ ; /shop/whisky/johnnie-walker-15yo-sherry-scotch-whisky/ ; /shop/whisky/johnnie-walker-black-50ml-scotch-whisky/"
"ciroc","Informational, Commercial","Commercial","1300","17","secondary","0","1","0","1","Product","/shop/spirit/ciroc-pineapple-french-vodka/"
"piper champagne","Informational, Transactional","Transactional","1300","17","secondary","0","1","0","1","Product","/shop/beer-premix-wine/piper-heidsieck-champagne-cuvee-sparkling-wine/"
"balvenie","Informational, Transactional","Transactional","1300","19","secondary","0","3","0","3","Product","/shop/whisky/balvenie-12-year-old-golden-cask-rum-cask-finish-single-malt-scotch-whisky/ ; /shop/whisky/balvenie-16-year-old-french-oak-pineau-cask-single-malt-scotch-whisky/ ; /shop/whisky/balvenie-25-year-old-rare-marriages-single-malt-scotch-whisky/"
"vodka o","Informational","Informational","1300","12","secondary","0","2","0","2","Blog","/blog/how-vodka-is-made/ ; /blog/vodka-brands-absolut-skyy-titos-how-to-choose/"
"skyy vodka","Informational, Commercial","Commercial","1300","16","tag","0","0","2","2","Blog","/blog/how-vodka-is-made/ ; /blog/vodka-brands-absolut-skyy-titos-how-to-choose/"
"st agnes brandy","Informational","Informational","1300","8","secondary","0","1","0","1","Blog","/blog/cognac-vs-brandy-explained/"
"gordon's gin","Commercial","Commercial","1300","17","tag","0","0","1","1","Blog","/blog/london-dry-vs-contemporary-gin/"
"white rum for pina colada","Informational","Informational","1300","17","secondary","0","2","0","2","Blog","/blog/white-spiced-dark-rum-guide/ ; /blog/malibu-rum-and-coconut-rum-what-they-are/"
"rum cocktails","Informational","Informational","1300","24","secondary","0","2","0","2","Blog","/blog/white-spiced-dark-rum-guide/ ; /blog/malibu-rum-and-coconut-rum-what-they-are/"
"australian lager","Informational","Informational","1300","19","secondary","0","2","0","2","Blog","/blog/lager-vs-imported-beer-buyers-guide/ ; /blog/australian-beer-guide-lager-vb-craft-brands/"
"pear cider","Informational","Informational","1300","14","secondary","0","1","0","1","Blog","/blog/guide-to-australian-craft-cider/"
"st hugo shiraz","Commercial","Commercial","1300","11","tag","0","0","1","1","Blog","/blog/how-to-choose-red-wine/"
"whisky red label johnnie walker","Informational","Informational","1300","12","secondary","0","2","0","2","Blog","/blog/macallan-sherry-cask-legacy/ ; /blog/beginners-guide-investing-in-rare-whisky/"
"royal salute whisky 21","Commercial","Commercial","1300","11","tag","0","0","2","2","Blog","/blog/how-to-store-and-cellar-rare-whisky/ ; /blog/beginners-guide-investing-in-rare-whisky/"
"patron xo cafe","Informational","Informational","1300","16","secondary","0","1","0","1","Blog","/blog/don-julio-vs-patron-tequila-compared/"
"patron cafe drinks","Informational","Informational","1300","21","secondary","0","1","0","1","Blog","/blog/don-julio-vs-patron-tequila-compared/"
"belvedere reservation","Informational","Informational","1300","22","secondary","0","1","0","1","Blog","/blog/grey-goose-vs-belvedere-vodka-compared/"
"belvedere griffith","Navigational","Navigational","1300","28","secondary","0","1","0","1","Blog","/blog/grey-goose-vs-belvedere-vodka-compared/"
"ipa and beer","Informational","Informational","1300","20","secondary","0","1","0","1","Blog","/blog/what-is-ipa-beer-india-pale-ale-explained/"
"beer brands","Informational","Informational","1300","23","secondary","0","1","0","1","Blog","/blog/german-beer-guide-german-wheat-weissbier-pilsner/"
"carton of beer","Informational","Informational","1300","15","secondary","0","1","0","1","Blog","/blog/german-beer-guide-german-wheat-weissbier-pilsner/"
"skyy liquor","Informational","Informational","1300","15","secondary","0","1","0","1","Blog","/blog/vodka-brands-absolut-skyy-titos-how-to-choose/"
"frangelico liqueur","Informational","Informational","1300","19","secondary","0","1","0","1","Blog","/blog/popular-liqueurs-licor-43-sour-puss-elderflower-amaretto/"
"sour puss alcohol","Commercial","Commercial","1300","14","tag","0","0","1","1","Blog","/blog/popular-liqueurs-licor-43-sour-puss-elderflower-amaretto/"
"australian beers","Informational","Informational","1300","28","secondary","0","1","0","1","Blog","/blog/australian-beer-guide-lager-vb-craft-brands/"
"vb can","Informational","Informational","1300","17","secondary","0","1","0","1","Blog","/blog/australian-beer-guide-lager-vb-craft-brands/"
"don julio blanco","Informational","Informational","1000","13","primary + secondary","3","1","0","3","Product / Blog","/shop/spirit/don-julio-blanco-don-julio/ ; /blog/tequila-aging-guide-blanco-reposado-anejo/ ; /blog/don-julio-vs-patron-tequila-compared/"
"what is cognac","Informational","Informational","1000","21","primary + secondary + faq","1","1","0","2","Page / Blog / FAQ","/faq/ ; /blog/cognac-vs-brandy-explained/"
"macallan whisky","Commercial","Commercial","1000","26","primary + secondary + tag","1","13","79","92","Category / Sub-category / Product / Blog","/shop/whisky/ ; /shop/whisky/collection/scotch-whisky/ ; /shop/whisky/macallan-25-year-old-sherry-oak-single-malt/"
"whiskey & rye","Informational, Transactional","Transactional","1000","13","primary","1","0","0","1","Sub-category","/shop/whisky/collection/rye-whiskey/"
"patron silver","Informational, Commercial","Commercial","1000","24","primary + secondary + tag","1","16","1","18","Sub-category / Product / Blog","/shop/spirit/collection/patron/ ; /shop/spirit/gran-patron-burdeos-extra-anejo-tequila/ ; /shop/spirit/patron-50ml-collection-patron/"
"jose cuervo tequila","Commercial","Commercial","1000","16","primary + secondary + tag","1","12","4","17","Sub-category / Product / Blog","/shop/spirit/collection/jose-cuervo/ ; /shop/spirit/collection/gold-tequila/ ; /shop/spirit/jose-cuervo-cristalino-anejo-jose-cuervo/"
"sparkling rose","Commercial","Commercial","1000","12","primary + secondary + tag","1","17","2","19","Sub-category / Product / Blog","/shop/beer-premix-wine/collection/rose-wine/ ; /shop/beer-premix-wine/collection/sparkling/ ; /shop/beer-premix-wine/dom-perignon-vintage-rose-champagne-2008/"
"double black smirnoff","Informational, Transactional","Transactional","1000","11","primary + secondary","1","7","0","8","Product","/shop/spirit/smirnoff-50ml-russian-vodka/ ; /shop/spirit/smirnoff-blue-1l-russian-vodka/ ; /shop/spirit/smirnoff-blue-500ml-russian-vodka/"
"alize drink","Informational, Commercial","Commercial","1000","21","primary + secondary","1","1","0","2","Product","/shop/spirit/alize-bleu-cognac-brandy/ ; /shop/spirit/alize-gold-750-cognac-brandy/"
"australian whisky","Informational","Informational","1000","22","primary + secondary","1","4","0","5","Blog","/blog/rise-of-australian-single-malt-whisky/ ; /blog/macallan-sherry-cask-legacy/ ; /blog/how-to-store-and-cellar-rare-whisky/"
"prosecco for aperol spritz","Informational","Informational","1000","28","primary + secondary","1","2","0","3","Blog","/blog/amaro-101-italy-bittersweet-tradition/ ; /blog/champagne-vs-sparkling-wine-vs-port/ ; /blog/prosecco-guide-aperol-spritz-rose-mimosa/"
"sydney cider","Commercial","Commercial","1000","12","secondary + tag","0","8","2","10","Page / Sub-category / Product / Blog","/about/ ; /shop/beer-premix-wine/collection/port-wine/ ; /shop/beer-premix-wine/collection/cider/"
"highland scotch whisky single malt","Commercial","Commercial","1000","10","secondary + tag","0","1","92","93","Page / Category / Sub-category / Product / Blog","/about/ ; /shop/whisky/ ; /shop/whisky/collection/scotch-whisky/"
"what are cognacs","Informational","Informational","1000","25","secondary","0","1","0","1","Page","/faq/"
"best whiskey","Commercial","Commercial","1000","14","tag","0","0","89","89","Category / Sub-category / Product","/shop/whisky/ ; /shop/whisky/collection/scotch-whisky/ ; /shop/whisky/macallan-25-year-old-sherry-oak-single-malt/"
"blended scotch whisky","Informational, Commercial","Commercial","1000","23","tag","0","0","92","92","Category / Sub-category / Product / Blog","/shop/whisky/ ; /shop/whisky/collection/scotch-whisky/ ; /shop/whisky/macallan-25-year-old-sherry-oak-single-malt/"
"hibiki whisky","Commercial","Commercial","1000","11","secondary + tag","0","24","92","116","Category / Sub-category / Product / Blog","/shop/whisky/ ; /shop/whisky/collection/scotch-whisky/ ; /shop/whisky/collection/japanese-whisky/"
"scotch w","Commercial","Commercial","1000","15","tag","0","0","90","90","Category / Sub-category / Product / Blog","/shop/whisky/ ; /shop/whisky/collection/scotch-whisky/ ; /shop/whisky/macallan-25-year-old-sherry-oak-single-malt/"
"v energy drinks","Commercial","Commercial","1000","28","secondary","0","13","0","13","Category / Sub-category / Product","/shop/other/ ; /shop/other/collection/mixers-water-condiments/ ; /shop/other/san-pel-plastic-1l-mixers-water-condiments/"
"bulleit bourbon","Informational, Commercial","Commercial","1000","13","secondary + tag","0","15","4","19","Sub-category / Product / Blog","/shop/whisky/collection/bourbon/ ; /shop/whisky/pappy-van-winkle-15-year-old-family-reserve/ ; /shop/whisky/buffalo-trace-1l-bourbon-whiskey/"
"liquor rye","Commercial","Commercial","1000","15","secondary + tag","0","11","1","12","Sub-category / Product / Blog","/shop/whisky/collection/rye-whiskey/ ; /shop/whisky/elijah-craig-rye-rye-whiskey/ ; /shop/whisky/high-west-midwinter-nights-dram-rye-whiskey/"
"rye spirit","Informational, Transactional","Transactional","1000","17","secondary","0","1","0","1","Sub-category","/shop/whisky/collection/rye-whiskey/"
"yamazaki whiskey","Transactional","Transactional","1000","13","secondary","0","1","0","1","Sub-category","/shop/whisky/collection/japanese-whisky/"
"lark whiskey","Navigational, Transactional","Transactional","1000","23","secondary","0","1","0","1","Sub-category","/shop/whisky/collection/australian-whisky/"
"tito's vodka","Informational, Commercial","Commercial","1000","17","secondary + tag","0","11","11","22","Sub-category / Product / Blog","/shop/spirit/collection/french-vodka/ ; /shop/spirit/collection/polish-vodka/ ; /shop/spirit/collection/vodka/"
"vodka to drink","Commercial","Commercial","1000","25","secondary + tag","0","20","10","30","Sub-category / Product / Blog","/shop/spirit/collection/russian-vodka/ ; /shop/spirit/collection/polish-vodka/ ; /shop/spirit/belenkaya-vodka/"
"1942 tequila","Informational, Commercial","Commercial","1000","11","secondary + tag","0","1","5","6","Sub-category / Product / Blog","/shop/spirit/collection/don-julio/ ; /shop/spirit/don-julio-1942-ultima-reserva-extra-anejo/ ; /shop/spirit/don-julio-1942-50ml-don-julio/"
"don julio brands","Informational, Transactional","Transactional","1000","18","secondary","0","13","0","13","Sub-category / Product","/shop/spirit/collection/don-julio/ ; /shop/spirit/don-julio-1942-ultima-reserva-extra-anejo/ ; /shop/spirit/don-julio-1942-50ml-don-julio/"
"blanco tequila","Commercial","Commercial","1000","13","secondary + tag","0","14","8","22","Sub-category / Product / Blog","/shop/spirit/collection/white-tequila/ ; /shop/spirit/collection/gold-tequila/ ; /shop/spirit/cabo-wabo-blanco-white-tequila/"
"australian gin","Commercial","Commercial","1000","13","secondary + tag","0","12","3","15","Sub-category / Product / Blog","/shop/spirit/collection/gin/ ; /shop/spirit/collection/pink-gin/ ; /shop/spirit/bombay-sapphire-gin/"
"black bottle brandy","Informational, Commercial","Commercial","1000","11","secondary + tag","0","30","10","40","Sub-category / Product / Blog","/shop/spirit/collection/baijiu/ ; /shop/spirit/collection/cognac-brandy/ ; /shop/spirit/louis-xiii-de-remy-martin-grande-champagne-cognac/"
"kweichow moutai","Informational, Transactional","Transactional","1000","28","secondary","0","1","0","1","Sub-category","/shop/spirit/collection/baijiu/"
"kahlua liquor","Informational, Transactional","Transactional","1000","15","secondary","0","1","0","1","Sub-category","/shop/spirit/collection/coffee-liqueur/"
"stone wood beer","Informational, Transactional","Transactional","1000","15","secondary","0","3","0","3","Sub-category / Product","/shop/beer-premix-wine/collection/lager/ ; /shop/beer-premix-wine/collection/german-beer/ ; /shop/beer-premix-wine/stone-and-wood-pacific-ale-4-x-6-pack-bottles/"
"lager beer","Commercial","Commercial","1000","17","secondary + tag","0","17","6","23","Sub-category / Product / Blog","/shop/beer-premix-wine/collection/lager/ ; /shop/beer-premix-wine/collection/imported-beer/ ; /shop/beer-premix-wine/collection/australian-beer/"
"beer for cheap","Commercial","Commercial","1000","19","secondary + tag","0","10","4","14","Sub-category / Product","/shop/beer-premix-wine/collection/lager/ ; /shop/beer-premix-wine/collection/port-wine/ ; /shop/beer-premix-wine/collection/australian-beer/"
"aus lager","Informational, Commercial","Commercial","1000","15","secondary + tag","0","9","5","14","Sub-category / Product / Blog","/shop/beer-premix-wine/collection/lager/ ; /shop/beer-premix-wine/collection/port-wine/ ; /shop/beer-premix-wine/collection/australian-beer/"
"light beer","Informational, Commercial","Commercial","1000","16","secondary + tag","0","4","3","7","Sub-category / Product","/shop/beer-premix-wine/collection/lager/ ; /shop/beer-premix-wine/collection/port-wine/ ; /shop/beer-premix-wine/budweiser-330ml-lager/"
"lightweight beer","Informational, Commercial","Commercial","1000","19","secondary + tag","0","2","7","9","Sub-category / Product","/shop/beer-premix-wine/collection/lager/ ; /shop/beer-premix-wine/collection/port-wine/ ; /shop/beer-premix-wine/collection/low-carb-beer/"
"carbless beer","Informational, Commercial","Commercial","1000","16","secondary + tag","0","2","7","9","Sub-category / Product","/shop/beer-premix-wine/collection/lager/ ; /shop/beer-premix-wine/collection/port-wine/ ; /shop/beer-premix-wine/collection/low-carb-beer/"
"pacific ale","Informational, Commercial","Commercial","1000","13","secondary + tag","0","12","1","13","Sub-category / Product","/shop/beer-premix-wine/collection/imported-beer/ ; /shop/beer-premix-wine/collection/australian-beer/ ; /shop/beer-premix-wine/corona-brown-box-355-bottles-imported-beer/"
"india pale ale australia","Commercial","Commercial","1000","14","secondary + tag","0","12","2","14","Sub-category / Product / Blog","/shop/beer-premix-wine/collection/imported-beer/ ; /shop/beer-premix-wine/collection/australian-beer/ ; /shop/beer-premix-wine/corona-brown-box-355-bottles-imported-beer/"
"4 pines pacific ale","Informational, Commercial","Commercial","1000","22","secondary + tag","0","4","2","6","Sub-category / Product","/shop/beer-premix-wine/collection/imported-beer/ ; /shop/beer-premix-wine/collection/australian-beer/ ; /shop/beer-premix-wine/victoria-bitter-vb-beer-case-4-x-6-pack-bottles/"
"4 pines pacific ale case price","Transactional","Transactional","1000","8","secondary","0","2","0","2","Sub-category","/shop/beer-premix-wine/collection/imported-beer/ ; /shop/beer-premix-wine/collection/australian-beer/"
"alcohol free wine","Commercial","Commercial","1000","18","secondary + tag","0","4","1","5","Sub-category / Product / Blog","/shop/beer-premix-wine/collection/non-alcoholic-beer/ ; /shop/beer-premix-wine/clausthaler-original-500ml/ ; /shop/beer-premix-wine/heineken-zero-cans-330ml-non-alcoholic-beer/"
"matso's ginger beer","Informational, Commercial","Commercial","1000","18","secondary + tag","0","1","2","3","Sub-category / Product / Blog","/shop/beer-premix-wine/collection/ginger-beer/ ; /shop/beer-premix-wine/ginger-kid-ginger-beer/ ; /blog/best-mixers-for-home-bar/"
"green ginger wine","Informational, Commercial","Commercial","1000","14","secondary + tag","0","1","1","2","Sub-category / Product","/shop/beer-premix-wine/collection/ginger-beer/ ; /shop/beer-premix-wine/ginger-kid-ginger-beer/"
"little dragon ginger beer","Informational, Transactional","Transactional","1000","12","secondary","0","1","0","1","Sub-category","/shop/beer-premix-wine/collection/ginger-beer/"
"red wine au","Informational, Commercial","Commercial","1000","12","secondary + tag","0","20","3","23","Sub-category / Product / Blog","/shop/beer-premix-wine/collection/red-wine/ ; /shop/beer-premix-wine/collection/white-wine/ ; /shop/beer-premix-wine/penfolds-grange-2018-shiraz-australian-icon/"
"shiraz red wine","Informational, Commercial","Commercial","1000","22","secondary + tag","0","11","1","12","Sub-category / Product / Blog","/shop/beer-premix-wine/collection/red-wine/ ; /shop/beer-premix-wine/penfolds-grange-2018-shiraz-australian-icon/ ; /shop/beer-premix-wine/stefani-estate-shirazcopy-red-wine/"
"rosé wine","Informational, Commercial","Commercial","1000","21","secondary","0","11","0","11","Sub-category / Product","/shop/beer-premix-wine/collection/red-wine/ ; /shop/beer-premix-wine/penfolds-grange-2018-shiraz-australian-icon/ ; /shop/beer-premix-wine/stefani-estate-shirazcopy-red-wine/"
"cabernet sauvignon wine","Informational, Commercial","Commercial","1000","17","secondary + tag","0","22","15","37","Sub-category / Product / Blog","/shop/beer-premix-wine/collection/red-wine/ ; /shop/beer-premix-wine/collection/white-wine/ ; /shop/beer-premix-wine/collection/sauvignon-blanc/"
"cab sav wine","Informational, Commercial","Commercial","1000","22","secondary + tag","0","17","12","29","Sub-category / Product","/shop/beer-premix-wine/collection/red-wine/ ; /shop/beer-premix-wine/collection/white-wine/ ; /shop/beer-premix-wine/collection/cabernet-sauvignon/"
"bubbly wine","Informational, Commercial","Commercial","1000","15","secondary + tag","0","11","11","22","Sub-category / Product","/shop/beer-premix-wine/collection/red-wine/ ; /shop/beer-premix-wine/collection/white-wine/ ; /shop/beer-premix-wine/penfolds-grange-2018-shiraz-australian-icon/"
"rose in wine","Commercial","Commercial","1000","21","secondary + tag","0","11","11","22","Sub-category / Product","/shop/beer-premix-wine/collection/red-wine/ ; /shop/beer-premix-wine/collection/white-wine/ ; /shop/beer-premix-wine/penfolds-grange-2018-shiraz-australian-icon/"
"rose fizzy wine","Commercial","Commercial","1000","12","secondary","0","11","0","11","Sub-category / Product","/shop/beer-premix-wine/collection/rose-wine/ ; /shop/beer-premix-wine/batch-co-bondi-spritz-24pack-cans-rose-wine/ ; /shop/beer-premix-wine/batch-co-noosa-spritz-24pack-cans-rose-wine/"
"sparkling red wine","Informational, Commercial","Commercial","1000","9","secondary + tag","0","7","1","8","Sub-category / Product / Blog","/shop/beer-premix-wine/collection/sparkling/ ; /shop/beer-premix-wine/dom-perignon-vintage-rose-champagne-2008/ ; /shop/beer-premix-wine/gh-mumm-corodn-rouge-brut-sparkling-wine/"
"premix drinks","Commercial","Commercial","1000","17","secondary + tag","0","12","3","15","Sub-category / Product / Blog","/shop/beer-premix-wine/collection/port-wine/ ; /shop/beer-premix-wine/collection/vodka-premix/ ; /shop/beer-premix-wine/24-ice-frozen-cocktails-5pack-vodka-premix/"
"premix king punchbowl","Navigational, Transactional","Transactional","1000","17","secondary","0","1","0","1","Sub-category","/shop/beer-premix-wine/collection/vodka-premix/"
"mercury hard cider","Informational, Transactional","Transactional","1000","15","secondary","0","1","0","1","Sub-category","/shop/beer-premix-wine/collection/cider/"
"redbreast whiskey","Informational, Transactional","Transactional","1000","15","secondary","0","1","0","1","Sub-category","/shop/whisky/collection/irish-whiskey/"
"macallan 25","Informational, Commercial","Commercial","1000","12","secondary + tag","0","1","1","2","Product / Blog","/shop/whisky/macallan-25-year-old-sherry-oak-single-malt/ ; /blog/macallan-sherry-cask-legacy/"
"green label johnnie walker","Informational, Commercial","Commercial","1000","16","secondary","0","4","0","4","Product","/shop/whisky/johnnie-walker-king-george-v-rare-edition/ ; /shop/whisky/johnnie-walker-15yo-sherry-scotch-whisky/ ; /shop/whisky/johnnie-walker-black-50ml-scotch-whisky/"
"chandon rose","Commercial","Commercial","1000","15","secondary","0","1","0","1","Product","/shop/beer-premix-wine/chandon-sparkling-rose-rose-wine/"
"chandon brut price","Transactional","Transactional","1000","12","secondary","0","1","0","1","Product","/shop/beer-premix-wine/chandon-sparkling-rose-rose-wine/"
"ardbeg","Informational, Transactional","Transactional","1000","19","secondary","0","3","0","3","Product","/shop/whisky/ardbeg-smoketrails-manzanilla-limited-edition-single-malt-scotch-whisky/ ; /shop/whisky/ardbeg-14-year-old-the-unicorn-s-tale-anthology-limited-edition-single-malt-scotch-whisky/ ; /shop/whisky/ardbeg-anthology-collection-limited-edition-single-malt-scotch-whisky/"
"jim beam 700ml","Commercial","Commercial","1000","11","secondary","0","1","0","1","Product","/shop/whisky/jim-beam-white-label-kentucky-bourbon-whiskey/"
"woodford reserve bourbon","Informational, Transactional","Transactional","1000","12","secondary","0","3","0","3","Product","/shop/whisky/woodford-reserve-double-oaked-kentucky-straight-bourbon-whiskey/ ; /shop/whisky/woodford-reserve-rare-release-double-xo-blend-kentucky-straight-bourbon-whiskey/ ; /shop/whisky/woodford-reserve-baccarat-edition-kentucky-bourbon-whiskey/"
"absolut vodka 700ml","Commercial","Commercial","1000","10","secondary + tag","0","1","2","3","Product / Blog","/shop/spirit/absolut-swedish-vodka/ ; /blog/how-vodka-is-made/ ; /blog/vodka-brands-absolut-skyy-titos-how-to-choose/"
"tsingtao beer","Informational, Commercial","Commercial","1000","17","secondary","0","1","0","1","Product","/shop/beer-premix-wine/tsingtao-beer-imported-case-4-x-6-pack-bottles/"
"sirocco vodka","Informational","Informational","1000","13","secondary","0","2","0","2","Blog","/blog/how-vodka-is-made/ ; /blog/vodka-brands-absolut-skyy-titos-how-to-choose/"
"vodka for espresso martinis","Informational, Commercial","Commercial","1000","28","tag","0","0","2","2","Blog","/blog/how-vodka-is-made/ ; /blog/vodka-brands-absolut-skyy-titos-how-to-choose/"
"tequila el patron silver","Informational","Informational","1000","13","secondary","0","3","0","3","Blog","/blog/tequila-aging-guide-blanco-reposado-anejo/ ; /blog/don-julio-vs-patron-tequila-compared/ ; /blog/anejo-tequila-guide-reposado-blanco-brands/"
"don julio tequila brands","Informational","Informational","1000","22","secondary","0","3","0","3","Blog","/blog/tequila-aging-guide-blanco-reposado-anejo/ ; /blog/don-julio-vs-patron-tequila-compared/ ; /blog/anejo-tequila-guide-reposado-blanco-brands/"
"sierra silver tequila","Informational","Informational","1000","10","secondary","0","2","0","2","Blog","/blog/tequila-aging-guide-blanco-reposado-anejo/ ; /blog/anejo-tequila-guide-reposado-blanco-brands/"
"reposado tequila","Commercial","Commercial","1000","12","tag","0","0","2","2","Blog","/blog/tequila-aging-guide-blanco-reposado-anejo/ ; /blog/anejo-tequila-guide-reposado-blanco-brands/"
"el jimador tequila","Commercial","Commercial","1000","11","tag","0","0","2","2","Blog","/blog/tequila-aging-guide-blanco-reposado-anejo/ ; /blog/anejo-tequila-guide-reposado-blanco-brands/"
"fortaleza tequila","Commercial","Commercial","1000","16","tag","0","0","2","2","Blog","/blog/tequila-aging-guide-blanco-reposado-anejo/ ; /blog/anejo-tequila-guide-reposado-blanco-brands/"
"mezcal mescal","Informational","Informational","1000","22","secondary","0","1","0","1","Blog","/blog/mezcal-vs-tequila-difference/"
"what is the cognac","Informational","Informational","1000","17","secondary","0","1","0","1","Blog","/blog/cognac-vs-brandy-explained/"
"gin cocktail","Informational","Informational","1000","16","secondary","0","1","0","1","Blog","/blog/london-dry-vs-contemporary-gin/"
"aperol cocktails","Informational","Informational","1000","23","secondary","0","2","0","2","Blog","/blog/amaro-101-italy-bittersweet-tradition/ ; /blog/what-is-vermouth-sweet-dry-cocktails/"
"coopers australian lager","Informational","Informational","1000","17","secondary","0","2","0","2","Blog","/blog/lager-vs-imported-beer-buyers-guide/ ; /blog/australian-beer-guide-lager-vb-craft-brands/"
"red wine varieties","Informational","Informational","1000","26","secondary","0","1","0","1","Blog","/blog/how-to-choose-red-wine/"
"grenache red wine","Informational, Commercial","Commercial","1000","12","tag","0","0","2","2","Blog","/blog/how-to-choose-red-wine/ ; /blog/cabernet-sauvignon-merlot-grenache-red-wine-grapes/"
"moscato rose","Informational","Informational","1000","11","secondary","0","2","0","2","Blog","/blog/white-wine-styles-explained/ ; /blog/everything-about-rose-wine/"
"white wine varieties","Informational","Informational","1000","26","secondary","0","1","0","1","Blog","/blog/white-wine-styles-explained/"
"white wine types","Informational","Informational","1000","28","secondary","0","1","0","1","Blog","/blog/white-wine-styles-explained/"
"moet and chandon champagne","Informational, Commercial","Commercial","1000","28","tag","0","0","2","2","Blog","/blog/champagne-vs-sparkling-wine-vs-port/ ; /blog/champagne-rose-brut-guide-veuve-clicquot-krug/"
"macallan 15","Commercial","Commercial","1000","13","tag","0","0","1","1","Blog","/blog/macallan-sherry-cask-legacy/"
"disaronno amaretto","Informational","Informational","1000","18","secondary","0","1","0","1","Blog","/blog/popular-liqueurs-licor-43-sour-puss-elderflower-amaretto/"
"passion fruit liqueur","Informational, Commercial","Commercial","1000","21","tag","0","0","1","1","Blog","/blog/popular-liqueurs-licor-43-sour-puss-elderflower-amaretto/"
"amaretto disaronno originale","Commercial","Commercial","1000","13","tag","0","0","1","1","Blog","/blog/popular-liqueurs-licor-43-sour-puss-elderflower-amaretto/"
"disaronno originale amaretto","Informational, Commercial","Commercial","1000","26","tag","0","0","1","1","Blog","/blog/popular-liqueurs-licor-43-sour-puss-elderflower-amaretto/"
"vb beer can","Informational, Commercial","Commercial","1000","11","tag","0","0","1","1","Blog","/blog/australian-beer-guide-lager-vb-craft-brands/"
"what is soju","Informational","Informational","1000","41","faq","0","0","0","1","FAQ","/faq/"
"martell vsop","Commercial","Commercial","880","13","primary + secondary + tag","1","34","3","38","Sub-category / Product","/shop/spirit/collection/cognac-brandy/ ; /shop/spirit/louis-xiii-de-remy-martin-grande-champagne-cognac/ ; /shop/spirit/martell-blue-swift-cognac-brandy/"
"jagermeister price","Transactional","Transactional","880","13","primary","1","0","0","1","Sub-category","/shop/spirit/collection/amaro/"
"alcohol free beer","Commercial","Commercial","880","11","primary + secondary + tag","1","4","1","5","Sub-category / Product / Blog","/shop/beer-premix-wine/collection/non-alcoholic-beer/ ; /shop/beer-premix-wine/clausthaler-original-500ml/ ; /shop/beer-premix-wine/heineken-zero-cans-330ml-non-alcoholic-beer/"
"hard cider","Commercial","Commercial","880","19","primary + secondary + tag","1","6","2","9","Sub-category / Product / Blog","/shop/beer-premix-wine/collection/cider/ ; /shop/beer-premix-wine/hard-rated-30-pack-vodka-premix/ ; /shop/beer-premix-wine/little-fat-lamb-creaming-soda/"
"pure blonde cider","Informational, Commercial","Commercial","880","17","primary + secondary + tag","1","6","2","9","Sub-category / Product / Blog","/shop/beer-premix-wine/collection/cider/ ; /shop/beer-premix-wine/little-fat-lamb-creaming-soda/ ; /shop/beer-premix-wine/little-fat-lamb-fantasy-cider/"
"grey goose 700ml","Transactional","Transactional","880","16","primary","1","0","0","1","Product","/shop/spirit/grey-goose-altius-ultra-premium-french-vodka/"
"green chartreuse","Informational","Informational","880","27","primary + secondary","1","1","0","2","Product / Blog","/shop/spirit/chartreuse-vep-green-herbal-liqueur/ ; /blog/what-is-vermouth-sweet-dry-cocktails/"
"smirnoff vodka 1l","Informational, Transactional","Transactional","880","20","primary","1","0","0","1","Product","/shop/spirit/smirnoff-blue-1l-russian-vodka/"
"kraken spiced rum","Informational","Informational","880","16","primary + secondary","1","2","0","3","Product / Blog","/shop/spirit/kraken-gold-spiced-rum/ ; /blog/white-spiced-dark-rum-guide/ ; /blog/malibu-rum-and-coconut-rum-what-they-are/"
"premium scotch whiskey","Informational, Commercial","Commercial","880","11","secondary + tag","0","8","89","97","Page / Sub-category / Product / Blog","/about/ ; /shop/whisky/collection/scotch-whisky/ ; /shop/whisky/collection/irish-whiskey/"
"highland single malt whiskey","Informational, Commercial","Commercial","880","9","secondary + tag","0","1","89","90","Page / Sub-category / Product / Blog","/about/ ; /shop/whisky/collection/scotch-whisky/ ; /shop/whisky/macallan-25-year-old-sherry-oak-single-malt/"
"single malt scotch","Commercial","Commercial","880","24","secondary + tag","0","1","86","87","Page / Sub-category / Product / Blog","/about/ ; /shop/whisky/collection/scotch-whisky/ ; /shop/whisky/macallan-25-year-old-sherry-oak-single-malt/"
"can of monster energy","Commercial","Commercial","880","18","secondary","0","13","0","13","Category / Sub-category / Product","/shop/other/ ; /shop/other/collection/mixers-water-condiments/ ; /shop/other/san-pel-plastic-1l-mixers-water-condiments/"
"scotch malt whisky","Commercial","Commercial","880","27","tag","0","0","91","91","Sub-category / Product / Blog","/shop/whisky/collection/scotch-whisky/ ; /shop/whisky/macallan-25-year-old-sherry-oak-single-malt/ ; /shop/whisky/glendronach-1993-26-year-old-single-cask/"
"premium blended scotch","Commercial","Commercial","880","13","tag","0","0","88","88","Sub-category / Product / Blog","/shop/whisky/collection/scotch-whisky/ ; /shop/whisky/macallan-25-year-old-sherry-oak-single-malt/ ; /shop/whisky/glendronach-1993-26-year-old-single-cask/"
"bourbon a whiskey","Commercial","Commercial","880","15","secondary + tag","0","15","4","19","Sub-category / Product / Blog","/shop/whisky/collection/bourbon/ ; /shop/whisky/pappy-van-winkle-15-year-old-family-reserve/ ; /shop/whisky/buffalo-trace-1l-bourbon-whiskey/"
"gray goose vodka 1 liter","Commercial","Commercial","880","21","secondary + tag","0","2","4","6","Sub-category / Product / Blog","/shop/spirit/collection/french-vodka/ ; /shop/spirit/collection/grey-goose/ ; /shop/spirit/grey-goose-1l-grey-goose/"
"vodka 1l","Commercial","Commercial","880","14","secondary + tag","0","2","9","11","Sub-category / Product / Blog","/shop/spirit/collection/french-vodka/ ; /shop/spirit/collection/russian-vodka/ ; /shop/spirit/collection/polish-vodka/"
"crystal head vodka","Informational, Commercial","Commercial","880","17","secondary + tag","0","20","9","29","Sub-category / Product / Blog","/shop/spirit/collection/russian-vodka/ ; /shop/spirit/collection/polish-vodka/ ; /shop/spirit/belenkaya-vodka/"
"ketel one vodka","Informational, Commercial","Commercial","880","23","secondary + tag","0","10","2","12","Sub-category / Product / Blog","/shop/spirit/collection/polish-vodka/ ; /shop/spirit/belvedere-1l-polish-vodka/ ; /shop/spirit/belvedere-200ml-polish-vodka/"
"grey goose 1 litre","Commercial","Commercial","880","17","secondary + tag","0","2","1","3","Sub-category / Product / Blog","/shop/spirit/collection/grey-goose/ ; /shop/spirit/grey-goose-1l-grey-goose/ ; /blog/grey-goose-vs-belvedere-vodka-compared/"
"mezcal vs tequila","Informational, Commercial","Commercial","880","22","secondary + tag","0","6","3","9","Sub-category / Product / Blog","/shop/spirit/collection/mezcal/ ; /shop/spirit/guerrero-mezcal-50ml/ ; /shop/spirit/guerrero-mezcal/"
"caribbean rum","Informational, Commercial","Commercial","880","19","secondary + tag","0","7","15","22","Sub-category / Product / Blog","/shop/spirit/collection/spiced-rum/ ; /shop/spirit/collection/white-rum/ ; /shop/spirit/collection/rum/"
"dry gin","Commercial","Commercial","880","9","secondary + tag","0","12","2","14","Sub-category / Product / Blog","/shop/spirit/collection/gin/ ; /shop/spirit/collection/pink-gin/ ; /shop/spirit/bombay-sapphire-gin/"
"cherry brandy","Informational, Commercial","Commercial","880","17","secondary + tag","0","30","10","40","Sub-category / Product / Blog","/shop/spirit/collection/baijiu/ ; /shop/spirit/collection/cognac-brandy/ ; /shop/spirit/louis-xiii-de-remy-martin-grande-champagne-cognac/"
"baileys liqueur","Informational, Commercial","Commercial","880","24","secondary + tag","0","12","4","16","Sub-category / Product / Blog","/shop/spirit/collection/baijiu/ ; /shop/spirit/collection/baileys-irish-cream/ ; /shop/spirit/baileys-1l-baileys-irish-cream/"
"hazelnut liqueur","Informational, Commercial","Commercial","880","16","secondary + tag","0","6","2","8","Sub-category / Product / Blog","/shop/spirit/collection/baijiu/ ; /shop/spirit/collection/liqueur/ ; /shop/spirit/sour-puss-apple-blended-liqueur/"
"martell xo","Informational, Commercial","Commercial","880","12","secondary + tag","0","35","3","38","Sub-category / Product","/shop/spirit/collection/cognac-brandy/ ; /shop/spirit/louis-xiii-de-remy-martin-grande-champagne-cognac/ ; /shop/spirit/martell-blue-swift-cognac-brandy/"
"beer can","Informational, Commercial","Commercial","880","21","secondary + tag","0","4","10","14","Sub-category / Product","/shop/beer-premix-wine/collection/lager/ ; /shop/beer-premix-wine/collection/port-wine/ ; /shop/beer-premix-wine/collection/australian-beer/"
"cheap beer","Commercial","Commercial","880","7","secondary + tag","0","2","12","14","Sub-category / Product","/shop/beer-premix-wine/collection/lager/ ; /shop/beer-premix-wine/collection/port-wine/ ; /shop/beer-premix-wine/collection/australian-beer/"
"stonewood beer","Informational, Commercial","Commercial","880","16","secondary + tag","0","2","12","14","Sub-category / Product","/shop/beer-premix-wine/collection/lager/ ; /shop/beer-premix-wine/collection/port-wine/ ; /shop/beer-premix-wine/collection/australian-beer/"
"coopers lager","Informational, Commercial","Commercial","880","13","secondary + tag","0","1","12","13","Sub-category / Product / Blog","/shop/beer-premix-wine/collection/lager/ ; /shop/beer-premix-wine/collection/australian-beer/ ; /shop/beer-premix-wine/budweiser-330ml-lager/"
"radler beer","Informational, Commercial","Commercial","880","16","secondary + tag","0","1","10","11","Sub-category / Product","/shop/beer-premix-wine/collection/lager/ ; /shop/beer-premix-wine/collection/australian-beer/ ; /shop/beer-premix-wine/budweiser-330ml-lager/"
"no carb beer","Commercial","Commercial","880","17","secondary + tag","0","2","8","10","Sub-category / Product / Blog","/shop/beer-premix-wine/collection/lager/ ; /shop/beer-premix-wine/collection/prosecco/ ; /shop/beer-premix-wine/collection/low-carb-beer/"
"low carb beer australia","Informational, Commercial","Commercial","880","17","secondary + tag","0","2","8","10","Sub-category / Product / Blog","/shop/beer-premix-wine/collection/lager/ ; /shop/beer-premix-wine/collection/prosecco/ ; /shop/beer-premix-wine/collection/low-carb-beer/"
"lowest calorie beer","Informational, Commercial","Commercial","880","17","secondary + tag","0","2","8","10","Sub-category / Product / Blog","/shop/beer-premix-wine/collection/lager/ ; /shop/beer-premix-wine/collection/prosecco/ ; /shop/beer-premix-wine/collection/low-carb-beer/"
"menabrea beer","Informational, Commercial","Commercial","880","13","secondary + tag","0","8","3","11","Sub-category / Product","/shop/beer-premix-wine/collection/imported-beer/ ; /shop/beer-premix-wine/collection/prosecco/ ; /shop/beer-premix-wine/collection/german-beer/"
"non alcoholic beverages","Informational, Commercial","Commercial","880","23","secondary + tag","0","4","1","5","Sub-category / Product / Blog","/shop/beer-premix-wine/collection/non-alcoholic-beer/ ; /shop/beer-premix-wine/clausthaler-original-500ml/ ; /shop/beer-premix-wine/heineken-zero-cans-330ml-non-alcoholic-beer/"
"non wine","Commercial","Commercial","880","22","secondary","0","4","0","4","Sub-category / Product","/shop/beer-premix-wine/collection/non-alcoholic-beer/ ; /shop/beer-premix-wine/clausthaler-original-500ml/ ; /shop/beer-premix-wine/heineken-zero-cans-330ml-non-alcoholic-beer/"
"non alcoholic gin","Commercial","Commercial","880","19","secondary + tag","0","4","2","6","Sub-category / Product / Blog","/shop/beer-premix-wine/collection/non-alcoholic-beer/ ; /shop/beer-premix-wine/clausthaler-original-500ml/ ; /shop/beer-premix-wine/heineken-zero-cans-330ml-non-alcoholic-beer/"
"zero alcohol wine","Commercial","Commercial","880","18","secondary + tag","0","4","1","5","Sub-category / Product / Blog","/shop/beer-premix-wine/collection/non-alcoholic-beer/ ; /shop/beer-premix-wine/clausthaler-original-500ml/ ; /shop/beer-premix-wine/heineken-zero-cans-330ml-non-alcoholic-beer/"
"best non alcoholic wine","Commercial","Commercial","880","21","secondary + tag","0","4","1","5","Sub-category / Product / Blog","/shop/beer-premix-wine/collection/non-alcoholic-beer/ ; /shop/beer-premix-wine/clausthaler-original-500ml/ ; /shop/beer-premix-wine/heineken-zero-cans-330ml-non-alcoholic-beer/"
"rose a wine","Commercial","Commercial","880","28","secondary + tag","0","11","1","12","Sub-category / Product","/shop/beer-premix-wine/collection/red-wine/ ; /shop/beer-premix-wine/collection/prosecco/ ; /shop/beer-premix-wine/penfolds-grange-2018-shiraz-australian-icon/"
"australian sparkling wine","Commercial","Commercial","880","11","secondary + tag","0","7","2","9","Sub-category / Product / Blog","/shop/beer-premix-wine/collection/sparkling/ ; /shop/beer-premix-wine/dom-perignon-vintage-rose-champagne-2008/ ; /shop/beer-premix-wine/gh-mumm-corodn-rouge-brut-sparkling-wine/"
"no sugar chocolate","Commercial","Commercial","880","10","secondary","0","6","0","6","Sub-category / Product","/shop/beer-premix-wine/collection/zero-sugar-seltzers/ ; /shop/beer-premix-wine/d9-sparkling-grape-zero-sugar/ ; /shop/beer-premix-wine/d9-strong-sparkling-grape-zero-sugar/"
"apple cider alcohol","Commercial","Commercial","880","27","secondary + tag","0","7","1","8","Sub-category / Product / Blog","/shop/beer-premix-wine/collection/cider/ ; /shop/beer-premix-wine/little-fat-lamb-creaming-soda/ ; /shop/beer-premix-wine/little-fat-lamb-fantasy-cider/"
"craft cider","Commercial","Commercial","880","12","secondary + tag","0","6","2","8","Sub-category / Product / Blog","/shop/beer-premix-wine/collection/cider/ ; /shop/beer-premix-wine/little-fat-lamb-creaming-soda/ ; /shop/beer-premix-wine/little-fat-lamb-fantasy-cider/"
"johnnie walker red","Commercial","Commercial","880","10","secondary + tag","0","3","1","4","Product","/shop/whisky/johnnie-walker-king-george-v-rare-edition/ ; /shop/whisky/johnnie-walker-15yo-sherry-scotch-whisky/ ; /shop/whisky/johnnie-walker-black-50ml-scotch-whisky/"
"hennessy vs","Commercial","Commercial","880","19","secondary","0","3","0","3","Product","/shop/spirit/hennessy-master-blender-no5-cognac-brandy/ ; /shop/spirit/hennessy-vsop-cognac-brandy/ ; /shop/spirit/hennessy-xo-cognac-brandy/"
"bushmills","Navigational, Commercial","Commercial","880","16","secondary + tag","0","3","1","4","Product / Blog","/shop/whisky/bushmills-original-blended-irish-whiskey/ ; /shop/whisky/bushmills-14-year-old-malaga-cask-finish-single-malt-irish-whiskey/ ; /shop/whisky/bushmills-21-year-old-madeira-finish-single-malt-irish-whiskey/"
"vodka cruiser flavours","Informational, Navigational","Navigational","880","18","secondary","0","2","0","2","Blog","/blog/how-vodka-is-made/ ; /blog/vodka-brands-absolut-skyy-titos-how-to-choose/"
"cognac is what","Informational","Informational","880","28","secondary","0","1","0","1","Blog","/blog/cognac-vs-brandy-explained/"
"gin with ginger","Informational","Informational","880","18","secondary","0","1","0","1","Blog","/blog/london-dry-vs-contemporary-gin/"
"gin and cocktails","Informational","Informational","880","20","secondary","0","1","0","1","Blog","/blog/london-dry-vs-contemporary-gin/"
"baron samedi rum","Informational, Commercial","Commercial","880","10","tag","0","0","2","2","Blog","/blog/white-spiced-dark-rum-guide/ ; /blog/malibu-rum-and-coconut-rum-what-they-are/"
"amaro nonino","Informational","Informational","880","10","secondary","0","2","0","2","Blog","/blog/amaro-101-italy-bittersweet-tradition/ ; /blog/what-is-vermouth-sweet-dry-cocktails/"
"aperol drink","Informational","Informational","880","22","secondary","0","2","0","2","Blog","/blog/amaro-101-italy-bittersweet-tradition/ ; /blog/what-is-vermouth-sweet-dry-cocktails/"
"chocolate baileys","Informational","Informational","880","19","secondary","0","1","0","1","Blog","/blog/best-cream-coffee-liqueurs-for-cocktails/"
"mr black coffee liqueur","Informational","Informational","880","17","secondary","0","2","0","2","Blog","/blog/best-cream-coffee-liqueurs-for-cocktails/ ; /blog/popular-liqueurs-licor-43-sour-puss-elderflower-amaretto/"
"shiraz wine red","Informational","Informational","880","28","secondary","0","1","0","1","Blog","/blog/how-to-choose-red-wine/"
"australian red wine","Informational","Informational","880","19","secondary","0","2","0","2","Blog","/blog/how-to-choose-red-wine/ ; /blog/australian-beer-guide-lager-vb-craft-brands/"
"merlot wines","Informational","Informational","880","14","secondary","0","2","0","2","Blog","/blog/how-to-choose-red-wine/ ; /blog/cabernet-sauvignon-merlot-grenache-red-wine-grapes/"
"overeem whisky","Navigational","Navigational","880","17","secondary","0","2","0","2","Blog","/blog/macallan-sherry-cask-legacy/ ; /blog/how-to-store-and-cellar-rare-whisky/"
"the macallan","Navigational, Commercial","Commercial","880","20","tag","0","0","1","1","Blog","/blog/macallan-sherry-cask-legacy/"
"jack daniels tennessee whisky","Informational, Commercial","Commercial","880","22","tag","0","0","2","2","Blog","/blog/how-to-store-and-cellar-rare-whisky/ ; /blog/beginners-guide-investing-in-rare-whisky/"
"jw black label whisky","Informational, Commercial","Commercial","880","25","tag","0","0","2","2","Blog","/blog/how-to-store-and-cellar-rare-whisky/ ; /blog/beginners-guide-investing-in-rare-whisky/"
"triple sec liqueur","Informational","Informational","880","25","secondary","0","1","0","1","Blog","/blog/popular-liqueurs-licor-43-sour-puss-elderflower-amaretto/"
"st germain elderflower liqueur","Informational","Informational","880","17","secondary","0","1","0","1","Blog","/blog/popular-liqueurs-licor-43-sour-puss-elderflower-amaretto/"
"is ginger beer alcoholic","Informational","Informational","720","17","primary + secondary + faq","1","1","0","2","Page / Blog / FAQ","/faq/ ; /blog/best-mixers-for-home-bar/"
"american whiskey","Informational","Informational","720","14","primary","1","0","0","1","Page","/blog/"
"sugar free energy drinks","Commercial","Commercial","720","13","primary + secondary + tag","1","17","1","19","Category / Sub-category / Product","/shop/other/ ; /shop/beer-premix-wine/collection/zero-sugar-seltzers/ ; /shop/other/collection/mixers-water-condiments/"
"russian vodka","Informational, Commercial","Commercial","720","10","primary + secondary + tag","1","18","8","27","Sub-category / Product","/shop/spirit/collection/russian-vodka/ ; /shop/spirit/collection/polish-vodka/ ; /shop/spirit/belenkaya-vodka/"
"smirnoff vodka 1 litre","Commercial","Commercial","720","12","primary + secondary + tag","1","3","1","5","Sub-category / Product","/shop/spirit/collection/russian-vodka/ ; /shop/beer-premix-wine/collection/vodka-premix/ ; /shop/spirit/smirnoff-blue-1l-russian-vodka/"
"patron silver tequila","Informational, Commercial","Commercial","720","17","primary + secondary + tag","1","29","9","39","Sub-category / Product / Blog","/shop/spirit/collection/patron/ ; /shop/spirit/collection/white-tequila/ ; /shop/spirit/collection/gold-tequila/"
"patron coffee","Commercial","Commercial","720","17","primary + secondary + tag","1","16","1","18","Sub-category / Product / Blog","/shop/spirit/collection/patron/ ; /shop/spirit/gran-patron-burdeos-extra-anejo-tequila/ ; /shop/spirit/patron-50ml-collection-patron/"
"don julio reposado","Informational, Commercial","Commercial","720","17","primary + secondary + tag","1","12","3","16","Sub-category / Product / Blog","/shop/spirit/collection/don-julio/ ; /shop/spirit/don-julio-1942-ultima-reserva-extra-anejo/ ; /shop/spirit/don-julio-1942-50ml-don-julio/"
"kahlua coffee liqueur","Informational, Commercial","Commercial","720","13","primary + secondary + tag","1","11","8","20","Sub-category / Product / Blog","/shop/spirit/collection/baijiu/ ; /shop/spirit/collection/coffee-liqueur/ ; /shop/spirit/collection/liqueur/"
"kahlua price","Transactional","Transactional","720","14","primary","1","0","0","1","Sub-category","/shop/spirit/collection/coffee-liqueur/"
"galliano sambuca","Informational, Transactional","Transactional","720","12","primary","1","0","0","1","Sub-category","/shop/spirit/collection/sambuca/"
"zero beer","Informational, Transactional","Transactional","720","28","primary","1","0","0","1","Sub-category","/shop/beer-premix-wine/collection/non-alcoholic-beer/"
"vodka cruiser 24 pack prices","Transactional","Transactional","720","14","primary","1","0","0","1","Sub-category","/shop/beer-premix-wine/collection/vodka-premix/"
"vodka cruiser 4 pack","Commercial","Commercial","720","17","primary + secondary","1","1","0","2","Sub-category / Product","/shop/beer-premix-wine/collection/vodka-premix/ ; /shop/beer-premix-wine/vodka-cruiser-sugar-free-mixed-berry-6-x-4-pack-bottles/"
"sprite zero","Informational, Transactional","Transactional","720","26","primary","1","0","0","1","Sub-category","/shop/beer-premix-wine/collection/zero-sugar-seltzers/"
"jinro","Informational","Informational","720","21","primary","1","0","0","1","Product","/shop/other/ilpoom-jinro-1924-heritage-premium-soju/"
"belvedere reserve","Informational","Informational","720","19","primary + secondary","1","1","0","2","Product / Blog","/shop/spirit/belvedere-mango-gb-polish-vodka/ ; /blog/grey-goose-vs-belvedere-vodka-compared/"
"courvoisier","Informational","Informational","720","21","primary","1","0","0","1","Product","/shop/spirit/courvoisier-extra-nogb-cognac-brandy/"
"remy martin vsop","Informational","Informational","720","21","primary","1","0","0","1","Product","/shop/spirit/remy-martin-vsop-50ml-cognac-brandy/"
"baileys irish cream liqueur","Informational, Transactional","Transactional","720","26","primary","1","0","0","1","Product","/shop/spirit/baileys-1l-baileys-irish-cream/"
"glenmorangie 18","Informational, Commercial","Commercial","720","11","primary","1","0","0","1","Product","/shop/whisky/glenmorangie-18-year-old-extremely-rare-single-malt-scotch-whisky/"
"glenlivet 18","Commercial","Commercial","720","17","primary","1","0","0","1","Product","/shop/whisky/glenlivet-18-year-old-43-single-malt-scotch-whisky/"
"ballantines","Informational, Commercial","Commercial","720","14","primary + secondary","1","2","0","3","Product","/shop/whisky/ballantine-s-finest-blended-scotch-whisky/ ; /shop/whisky/ballantines-17-year-old-blended-scotch-whisky/ ; /shop/whisky/ballantine-s-40-year-old-rare-limited-release-blended-scotch-whisky/"
"grolsch beer","Informational","Informational","720","16","primary","1","0","0","1","Product","/shop/beer-premix-wine/grolsch-premium-pilsner-imported-beer-case-cans/"
"anejo tequila","Informational","Informational","720","12","primary + secondary","1","1","0","2","Blog","/blog/tequila-aging-guide-blanco-reposado-anejo/ ; /blog/anejo-tequila-guide-reposado-blanco-brands/"
"pink gin and soda","Informational","Informational","720","10","primary + secondary","1","1","0","2","Blog","/blog/london-dry-vs-contemporary-gin/ ; /blog/pink-gin-and-soda-what-is-pink-gin/"
"whisky the dalmore","Commercial","Commercial","720","12","tag","0","0","84","84","Sub-category / Product","/shop/whisky/collection/scotch-whisky/ ; /shop/whisky/macallan-25-year-old-sherry-oak-single-malt/ ; /shop/whisky/glendronach-1993-26-year-old-single-cask/"
"wood reserve bourbon","Informational, Commercial","Commercial","720","15","secondary + tag","0","15","4","19","Sub-category / Product / Blog","/shop/whisky/collection/bourbon/ ; /shop/whisky/pappy-van-winkle-15-year-old-family-reserve/ ; /shop/whisky/buffalo-trace-1l-bourbon-whiskey/"
"bourbon woodford","Informational, Commercial","Commercial","720","12","secondary + tag","0","15","3","18","Sub-category / Product / Blog","/shop/whisky/collection/bourbon/ ; /shop/whisky/pappy-van-winkle-15-year-old-family-reserve/ ; /shop/whisky/buffalo-trace-1l-bourbon-whiskey/"
"nikka whisky","Navigational, Commercial","Commercial","720","22","secondary + tag","0","24","1","25","Sub-category / Product / Blog","/shop/whisky/collection/japanese-whisky/ ; /shop/whisky/nikka-taketsuru-21-year-old-pure-malt/ ; /shop/whisky/yamazaki-18-year-old-single-malt-japanese-whisky/"
"vodka smirnoff","Informational, Commercial","Commercial","720","14","secondary + tag","0","31","10","41","Sub-category / Product / Blog","/shop/spirit/collection/french-vodka/ ; /shop/spirit/collection/russian-vodka/ ; /shop/beer-premix-wine/collection/vodka-premix/"
"grey goose vodka 1l","Commercial","Commercial","720","17","secondary + tag","0","2","3","5","Sub-category / Product / Blog","/shop/spirit/collection/french-vodka/ ; /shop/spirit/collection/grey-goose/ ; /shop/spirit/grey-goose-1l-grey-goose/"
"grey goose vodka 1 litre","Commercial","Commercial","720","17","secondary + tag","0","2","2","4","Sub-category / Product / Blog","/shop/spirit/collection/french-vodka/ ; /shop/spirit/collection/grey-goose/ ; /shop/spirit/grey-goose-1l-grey-goose/"
"bottle of vodka","Commercial","Commercial","720","11","secondary + tag","0","23","13","36","Sub-category / Product","/shop/spirit/collection/french-vodka/ ; /shop/spirit/collection/russian-vodka/ ; /shop/beer-premix-wine/collection/vodka-premix/"
"vodka cheap","Commercial","Commercial","720","15","secondary + tag","0","23","13","36","Sub-category / Product","/shop/spirit/collection/french-vodka/ ; /shop/spirit/collection/russian-vodka/ ; /shop/beer-premix-wine/collection/vodka-premix/"
"cheapest vodka","Commercial","Commercial","720","16","secondary + tag","0","18","18","36","Sub-category / Product","/shop/spirit/collection/french-vodka/ ; /shop/spirit/collection/russian-vodka/ ; /shop/beer-premix-wine/collection/vodka-premix/"
"sky vodka","Commercial","Commercial","720","15","secondary + tag","0","3","19","22","Sub-category / Product","/shop/spirit/collection/french-vodka/ ; /shop/spirit/collection/baijiu/ ; /shop/beer-premix-wine/collection/vodka-premix/"
"polish vodka","Commercial","Commercial","720","15","secondary + tag","0","19","10","29","Sub-category / Product / Blog","/shop/spirit/collection/russian-vodka/ ; /shop/spirit/collection/polish-vodka/ ; /shop/spirit/belenkaya-vodka/"
"1l grey goose","Commercial","Commercial","720","14","secondary + tag","0","2","1","3","Sub-category / Product / Blog","/shop/spirit/collection/grey-goose/ ; /shop/spirit/grey-goose-1l-grey-goose/ ; /blog/grey-goose-vs-belvedere-vodka-compared/"
"1942 don julio","Commercial","Commercial","720","13","secondary + tag","0","4","1","5","Sub-category / Product / Blog","/shop/spirit/collection/don-julio/ ; /shop/spirit/don-julio-1942-ultima-reserva-extra-anejo/ ; /shop/spirit/don-julio-1942-50ml-don-julio/"
"reposado don julio","Informational, Commercial","Commercial","720","11","secondary + tag","0","13","3","16","Sub-category / Product / Blog","/shop/spirit/collection/don-julio/ ; /shop/spirit/don-julio-1942-ultima-reserva-extra-anejo/ ; /shop/spirit/don-julio-1942-50ml-don-julio/"
"1942 tequila anejo","Commercial","Commercial","720","14","secondary + tag","0","1","7","8","Sub-category / Product / Blog","/shop/spirit/collection/don-julio/ ; /shop/spirit/collection/white-tequila/ ; /shop/spirit/collection/gold-tequila/"
"patrón tequila","Navigational, Commercial","Commercial","720","22","secondary + tag","0","14","6","20","Sub-category / Product","/shop/spirit/collection/white-tequila/ ; /shop/spirit/collection/gold-tequila/ ; /shop/spirit/cabo-wabo-blanco-white-tequila/"
"tequila blanco","Informational, Commercial","Commercial","720","23","secondary + tag","0","14","6","20","Sub-category / Product","/shop/spirit/collection/white-tequila/ ; /shop/spirit/collection/gold-tequila/ ; /shop/spirit/cabo-wabo-blanco-white-tequila/"
"captain morgan rum","Informational, Commercial","Commercial","720","15","secondary + tag","0","9","13","22","Sub-category / Product / Blog","/shop/spirit/collection/spiced-rum/ ; /shop/spirit/collection/white-rum/ ; /shop/spirit/collection/rum/"
"plantation rum","Informational, Commercial","Commercial","720","12","secondary + tag","0","5","17","22","Sub-category / Product / Blog","/shop/spirit/collection/spiced-rum/ ; /shop/spirit/collection/white-rum/ ; /shop/spirit/collection/rum/"
"premium rum","Commercial","Commercial","720","10","secondary + tag","0","5","17","22","Sub-category / Product / Blog","/shop/spirit/collection/spiced-rum/ ; /shop/spirit/collection/white-rum/ ; /shop/spirit/collection/rum/"
"gin brands","Informational, Commercial","Commercial","720","25","secondary + tag","0","12","2","14","Sub-category / Product / Blog","/shop/spirit/collection/gin/ ; /shop/spirit/collection/pink-gin/ ; /shop/spirit/bombay-sapphire-gin/"
"louis xiii cognac","Informational, Commercial","Commercial","720","12","secondary + tag","0","28","12","40","Sub-category / Product / Blog","/shop/spirit/collection/baijiu/ ; /shop/spirit/collection/cognac-brandy/ ; /shop/spirit/louis-xiii-de-remy-martin-grande-champagne-cognac/"
"baileys irish cream 1l","Commercial","Commercial","720","12","secondary + tag","0","3","1","4","Sub-category / Product / Blog","/shop/spirit/collection/baileys-irish-cream/ ; /shop/spirit/baileys-1l-baileys-irish-cream/ ; /shop/spirit/sheridans-1l-baileys-irish-cream/"
"baileys 1l","Commercial","Commercial","720","16","secondary + tag","0","3","1","4","Sub-category / Product / Blog","/shop/spirit/collection/baileys-irish-cream/ ; /shop/spirit/baileys-1l-baileys-irish-cream/ ; /shop/spirit/sheridans-1l-baileys-irish-cream/"
"st germain cafe","Commercial","Commercial","720","10","secondary","0","6","0","6","Sub-category / Product","/shop/spirit/collection/orange-liqueur/ ; /shop/spirit/1800-guachimonton-orange-liqueur/ ; /shop/spirit/cointreau-50ml-orange-liqueur/"
"jagermeister cost","Informational, Commercial","Commercial","720","12","secondary + tag","0","12","1","13","Sub-category / Product / Blog","/shop/spirit/collection/amaro/ ; /shop/spirit/chartreuse-vep-green-herbal-liqueur/ ; /shop/spirit/jagermeister-orange-orange-liqueur/"
"beer flavored","Commercial","Commercial","720","17","secondary + tag","0","1","12","13","Sub-category / Product","/shop/beer-premix-wine/collection/lager/ ; /shop/beer-premix-wine/collection/australian-beer/ ; /shop/beer-premix-wine/collection/german-beer/"
"balter beer australia","Navigational, Commercial","Commercial","720","22","secondary + tag","0","1","12","13","Sub-category / Product","/shop/beer-premix-wine/collection/lager/ ; /shop/beer-premix-wine/collection/australian-beer/ ; /shop/beer-premix-wine/collection/german-beer/"
"best aussie beer","Commercial","Commercial","720","10","secondary + tag","0","1","12","13","Sub-category / Product","/shop/beer-premix-wine/collection/lager/ ; /shop/beer-premix-wine/collection/australian-beer/ ; /shop/beer-premix-wine/collection/german-beer/"
"porter beer","Informational, Commercial","Commercial","720","21","secondary + tag","0","1","10","11","Sub-category / Product","/shop/beer-premix-wine/collection/lager/ ; /shop/beer-premix-wine/collection/australian-beer/ ; /shop/beer-premix-wine/budweiser-330ml-lager/"
"belgium beer","Commercial","Commercial","720","21","secondary + tag","0","1","9","10","Sub-category / Product","/shop/beer-premix-wine/collection/lager/ ; /shop/beer-premix-wine/collection/australian-beer/ ; /shop/beer-premix-wine/budweiser-330ml-lager/"
"0 carb beer","Commercial","Commercial","720","15","secondary + tag","0","1","3","4","Sub-category / Blog","/shop/beer-premix-wine/collection/lager/ ; /shop/beer-premix-wine/collection/prosecco/ ; /shop/beer-premix-wine/collection/low-carb-beer/"
"hoegaarden beer","Informational, Commercial","Commercial","720","15","secondary + tag","0","7","4","11","Sub-category / Product","/shop/beer-premix-wine/collection/imported-beer/ ; /shop/beer-premix-wine/collection/prosecco/ ; /shop/beer-premix-wine/collection/german-beer/"
"ipa on beer","Commercial","Commercial","720","19","secondary + tag","0","6","8","14","Sub-category / Product / Blog","/shop/beer-premix-wine/collection/imported-beer/ ; /shop/beer-premix-wine/collection/australian-beer/ ; /shop/beer-premix-wine/corona-brown-box-355-bottles-imported-beer/"
"low alcohol beer","Informational, Commercial","Commercial","720","19","secondary + tag","0","8","16","24","Sub-category / Product / Blog","/shop/beer-premix-wine/collection/imported-beer/ ; /shop/beer-premix-wine/collection/non-alcoholic-beer/ ; /shop/beer-premix-wine/collection/australian-beer/"
"hazy pale ale","Informational, Commercial","Commercial","720","8","secondary + tag","0","3","10","13","Sub-category / Product","/shop/beer-premix-wine/collection/imported-beer/ ; /shop/beer-premix-wine/collection/australian-beer/ ; /shop/beer-premix-wine/corona-brown-box-355-bottles-imported-beer/"
"4 pines pale ale","Informational, Commercial","Commercial","720","22","secondary + tag","0","1","5","6","Sub-category / Product","/shop/beer-premix-wine/collection/imported-beer/ ; /shop/beer-premix-wine/collection/australian-beer/ ; /shop/beer-premix-wine/victoria-bitter-vb-beer-case-4-x-6-pack-bottles/"
"pilsner beer","Informational, Commercial","Commercial","720","16","secondary + tag","0","1","13","14","Sub-category / Product / Blog","/shop/beer-premix-wine/collection/imported-beer/ ; /shop/beer-premix-wine/collection/australian-beer/ ; /shop/beer-premix-wine/corona-brown-box-355-bottles-imported-beer/"
"balter hazy ipa","Informational, Commercial","Commercial","720","15","tag","0","0","14","14","Sub-category / Product / Blog","/shop/beer-premix-wine/collection/imported-beer/ ; /shop/beer-premix-wine/collection/australian-beer/ ; /shop/beer-premix-wine/corona-brown-box-355-bottles-imported-beer/"
"coopers pale ale cans","Commercial","Commercial","720","11","tag","0","0","12","12","Sub-category / Product","/shop/beer-premix-wine/collection/imported-beer/ ; /shop/beer-premix-wine/corona-brown-box-355-bottles-imported-beer/ ; /shop/beer-premix-wine/heineken-500ml-imported-beer/"
"malbec red wine","Informational, Commercial","Commercial","720","14","secondary + tag","0","1","12","13","Sub-category / Product / Blog","/shop/beer-premix-wine/collection/red-wine/ ; /shop/beer-premix-wine/collection/prosecco/ ; /shop/beer-premix-wine/penfolds-grange-2018-shiraz-australian-icon/"
"sav blanc wine","Commercial","Commercial","720","15","secondary + tag","0","6","11","17","Sub-category / Product","/shop/beer-premix-wine/collection/white-wine/ ; /shop/beer-premix-wine/collection/sauvignon-blanc/ ; /shop/beer-premix-wine/alexanderhill-chardonnay-white-wine/"
"sparkling rose wine","Informational, Commercial","Commercial","720","15","secondary + tag","0","17","2","19","Sub-category / Product / Blog","/shop/beer-premix-wine/collection/rose-wine/ ; /shop/beer-premix-wine/collection/sparkling/ ; /shop/beer-premix-wine/dom-perignon-vintage-rose-champagne-2008/"
"sparkling wines","Informational, Commercial","Commercial","720","19","secondary","0","6","0","6","Sub-category / Product","/shop/beer-premix-wine/collection/sparkling/ ; /shop/beer-premix-wine/dom-perignon-vintage-rose-champagne-2008/ ; /shop/beer-premix-wine/laurent-perrier-brut-nogb-sparkling-wine/"
"sparkling mineral water","Informational, Commercial","Commercial","720","10","secondary","0","6","0","6","Sub-category / Product","/shop/beer-premix-wine/collection/sparkling/ ; /shop/beer-premix-wine/dom-perignon-vintage-rose-champagne-2008/ ; /shop/beer-premix-wine/laurent-perrier-brut-nogb-sparkling-wine/"
"arras sparkling wine","Commercial","Commercial","720","17","secondary + tag","0","6","1","7","Sub-category / Product / Blog","/shop/beer-premix-wine/collection/sparkling/ ; /shop/beer-premix-wine/dom-perignon-vintage-rose-champagne-2008/ ; /shop/beer-premix-wine/laurent-perrier-brut-nogb-sparkling-wine/"
"cruiser drink","Informational, Commercial","Commercial","720","17","secondary + tag","0","12","1","13","Sub-category / Product","/shop/beer-premix-wine/collection/vodka-premix/ ; /shop/beer-premix-wine/24-ice-frozen-cocktails-5pack-vodka-premix/ ; /shop/beer-premix-wine/24-ice-gin-tonic/"
"vodka cruiser double","Commercial","Commercial","720","15","secondary + tag","0","12","1","13","Sub-category / Product","/shop/beer-premix-wine/collection/vodka-premix/ ; /shop/beer-premix-wine/24-ice-frozen-cocktails-5pack-vodka-premix/ ; /shop/beer-premix-wine/24-ice-gin-tonic/"
"red bull no sugar","Informational, Commercial","Commercial","720","23","secondary","0","6","0","6","Sub-category / Product","/shop/beer-premix-wine/collection/zero-sugar-seltzers/ ; /shop/beer-premix-wine/d9-sparkling-grape-zero-sugar/ ; /shop/beer-premix-wine/d9-strong-sparkling-grape-zero-sugar/"
"red bull sugar free","Commercial","Commercial","720","17","secondary","0","6","0","6","Sub-category / Product","/shop/beer-premix-wine/collection/zero-sugar-seltzers/ ; /shop/beer-premix-wine/d9-sparkling-grape-zero-sugar/ ; /shop/beer-premix-wine/d9-strong-sparkling-grape-zero-sugar/"
"sugar free","Informational, Commercial","Commercial","720","9","secondary","0","6","0","6","Sub-category / Product","/shop/beer-premix-wine/collection/zero-sugar-seltzers/ ; /shop/beer-premix-wine/d9-sparkling-grape-zero-sugar/ ; /shop/beer-premix-wine/d9-strong-sparkling-grape-zero-sugar/"
"sugar free v","Commercial","Commercial","720","13","secondary","0","6","0","6","Sub-category / Product","/shop/beer-premix-wine/collection/zero-sugar-seltzers/ ; /shop/beer-premix-wine/d9-sparkling-grape-zero-sugar/ ; /shop/beer-premix-wine/d9-strong-sparkling-grape-zero-sugar/"
"hard rated zero sugar","Commercial","Commercial","720","10","secondary + tag","0","6","1","7","Sub-category / Product / Blog","/shop/beer-premix-wine/collection/zero-sugar-seltzers/ ; /shop/beer-premix-wine/d9-sparkling-grape-zero-sugar/ ; /shop/beer-premix-wine/d9-strong-sparkling-grape-zero-sugar/"
"no sugar lollies","Commercial","Commercial","720","21","secondary","0","6","0","6","Sub-category / Product","/shop/beer-premix-wine/collection/zero-sugar-seltzers/ ; /shop/beer-premix-wine/d9-sparkling-grape-zero-sugar/ ; /shop/beer-premix-wine/d9-strong-sparkling-grape-zero-sugar/"
"magners cider","Informational, Commercial","Commercial","720","13","secondary + tag","0","6","2","8","Sub-category / Product / Blog","/shop/beer-premix-wine/collection/cider/ ; /shop/beer-premix-wine/little-fat-lamb-creaming-soda/ ; /shop/beer-premix-wine/little-fat-lamb-fantasy-cider/"
"5 seeds cider","Informational, Commercial","Commercial","720","12","secondary + tag","0","1","1","2","Sub-category / Blog","/shop/beer-premix-wine/collection/cider/ ; /blog/guide-to-australian-craft-cider/"
"hardcore cider","Commercial","Commercial","720","8","secondary + tag","0","6","2","8","Sub-category / Product / Blog","/shop/beer-premix-wine/collection/cider/ ; /shop/beer-premix-wine/little-fat-lamb-creaming-soda/ ; /shop/beer-premix-wine/little-fat-lamb-fantasy-cider/"
"somersby apple cider 10 pack","Commercial","Commercial","720","12","secondary + tag","0","1","1","2","Sub-category / Blog","/shop/beer-premix-wine/collection/cider/ ; /blog/guide-to-australian-craft-cider/"
"cider dresses","Commercial","Commercial","720","17","secondary + tag","0","6","2","8","Sub-category / Product / Blog","/shop/beer-premix-wine/collection/cider/ ; /shop/beer-premix-wine/little-fat-lamb-creaming-soda/ ; /shop/beer-premix-wine/little-fat-lamb-fantasy-cider/"
"strongbow apple cider","Commercial","Commercial","720","8","secondary + tag","0","6","2","8","Sub-category / Product / Blog","/shop/beer-premix-wine/collection/cider/ ; /shop/beer-premix-wine/little-fat-lamb-creaming-soda/ ; /shop/beer-premix-wine/little-fat-lamb-fantasy-cider/"
"white rabbit beer","Informational, Commercial","Commercial","720","7","secondary + tag","0","1","4","5","Sub-category / Product","/shop/beer-premix-wine/collection/prosecco/ ; /shop/beer-premix-wine/budweiser-330ml-lager/ ; /shop/beer-premix-wine/corona-brown-box-355-bottles-lager/"
"low carb beers","Commercial","Commercial","720","15","secondary + tag","0","2","1","3","Sub-category / Product / Blog","/shop/beer-premix-wine/collection/low-carb-beer/ ; /shop/beer-premix-wine/pure-blonde-ultra-low-carb-lager-case-4-x-6-pack-bottles/ ; /blog/beer-with-least-carbs-lowest-carb-beer-australia/"
"johnnie walker gold","Informational, Commercial","Commercial","720","28","secondary + tag","0","3","1","4","Product","/shop/whisky/johnnie-walker-king-george-v-rare-edition/ ; /shop/whisky/johnnie-walker-15yo-sherry-scotch-whisky/ ; /shop/whisky/johnnie-walker-black-50ml-scotch-whisky/"
"gordons dry gin","Informational, Commercial","Commercial","720","10","secondary + tag","0","2","1","3","Product / Blog","/shop/spirit/gordons-gin-1l/ ; /shop/spirit/gordons-gin/ ; /blog/london-dry-vs-contemporary-gin/"
"chivas regal 18 year old","Commercial","Commercial","720","11","secondary","0","2","0","2","Product","/shop/whisky/chivas-regal-18-year-old-gold-signature-scotch-whisky/ ; /shop/whisky/chivas-regal-18-year-old-pauillac-cask-finish-blended-scotch-whisky/"
"dimple scotch","Informational","Informational","720","10","secondary","0","1","0","1","Blog","/blog/single-malt-vs-blended-scotch/"
"grants scotch","Informational, Commercial","Commercial","720","17","tag","0","0","1","1","Blog","/blog/single-malt-vs-blended-scotch/"
"black douglas scotch","Commercial","Commercial","720","12","tag","0","0","1","1","Blog","/blog/single-malt-vs-blended-scotch/"
"eagle rare bourbon","Commercial","Commercial","720","16","tag","0","0","1","1","Blog","/blog/what-makes-bourbon-different/"
"japanese vodka","Informational, Commercial","Commercial","720","14","tag","0","0","1","1","Blog","/blog/why-japanese-whisky-became-a-global-obsession/"
"lark hill winery","Navigational","Navigational","720","17","secondary","0","1","0","1","Blog","/blog/rise-of-australian-single-malt-whisky/"
"reyka vodka","Informational","Informational","720","17","secondary","0","2","0","2","Blog","/blog/how-vodka-is-made/ ; /blog/vodka-brands-absolut-skyy-titos-how-to-choose/"
"black vodka","Informational","Informational","720","14","secondary","0","2","0","2","Blog","/blog/how-vodka-is-made/ ; /blog/vodka-brands-absolut-skyy-titos-how-to-choose/"
"bison grass vodka","Informational","Informational","720","25","secondary","0","2","0","2","Blog","/blog/how-vodka-is-made/ ; /blog/vodka-brands-absolut-skyy-titos-how-to-choose/"
"zubrowka bison grass vodka","Informational","Informational","720","18","secondary","0","2","0","2","Blog","/blog/how-vodka-is-made/ ; /blog/vodka-brands-absolut-skyy-titos-how-to-choose/"
"vodka ketel","Informational","Informational","720","21","secondary","0","2","0","2","Blog","/blog/how-vodka-is-made/ ; /blog/vodka-brands-absolut-skyy-titos-how-to-choose/"
"premium french vodka","Informational","Informational","720","9","secondary","0","2","0","2","Blog","/blog/how-vodka-is-made/ ; /blog/vodka-brands-absolut-skyy-titos-how-to-choose/"
"cafe patron tequila","Informational","Informational","720","19","secondary","0","3","0","3","Blog","/blog/tequila-aging-guide-blanco-reposado-anejo/ ; /blog/don-julio-vs-patron-tequila-compared/ ; /blog/anejo-tequila-guide-reposado-blanco-brands/"
"hennessy very special cognac","Informational","Informational","720","9","secondary","0","1","0","1","Blog","/blog/cognac-vs-brandy-explained/"
"gordon gin","Informational, Commercial","Commercial","720","18","tag","0","0","1","1","Blog","/blog/london-dry-vs-contemporary-gin/"
"the kraken rum","Informational, Navigational","Navigational","720","21","secondary","0","2","0","2","Blog","/blog/white-spiced-dark-rum-guide/ ; /blog/malibu-rum-and-coconut-rum-what-they-are/"
"irish cream liqueur","Informational","Informational","720","18","secondary","0","3","0","3","Blog","/blog/best-cream-coffee-liqueurs-for-cocktails/ ; /blog/irish-whiskey-guide-bushmills-redbreast-how-its-made/ ; /blog/popular-liqueurs-licor-43-sour-puss-elderflower-amaretto/"
"soju alcohol content","Informational","Informational","720","21","secondary","0","1","0","1","Blog","/blog/soju-explained-koreas-spirit/"
"non alcoholic ginger beer","Informational","Informational","720","17","secondary","0","2","0","2","Blog","/blog/why-non-alcoholic-beer-is-booming/ ; /blog/best-mixers-for-home-bar/"
"little giant shiraz","Informational","Informational","720","12","secondary","0","1","0","1","Blog","/blog/how-to-choose-red-wine/"
"st henri shiraz 2019","Commercial","Commercial","720","12","tag","0","0","1","1","Blog","/blog/how-to-choose-red-wine/"
"browns brothers moscato","Commercial","Commercial","720","12","tag","0","0","1","1","Blog","/blog/white-wine-styles-explained/"
"belvino prosecco","Informational","Informational","720","6","secondary","0","2","0","2","Blog","/blog/champagne-vs-sparkling-wine-vs-port/ ; /blog/prosecco-guide-aperol-spritz-rose-mimosa/"
"sensi prosecco","Informational","Informational","720","13","secondary","0","2","0","2","Blog","/blog/champagne-vs-sparkling-wine-vs-port/ ; /blog/prosecco-guide-aperol-spritz-rose-mimosa/"
"moet and chandon champagne imperial brut","Informational, Commercial","Commercial","720","15","tag","0","0","2","2","Blog","/blog/champagne-vs-sparkling-wine-vs-port/ ; /blog/champagne-rose-brut-guide-veuve-clicquot-krug/"
"premix kings","Informational","Informational","720","4","secondary","0","1","0","1","Blog","/blog/ready-to-drink-premix-trend/"
"pre mixed drinks","Commercial","Commercial","720","12","tag","0","0","1","1","Blog","/blog/ready-to-drink-premix-trend/"
"ginger beer recipe","Informational","Informational","720","23","secondary","0","1","0","1","Blog","/blog/best-mixers-for-home-bar/"
"ardbeg whisky","Informational","Informational","720","11","secondary","0","3","0","3","Blog","/blog/macallan-sherry-cask-legacy/ ; /blog/how-to-store-and-cellar-rare-whisky/ ; /blog/beginners-guide-investing-in-rare-whisky/"
"johnnie walker whisky black label","Informational","Informational","720","12","secondary","0","3","0","3","Blog","/blog/macallan-sherry-cask-legacy/ ; /blog/how-to-store-and-cellar-rare-whisky/ ; /blog/beginners-guide-investing-in-rare-whisky/"
"mclane whisky","Informational","Informational","720","18","secondary","0","3","0","3","Blog","/blog/macallan-sherry-cask-legacy/ ; /blog/how-to-store-and-cellar-rare-whisky/ ; /blog/beginners-guide-investing-in-rare-whisky/"
"pinot gris grigio","Informational","Informational","720","14","secondary","0","1","0","1","Blog","/blog/pinot-grigio-vs-pinot-gris-italy-guide/"
"ipa for beer","Informational","Informational","720","24","secondary","0","1","0","1","Blog","/blog/what-is-ipa-beer-india-pale-ale-explained/"
"meaning ipa beer","Informational","Informational","720","16","secondary","0","1","0","1","Blog","/blog/what-is-ipa-beer-india-pale-ale-explained/"
"ipa beer meaning","Informational","Informational","720","19","secondary","0","1","0","1","Blog","/blog/what-is-ipa-beer-india-pale-ale-explained/"
"irish jameson","Informational","Informational","720","15","secondary","0","1","0","1","Blog","/blog/irish-whiskey-guide-bushmills-redbreast-how-its-made/"
"malibu alkohol","Informational, Commercial","Commercial","720","24","tag","0","0","1","1","Blog","/blog/malibu-rum-and-coconut-rum-what-they-are/"
"maraschino liqueur","Informational","Informational","720","22","secondary","0","1","0","1","Blog","/blog/popular-liqueurs-licor-43-sour-puss-elderflower-amaretto/"
"strawberry liqueur","Informational","Informational","720","11","secondary","0","1","0","1","Blog","/blog/popular-liqueurs-licor-43-sour-puss-elderflower-amaretto/"
"sour puss drinks","Informational, Commercial","Commercial","720","9","tag","0","0","1","1","Blog","/blog/popular-liqueurs-licor-43-sour-puss-elderflower-amaretto/"
"sour puss drink","Informational, Commercial","Commercial","720","11","tag","0","0","1","1","Blog","/blog/popular-liqueurs-licor-43-sour-puss-elderflower-amaretto/"
"what is mezcal","Informational","Informational","590","28","primary + secondary + faq","1","1","0","2","Page / Blog / FAQ","/faq/ ; /blog/mezcal-vs-tequila-difference/"
"champagne sale","Transactional","Transactional","590","16","primary","1","0","0","1","Category","/shop/beer-premix-wine/"
"vodka premix","Commercial","Commercial","590","13","primary + secondary + tag","1","10","12","23","Sub-category / Product / Blog","/shop/spirit/collection/french-vodka/ ; /shop/spirit/collection/cinnamon-liqueur/ ; /shop/beer-premix-wine/collection/vodka-premix/"
"belvedere vodka 1l","Commercial","Commercial","590","14","primary + secondary + tag","1","2","2","5","Sub-category / Product / Blog","/shop/spirit/collection/polish-vodka/ ; /shop/spirit/collection/belvedere/ ; /shop/spirit/belvedere-1l-polish-vodka/"
"belvedere vodka 700ml","Commercial","Commercial","590","10","primary + secondary + tag","1","10","1","12","Sub-category / Product / Blog","/shop/spirit/collection/belvedere/ ; /shop/spirit/belvedere-700-polish-vodka/ ; /shop/spirit/belvedere-citrus-polish-vodka/"
"coffee patron","Commercial","Commercial","590","14","primary + secondary + tag","1","16","1","18","Sub-category / Product / Blog","/shop/spirit/collection/patron/ ; /shop/spirit/gran-patron-burdeos-extra-anejo-tequila/ ; /shop/spirit/patron-50ml-collection-patron/"
"1800 anejo","Informational, Commercial","Commercial","590","16","primary + secondary","1","1","0","2","Sub-category / Product","/shop/spirit/collection/gold-tequila/ ; /shop/spirit/1800-guachimonton-orange-liqueur/"
"beer sale","Transactional","Transactional","590","18","primary","1","0","0","1","Sub-category","/shop/beer-premix-wine/collection/lager/"
"buy red wine","Transactional","Transactional","590","27","primary","1","0","0","1","Sub-category","/shop/beer-premix-wine/collection/red-wine/"
"hahn super dry low carb","Informational, Transactional","Transactional","590","10","primary","1","0","0","1","Sub-category","/shop/beer-premix-wine/collection/low-carb-beer/"
"dom pérignon","Informational, Commercial","Commercial","590","13","primary","1","0","0","1","Product","/shop/beer-premix-wine/dom-perignon-vintage-rose-champagne-2008/"
"jack daniels single barrel","Informational, Commercial","Commercial","590","15","primary + secondary","1","3","0","4","Product","/shop/whisky/jack-daniels-barrel-proof-rye-rye-whiskey/ ; /shop/other/jack-daniels-honey-bbq-sauce-mixers-water-condiments/ ; /shop/other/jack-daniels-original-bbq-sauce/"
"dark lark","Informational","Informational","590","9","primary + secondary","1","1","0","2","Product / Blog","/shop/whisky/dark-lark-2026-australian-whisky/ ; /blog/rise-of-australian-single-malt-whisky/"
"smirnoff vodka 700ml","Transactional","Transactional","590","13","primary","1","0","0","1","Product","/shop/spirit/smirnoff-red-russian-vodka/"
"silver patron tequila","Informational, Navigational","Navigational","590","20","primary + secondary","1","3","0","4","Product / Blog","/shop/spirit/patron-silver-white-tequila/ ; /blog/tequila-aging-guide-blanco-reposado-anejo/ ; /blog/don-julio-vs-patron-tequila-compared/"
"bourbon and whiskey","Informational","Informational","590","21","primary","1","0","0","1","Blog","/blog/what-makes-bourbon-different/"
"german wheat","Informational","Informational","590","12","primary","1","0","0","1","Blog","/blog/german-beer-guide-german-wheat-weissbier-pilsner/"
"highland malt scotch whiskey","Commercial","Commercial","590","10","secondary + tag","0","1","76","77","Page / Sub-category / Product / Blog","/about/ ; /shop/whisky/collection/scotch-whisky/ ; /shop/whisky/macallan-25-year-old-sherry-oak-single-malt/"
"highland single malt scotch whisky","Informational, Commercial","Commercial","590","12","secondary + tag","0","1","1","2","Page / Blog","/about/ ; /blog/single-malt-vs-blended-scotch/"
"highland park whisky","Informational, Transactional","Transactional","590","16","secondary","0","1","0","1","Page","/about/"
"highland single malt","Commercial","Commercial","590","17","secondary + tag","0","1","20","21","Page / Sub-category / Product","/about/ ; /shop/whisky/collection/scotch-whisky/ ; /shop/whisky/glendronach-1993-26-year-old-single-cask/"
"best single malt whiskey","Commercial","Commercial","590","19","secondary + tag","0","1","13","14","Page / Product","/about/ ; /shop/whisky/glendronach-1993-26-year-old-single-cask/ ; /shop/whisky/glendronach-12yo-50ml-scotch-whisky/"
"buy white wine online","Commercial","Commercial","590","11","secondary + tag","0","2","12","14","Page / Sub-category / Product / Blog","/shipping/ ; /shop/beer-premix-wine/collection/white-wine/ ; /shop/beer-premix-wine/collection/grenache/"
"gin gift pack","Commercial","Commercial","590","11","secondary + tag","0","12","3","15","Page / Sub-category / Product / Blog","/contact/ ; /shop/spirit/collection/gin/ ; /shop/spirit/collection/pink-gin/"
"bourbon is whiskey","Informational","Informational","590","17","secondary + faq","0","2","0","2","Page / Blog / FAQ","/faq/ ; /blog/what-makes-bourbon-different/"
"malt scotch whisky","Commercial","Commercial","590","24","tag","0","0","84","84","Sub-category / Product / Blog","/shop/whisky/collection/scotch-whisky/ ; /shop/whisky/macallan-25-year-old-sherry-oak-single-malt/ ; /shop/whisky/glendronach-1993-26-year-old-single-cask/"
"blended scots whisky","Informational, Commercial","Commercial","590","13","tag","0","0","80","80","Sub-category / Product","/shop/whisky/collection/scotch-whisky/ ; /shop/whisky/macallan-25-year-old-sherry-oak-single-malt/ ; /shop/whisky/glendronach-1993-26-year-old-single-cask/"
"scotch and whiskey blend","Commercial","Commercial","590","21","secondary + tag","0","7","63","70","Sub-category / Product","/shop/whisky/collection/scotch-whisky/ ; /shop/whisky/collection/irish-whiskey/ ; /shop/whisky/macallan-25-year-old-sherry-oak-single-malt/"
"scotch whiskey brands","Commercial","Commercial","590","18","tag","0","0","57","57","Sub-category / Product","/shop/whisky/collection/scotch-whisky/ ; /shop/whisky/macallan-25-year-old-sherry-oak-single-malt/ ; /shop/whisky/glendronach-1993-26-year-old-single-cask/"
"best scotch whisky","Commercial","Commercial","590","22","tag","0","0","54","54","Sub-category / Product","/shop/whisky/collection/scotch-whisky/ ; /shop/whisky/glendronach-1993-26-year-old-single-cask/ ; /shop/whisky/macallan-12yo-colour-collection-scotch-whisky/"
"singleton whisky","Informational, Commercial","Commercial","590","13","tag","0","0","30","30","Sub-category / Product","/shop/whisky/collection/scotch-whisky/ ; /shop/whisky/glendronach-1993-26-year-old-single-cask/ ; /shop/whisky/macallan-12yo-colour-collection-scotch-whisky/"
"1792 bourbon","Informational, Commercial","Commercial","590","19","secondary + tag","0","1","1","2","Sub-category / Blog","/shop/whisky/collection/bourbon/ ; /blog/what-makes-bourbon-different/"
"hibiki suntory whisky","Commercial","Commercial","590","15","secondary + tag","0","24","1","25","Sub-category / Product / Blog","/shop/whisky/collection/japanese-whisky/ ; /shop/whisky/nikka-taketsuru-21-year-old-pure-malt/ ; /shop/whisky/yamazaki-18-year-old-single-malt-japanese-whisky/"
"nikka whisky from the barrel","Commercial","Commercial","590","17","secondary + tag","0","24","1","25","Sub-category / Product / Blog","/shop/whisky/collection/japanese-whisky/ ; /shop/whisky/nikka-taketsuru-21-year-old-pure-malt/ ; /shop/whisky/yamazaki-18-year-old-single-malt-japanese-whisky/"
"vodka cans","Commercial","Commercial","590","15","secondary + tag","0","2","20","22","Sub-category / Product","/shop/spirit/collection/french-vodka/ ; /shop/spirit/collection/cinnamon-liqueur/ ; /shop/beer-premix-wine/collection/vodka-premix/"
"1l vodka","Commercial","Commercial","590","12","secondary + tag","0","1","4","5","Sub-category / Product","/shop/spirit/collection/french-vodka/ ; /shop/spirit/collection/russian-vodka/ ; /shop/beer-premix-wine/collection/vodka-premix/"
"flavoured vodka","Commercial","Commercial","590","20","secondary + tag","0","10","8","18","Sub-category / Product","/shop/spirit/collection/french-vodka/ ; /shop/spirit/collection/polish-vodka/ ; /shop/spirit/collection/vodka/"
"700ml vodka","Commercial","Commercial","590","10","secondary + tag","0","10","9","19","Sub-category / Product","/shop/spirit/collection/french-vodka/ ; /shop/spirit/collection/russian-vodka/ ; /shop/spirit/collection/vodka/"
"vodka 1 litre","Commercial","Commercial","590","12","secondary + tag","0","1","4","5","Sub-category / Product","/shop/spirit/collection/french-vodka/ ; /shop/spirit/collection/russian-vodka/ ; /shop/beer-premix-wine/collection/vodka-premix/"
"absolut vanilla vodka","Informational, Commercial","Commercial","590","15","secondary + tag","0","11","4","15","Sub-category / Product","/shop/spirit/collection/russian-vodka/ ; /shop/spirit/belenkaya-vodka/ ; /shop/spirit/beluga-gold-leather-russian-vodka/"
"silver patron","Informational, Commercial","Commercial","590","14","secondary + tag","0","16","2","18","Sub-category / Product / Blog","/shop/spirit/collection/patron/ ; /shop/spirit/gran-patron-burdeos-extra-anejo-tequila/ ; /shop/spirit/patron-50ml-collection-patron/"
"tequila don julio reposado","Commercial","Commercial","590","12","secondary + tag","0","26","6","32","Sub-category / Product / Blog","/shop/spirit/collection/don-julio/ ; /shop/spirit/collection/white-tequila/ ; /shop/spirit/collection/gold-tequila/"
"tequila reposado","Informational, Commercial","Commercial","590","14","secondary + tag","0","9","1","10","Sub-category / Product","/shop/spirit/collection/white-tequila/ ; /shop/spirit/cabo-wabo-blanco-white-tequila/ ; /shop/spirit/gran-patron-platinum-white-tequila/"
"silver tequila","Commercial","Commercial","590","11","secondary + tag","0","14","5","19","Sub-category / Product","/shop/spirit/collection/white-tequila/ ; /shop/spirit/collection/gold-tequila/ ; /shop/spirit/cabo-wabo-blanco-white-tequila/"
"casamigos reposado tequila","Informational, Commercial","Commercial","590","17","secondary","0","9","0","9","Sub-category / Product","/shop/spirit/collection/white-tequila/ ; /shop/spirit/cabo-wabo-blanco-white-tequila/ ; /shop/spirit/gran-patron-platinum-white-tequila/"
"tequila bottle","Commercial","Commercial","590","14","secondary + tag","0","14","5","19","Sub-category / Product","/shop/spirit/collection/white-tequila/ ; /shop/spirit/collection/gold-tequila/ ; /shop/spirit/cabo-wabo-blanco-white-tequila/"
"herradura tequila","Informational, Commercial","Commercial","590","16","secondary + tag","0","8","1","9","Sub-category / Product","/shop/spirit/collection/white-tequila/ ; /shop/spirit/cabo-wabo-blanco-white-tequila/ ; /shop/spirit/gran-patron-platinum-white-tequila/"
"tequila 1800","Commercial","Commercial","590","11","secondary","0","2","0","2","Sub-category / Product","/shop/spirit/collection/gold-tequila/ ; /shop/spirit/1800-guachimonton-orange-liqueur/"
"bacardi spiced rum","Commercial","Commercial","590","18","secondary + tag","0","5","10","15","Sub-category / Product / Blog","/shop/spirit/collection/spiced-rum/ ; /shop/spirit/bacardi-cuarto-sherry-spiced-rum/ ; /shop/spirit/bacardi-oakheart-spiced-rum/"
"havana club rum","Commercial","Commercial","590","13","secondary + tag","0","5","17","22","Sub-category / Product / Blog","/shop/spirit/collection/spiced-rum/ ; /shop/spirit/collection/white-rum/ ; /shop/spirit/collection/rum/"
"light rum","Commercial","Commercial","590","20","secondary + tag","0","5","17","22","Sub-category / Product / Blog","/shop/spirit/collection/spiced-rum/ ; /shop/spirit/collection/white-rum/ ; /shop/spirit/collection/rum/"
"op rum","Informational, Commercial","Commercial","590","15","secondary + tag","0","5","17","22","Sub-category / Product / Blog","/shop/spirit/collection/spiced-rum/ ; /shop/spirit/collection/white-rum/ ; /shop/spirit/collection/rum/"
"ratu spiced rum","Commercial","Commercial","590","9","secondary + tag","0","1","13","14","Sub-category / Product / Blog","/shop/spirit/collection/spiced-rum/ ; /shop/spirit/collection/cinnamon-liqueur/ ; /shop/spirit/bacardi-cuarto-sherry-spiced-rum/"
"pineapple rum","Informational, Commercial","Commercial","590","11","secondary + tag","0","1","12","13","Sub-category / Product / Blog","/shop/spirit/collection/spiced-rum/ ; /shop/spirit/collection/cinnamon-liqueur/ ; /shop/spirit/bacardi-cuarto-sherry-spiced-rum/"
"hennessy vs cognac","Commercial","Commercial","590","12","secondary + tag","0","31","8","39","Sub-category / Product / Blog","/shop/spirit/collection/cognac-brandy/ ; /shop/spirit/louis-xiii-de-remy-martin-grande-champagne-cognac/ ; /shop/spirit/martell-blue-swift-cognac-brandy/"
"martell cordon bleu","Commercial","Commercial","590","11","secondary + tag","0","27","11","38","Sub-category / Product","/shop/spirit/collection/cognac-brandy/ ; /shop/spirit/louis-xiii-de-remy-martin-grande-champagne-cognac/ ; /shop/spirit/martell-blue-swift-cognac-brandy/"
"baileys irish cream 1 litre","Commercial","Commercial","590","14","secondary + tag","0","3","1","4","Sub-category / Product / Blog","/shop/spirit/collection/baileys-irish-cream/ ; /shop/spirit/baileys-1l-baileys-irish-cream/ ; /shop/spirit/sheridans-1l-baileys-irish-cream/"
"baileys irish cream 1 litre best price","Commercial","Commercial","590","16","secondary + tag","0","3","1","4","Sub-category / Product / Blog","/shop/spirit/collection/baileys-irish-cream/ ; /shop/spirit/baileys-1l-baileys-irish-cream/ ; /shop/spirit/sheridans-1l-baileys-irish-cream/"
"baileys 700ml","Commercial","Commercial","590","11","secondary + tag","0","9","1","10","Sub-category / Product / Blog","/shop/spirit/collection/baileys-irish-cream/ ; /shop/spirit/baileys-700-baileys-irish-cream/ ; /shop/spirit/baileys-apple-pie-baileys-irish-cream/"
"choc baileys","Commercial","Commercial","590","13","secondary + tag","0","4","9","13","Sub-category / Product / Blog","/shop/spirit/collection/baileys-irish-cream/ ; /shop/spirit/baileys-1l-baileys-irish-cream/ ; /shop/spirit/baileys-700-baileys-irish-cream/"
"baileys strawberry and cream","Commercial","Commercial","590","13","secondary + tag","0","4","8","12","Sub-category / Product / Blog","/shop/spirit/collection/baileys-irish-cream/ ; /shop/spirit/baileys-700-baileys-irish-cream/ ; /shop/spirit/baileys-apple-pie-baileys-irish-cream/"
"one litre baileys","Commercial","Commercial","590","14","secondary + tag","0","4","8","12","Sub-category / Product / Blog","/shop/spirit/collection/baileys-irish-cream/ ; /shop/spirit/baileys-700-baileys-irish-cream/ ; /shop/spirit/baileys-apple-pie-baileys-irish-cream/"
"baileys flavours","Navigational, Commercial","Commercial","590","22","secondary + tag","0","4","8","12","Sub-category / Product / Blog","/shop/spirit/collection/baileys-irish-cream/ ; /shop/spirit/baileys-700-baileys-irish-cream/ ; /shop/spirit/baileys-apple-pie-baileys-irish-cream/"
"flavored baileys","Navigational, Commercial","Commercial","590","18","secondary + tag","0","12","2","14","Sub-category / Product / Blog","/shop/spirit/collection/baileys-irish-cream/ ; /shop/spirit/baileys-1l-baileys-irish-cream/ ; /shop/spirit/baileys-700-baileys-irish-cream/"
"coffee and liqueur","Informational, Commercial","Commercial","590","17","secondary + tag","0","7","5","12","Sub-category / Product / Blog","/shop/spirit/collection/coffee-liqueur/ ; /shop/spirit/avion-espresso-tequila/ ; /shop/spirit/kahlua-16abv-coffee-liqueur/"
"kahlua and coffee liqueur","Commercial","Commercial","590","22","secondary + tag","0","7","6","13","Sub-category / Product / Blog","/shop/spirit/collection/coffee-liqueur/ ; /shop/spirit/avion-espresso-tequila/ ; /shop/spirit/kahlua-16abv-coffee-liqueur/"
"cointreau 700ml","Commercial","Commercial","590","10","secondary","0","5","0","5","Sub-category / Product","/shop/spirit/collection/orange-liqueur/ ; /shop/spirit/1800-guachimonton-orange-liqueur/ ; /shop/spirit/cointreau-pourer-orange-liqueur/"
"chartreuse liqueur green","Commercial","Commercial","590","22","secondary + tag","0","11","3","14","Sub-category / Product / Blog","/shop/spirit/collection/cinnamon-liqueur/ ; /shop/spirit/collection/amaro/ ; /shop/spirit/chartreuse-vep-green-herbal-liqueur/"
"sambuca black","Informational, Commercial","Commercial","590","12","secondary + tag","0","6","1","7","Sub-category / Product","/shop/spirit/collection/cinnamon-liqueur/ ; /shop/spirit/collection/sambuca/ ; /shop/spirit/galliano-authentico-sambuca/"
"banana liqueur","Commercial","Commercial","590","15","secondary + tag","0","6","2","8","Sub-category / Product / Blog","/shop/spirit/collection/cinnamon-liqueur/ ; /shop/spirit/collection/liqueur/ ; /shop/spirit/sour-puss-apple-blended-liqueur/"
"best beer","Commercial","Commercial","590","23","secondary + tag","0","1","17","18","Sub-category / Product","/shop/beer-premix-wine/collection/imported-beer/ ; /shop/beer-premix-wine/collection/prosecco/ ; /shop/beer-premix-wine/budweiser-330ml-lager/"
"beer & cider","Commercial","Commercial","590","26","secondary + tag","0","2","16","18","Sub-category / Product / Blog","/shop/beer-premix-wine/collection/imported-beer/ ; /shop/beer-premix-wine/collection/cider/ ; /shop/beer-premix-wine/corona-brown-box-355-bottles-imported-beer/"
"dark beer","Commercial","Commercial","590","11","secondary + tag","0","1","8","9","Sub-category / Product","/shop/beer-premix-wine/collection/imported-beer/ ; /shop/beer-premix-wine/collection/pinot-grigio/ ; /shop/beer-premix-wine/corona-brown-box-355-bottles-imported-beer/"
"low alcohol ale","Commercial","Commercial","590","8","tag","0","0","8","8","Sub-category / Product","/shop/beer-premix-wine/collection/imported-beer/ ; /shop/beer-premix-wine/corona-brown-box-355-bottles-imported-beer/ ; /shop/beer-premix-wine/heineken-500ml-imported-beer/"
"reduced alcohol beer","Commercial","Commercial","590","7","secondary + tag","0","1","8","9","Sub-category / Product","/shop/beer-premix-wine/collection/imported-beer/ ; /shop/beer-premix-wine/collection/grenache/ ; /shop/beer-premix-wine/corona-brown-box-355-bottles-imported-beer/"
"non alcoholic red wine","Commercial","Commercial","590","17","secondary + tag","0","4","2","6","Sub-category / Product / Blog","/shop/beer-premix-wine/collection/non-alcoholic-beer/ ; /shop/beer-premix-wine/clausthaler-original-500ml/ ; /shop/beer-premix-wine/heineken-zero-cans-330ml-non-alcoholic-beer/"
"no alcohol beer","Informational, Commercial","Commercial","590","14","secondary","0","4","0","4","Sub-category / Product","/shop/beer-premix-wine/collection/non-alcoholic-beer/ ; /shop/beer-premix-wine/clausthaler-original-500ml/ ; /shop/beer-premix-wine/heineken-zero-cans-330ml-non-alcoholic-beer/"
"non alc wines","Commercial","Commercial","590","27","secondary","0","4","0","4","Sub-category / Product","/shop/beer-premix-wine/collection/non-alcoholic-beer/ ; /shop/beer-premix-wine/clausthaler-original-500ml/ ; /shop/beer-premix-wine/heineken-zero-cans-330ml-non-alcoholic-beer/"
"non alcoholic fizzy wine","Commercial","Commercial","590","13","secondary + tag","0","3","2","5","Sub-category / Product / Blog","/shop/beer-premix-wine/collection/non-alcoholic-beer/ ; /shop/beer-premix-wine/clausthaler-original-500ml/ ; /shop/beer-premix-wine/heineken-zero-cans-330ml-non-alcoholic-beer/"
"non alcoholic sparkling wine","Commercial","Commercial","590","8","secondary + tag","0","2","4","6","Sub-category / Product / Blog","/shop/beer-premix-wine/collection/non-alcoholic-beer/ ; /shop/beer-premix-wine/clausthaler-original-500ml/ ; /shop/beer-premix-wine/heineken-zero-cans-330ml-non-alcoholic-beer/"
"alcohol free champagne","Commercial","Commercial","590","13","secondary + tag","0","2","5","7","Sub-category / Product / Blog","/shop/beer-premix-wine/collection/non-alcoholic-beer/ ; /shop/beer-premix-wine/clausthaler-original-500ml/ ; /shop/beer-premix-wine/heineken-zero-cans-330ml-non-alcoholic-beer/"
"sparkling champagne non alcoholic","Commercial","Commercial","590","12","secondary + tag","0","1","7","8","Sub-category / Product / Blog","/shop/beer-premix-wine/collection/non-alcoholic-beer/ ; /shop/beer-premix-wine/collection/grenache/ ; /shop/beer-premix-wine/clausthaler-original-500ml/"
"best non alcoholic beer australia","Commercial","Commercial","590","14","secondary + tag","0","1","5","6","Sub-category / Product / Blog","/shop/beer-premix-wine/collection/non-alcoholic-beer/ ; /shop/beer-premix-wine/collection/grenache/ ; /shop/beer-premix-wine/clausthaler-original-500ml/"
"best zero alcohol beer","Commercial","Commercial","590","17","secondary + tag","0","1","5","6","Sub-category / Product / Blog","/shop/beer-premix-wine/collection/non-alcoholic-beer/ ; /shop/beer-premix-wine/collection/grenache/ ; /shop/beer-premix-wine/clausthaler-original-500ml/"
"ginger bear","Commercial","Commercial","590","20","secondary + tag","0","1","1","2","Sub-category / Product","/shop/beer-premix-wine/collection/ginger-beer/ ; /shop/beer-premix-wine/ginger-kid-ginger-beer/"
"alcoholic ginger beer australia","Commercial","Commercial","590","17","secondary + tag","0","1","2","3","Sub-category / Product / Blog","/shop/beer-premix-wine/collection/ginger-beer/ ; /shop/beer-premix-wine/ginger-kid-ginger-beer/ ; /blog/best-mixers-for-home-bar/"
"cascade ginger beer","Informational, Commercial","Commercial","590","11","secondary + tag","0","1","2","3","Sub-category / Product / Blog","/shop/beer-premix-wine/collection/ginger-beer/ ; /shop/beer-premix-wine/ginger-kid-ginger-beer/ ; /blog/best-mixers-for-home-bar/"
"ginger beer is non alcoholic","Informational, Commercial","Commercial","590","9","secondary + tag","0","1","3","4","Sub-category / Product / Blog","/shop/beer-premix-wine/collection/ginger-beer/ ; /shop/beer-premix-wine/ginger-kid-ginger-beer/ ; /blog/why-non-alcoholic-beer-is-booming/"
"diet ginger beer","Commercial","Commercial","590","18","secondary + tag","0","1","3","4","Sub-category / Product / Blog","/shop/beer-premix-wine/collection/ginger-beer/ ; /shop/beer-premix-wine/collection/grenache/ ; /shop/beer-premix-wine/ginger-kid-ginger-beer/"
"chardonnay white wine","Commercial","Commercial","590","26","secondary + tag","0","1","22","23","Sub-category / Product / Blog","/shop/beer-premix-wine/collection/red-wine/ ; /shop/beer-premix-wine/collection/white-wine/ ; /shop/beer-premix-wine/penfolds-grange-2018-shiraz-australian-icon/"
"pinot noir red wine","Informational, Commercial","Commercial","590","23","secondary + tag","0","3","23","26","Sub-category / Product / Blog","/shop/beer-premix-wine/collection/red-wine/ ; /shop/beer-premix-wine/collection/white-wine/ ; /shop/beer-premix-wine/collection/pinot-grigio/"
"pinot wine red","Commercial","Commercial","590","21","secondary + tag","0","1","11","12","Sub-category / Product","/shop/beer-premix-wine/collection/red-wine/ ; /shop/beer-premix-wine/collection/grenache/ ; /shop/beer-premix-wine/penfolds-grange-2018-shiraz-australian-icon/"
"sparkling white wine","Informational, Commercial","Commercial","590","11","secondary + tag","0","5","14","19","Sub-category / Product / Blog","/shop/beer-premix-wine/collection/white-wine/ ; /shop/beer-premix-wine/collection/sparkling/ ; /shop/beer-premix-wine/dom-perignon-vintage-rose-champagne-2008/"
"best white wine","Commercial","Commercial","590","11","secondary + tag","0","1","12","13","Sub-category / Product / Blog","/shop/beer-premix-wine/collection/white-wine/ ; /shop/beer-premix-wine/collection/grenache/ ; /shop/beer-premix-wine/alexanderhill-chardonnay-white-wine/"
"sweet white wines","Informational, Commercial","Commercial","590","11","tag","0","0","11","11","Sub-category / Product","/shop/beer-premix-wine/collection/white-wine/ ; /shop/beer-premix-wine/alexanderhill-chardonnay-white-wine/ ; /shop/beer-premix-wine/alexanderhill-rose-white-wine/"
"rose sparkling wine","Informational, Commercial","Commercial","590","17","secondary + tag","0","14","6","20","Sub-category / Product / Blog","/shop/beer-premix-wine/collection/rose-wine/ ; /shop/beer-premix-wine/collection/sparkling/ ; /shop/beer-premix-wine/dom-perignon-vintage-rose-champagne-2008/"
"sparkling red","Informational, Commercial","Commercial","590","12","secondary + tag","0","5","2","7","Sub-category / Product","/shop/beer-premix-wine/collection/sparkling/ ; /shop/beer-premix-wine/dom-perignon-vintage-rose-champagne-2008/ ; /shop/beer-premix-wine/gh-mumm-corodn-rouge-brut-sparkling-wine/"
"cheap champagne","Commercial","Commercial","590","12","secondary + tag","0","8","7","15","Sub-category / Product / Blog","/shop/beer-premix-wine/collection/sparkling/ ; /shop/beer-premix-wine/collection/champagne/ ; /shop/beer-premix-wine/dom-perignon-vintage-rose-champagne-2008/"
"tasmanian sparkling wine","Commercial","Commercial","590","12","secondary + tag","0","1","7","8","Sub-category / Product / Blog","/shop/beer-premix-wine/collection/sparkling/ ; /shop/beer-premix-wine/dom-perignon-vintage-rose-champagne-2008/ ; /shop/beer-premix-wine/laurent-perrier-brut-nogb-sparkling-wine/"
"sweet champagne","Informational, Commercial","Commercial","590","14","secondary + tag","0","7","7","14","Sub-category / Product / Blog","/shop/beer-premix-wine/collection/sparkling/ ; /shop/beer-premix-wine/collection/champagne/ ; /shop/beer-premix-wine/dom-perignon-vintage-rose-champagne-2008/"
"double vodka cruisers","Commercial","Commercial","590","12","secondary + tag","0","1","12","13","Sub-category / Product","/shop/beer-premix-wine/collection/vodka-premix/ ; /shop/beer-premix-wine/24-ice-frozen-cocktails-5pack-vodka-premix/ ; /shop/beer-premix-wine/24-ice-gin-tonic/"
"solo zero sugar","Commercial","Commercial","590","13","secondary + tag","0","6","1","7","Sub-category / Product / Blog","/shop/beer-premix-wine/collection/zero-sugar-seltzers/ ; /shop/beer-premix-wine/d9-sparkling-grape-zero-sugar/ ; /shop/beer-premix-wine/d9-strong-sparkling-grape-zero-sugar/"
"vanilla coke no sugar","Informational, Commercial","Commercial","590","16","secondary","0","6","0","6","Sub-category / Product","/shop/beer-premix-wine/collection/zero-sugar-seltzers/ ; /shop/beer-premix-wine/d9-sparkling-grape-zero-sugar/ ; /shop/beer-premix-wine/d9-strong-sparkling-grape-zero-sugar/"
"apple cider somersby","Commercial","Commercial","590","12","secondary + tag","0","6","2","8","Sub-category / Product / Blog","/shop/beer-premix-wine/collection/cider/ ; /shop/beer-premix-wine/little-fat-lamb-creaming-soda/ ; /shop/beer-premix-wine/little-fat-lamb-fantasy-cider/"
"scapegoat cider","Informational, Commercial","Commercial","590","17","secondary + tag","0","1","7","8","Sub-category / Product / Blog","/shop/beer-premix-wine/collection/cider/ ; /shop/beer-premix-wine/little-fat-lamb-creaming-soda/ ; /shop/beer-premix-wine/little-fat-lamb-fantasy-cider/"
"glenfiddich whiskey","Commercial","Commercial","590","20","secondary","0","7","0","7","Sub-category / Product","/shop/whisky/collection/irish-whiskey/ ; /shop/whisky/bushmills-original-blended-irish-whiskey/ ; /shop/whisky/bushmills-14-year-old-malaga-cask-finish-single-malt-irish-whiskey/"
"whiskey from ireland","Informational, Commercial","Commercial","590","10","secondary","0","7","0","7","Sub-category / Product","/shop/whisky/collection/irish-whiskey/ ; /shop/whisky/bushmills-original-blended-irish-whiskey/ ; /shop/whisky/bushmills-14-year-old-malaga-cask-finish-single-malt-irish-whiskey/"
"irish whiskey brands","Informational, Commercial","Commercial","590","18","secondary + tag","0","7","1","8","Sub-category / Product / Blog","/shop/whisky/collection/irish-whiskey/ ; /shop/whisky/bushmills-original-blended-irish-whiskey/ ; /shop/whisky/bushmills-14-year-old-malaga-cask-finish-single-malt-irish-whiskey/"
"redbreast irish whiskey","Commercial","Commercial","590","11","secondary + tag","0","7","1","8","Sub-category / Product / Blog","/shop/whisky/collection/irish-whiskey/ ; /shop/whisky/bushmills-original-blended-irish-whiskey/ ; /shop/whisky/bushmills-14-year-old-malaga-cask-finish-single-malt-irish-whiskey/"
"smirnoff 700ml","Commercial","Commercial","590","11","secondary + tag","0","3","1","4","Sub-category / Product","/shop/spirit/collection/vodka/ ; /shop/spirit/smirnoff-red-russian-vodka/ ; /shop/spirit/smirnoff-white-russian-vodka/"
"beer carton","Informational, Commercial","Commercial","590","13","secondary + tag","0","1","9","10","Sub-category / Product","/shop/beer-premix-wine/collection/prosecco/ ; /shop/beer-premix-wine/budweiser-330ml-lager/ ; /shop/beer-premix-wine/corona-brown-box-355-bottles-lager/"
"best australian beer","Commercial","Commercial","590","12","secondary + tag","0","1","8","9","Sub-category / Product / Blog","/shop/beer-premix-wine/collection/prosecco/ ; /shop/beer-premix-wine/budweiser-330ml-lager/ ; /shop/beer-premix-wine/corona-brown-box-355-bottles-lager/"
"best beer australia","Commercial","Commercial","590","20","secondary + tag","0","1","3","4","Sub-category / Product","/shop/beer-premix-wine/collection/prosecco/ ; /shop/beer-premix-wine/victoria-bitter-vb-beer-case-cans/ ; /shop/beer-premix-wine/victoria-bitter-vb-beer-block-cans/"
"lite beer","Informational, Commercial","Commercial","590","19","secondary","0","1","0","1","Sub-category","/shop/beer-premix-wine/collection/pinot-grigio/"
"full strength beer","Informational, Commercial","Commercial","590","12","secondary + tag","0","2","1","3","Sub-category / Product","/shop/beer-premix-wine/collection/pinot-grigio/ ; /shop/beer-premix-wine/collection/low-carb-beer/ ; /shop/beer-premix-wine/pure-blonde-ultra-low-carb-lager-case-4-x-6-pack-bottles/"
"beer with no carbs","Commercial","Commercial","590","17","secondary + tag","0","1","1","2","Sub-category / Blog","/shop/beer-premix-wine/collection/pinot-grigio/ ; /blog/beer-with-least-carbs-lowest-carb-beer-australia/"
"best low carb beer australia","Commercial","Commercial","590","17","secondary + tag","0","2","1","3","Sub-category / Product / Blog","/shop/beer-premix-wine/collection/low-carb-beer/ ; /shop/beer-premix-wine/pure-blonde-ultra-low-carb-lager-case-4-x-6-pack-bottles/ ; /blog/beer-with-least-carbs-lowest-carb-beer-australia/"
"low calorie beer australia","Informational, Commercial","Commercial","590","13","secondary + tag","0","2","1","3","Sub-category / Product / Blog","/shop/beer-premix-wine/collection/low-carb-beer/ ; /shop/beer-premix-wine/pure-blonde-ultra-low-carb-lager-case-4-x-6-pack-bottles/ ; /blog/beer-with-least-carbs-lowest-carb-beer-australia/"
"less alcohol beer","Informational, Commercial","Commercial","590","15","secondary","0","1","0","1","Sub-category","/shop/beer-premix-wine/collection/grenache/"
"double black johnnie walker","Commercial","Commercial","590","19","secondary","0","4","0","4","Product","/shop/whisky/johnnie-walker-king-george-v-rare-edition/ ; /shop/whisky/johnnie-walker-15yo-sherry-scotch-whisky/ ; /shop/whisky/johnnie-walker-black-50ml-scotch-whisky/"
"johnnie walker black label scotch","Informational, Commercial","Commercial","590","27","secondary","0","4","0","4","Product","/shop/whisky/johnnie-walker-king-george-v-rare-edition/ ; /shop/whisky/johnnie-walker-15yo-sherry-scotch-whisky/ ; /shop/whisky/johnnie-walker-black-50ml-scotch-whisky/"
"macallan 12 sherry oak","Commercial","Commercial","590","11","secondary + tag","0","1","1","2","Product / Blog","/shop/whisky/macallan-12-sherry-oak-scotch-whisky/ ; /blog/macallan-sherry-cask-legacy/"
"macallan 12 double cask","Informational, Commercial","Commercial","590","13","secondary + tag","0","1","1","2","Product / Blog","/shop/whisky/macallan-12-sherry-oak-scotch-whisky/ ; /blog/macallan-sherry-cask-legacy/"
"royal salute 21 year old","Commercial","Commercial","590","9","secondary","0","1","0","1","Product","/shop/whisky/royal-salute-21-jodjpur-polo-50ml-scotch-whisky/"
"johnnie walker black label 700ml","Commercial","Commercial","590","12","tag","0","0","2","2","Product","/shop/whisky/johnnie-walker-15yo-sherry-scotch-whisky/ ; /shop/whisky/johnnie-walker-xr-scotch-whisky/"
"johnnie walker blue label 700ml","Commercial","Commercial","590","13","tag","0","0","2","2","Product","/shop/whisky/johnnie-walker-15yo-sherry-scotch-whisky/ ; /shop/whisky/johnnie-walker-xr-scotch-whisky/"
"johnnie walker red label 700ml","Commercial","Commercial","590","13","tag","0","0","2","2","Product","/shop/whisky/johnnie-walker-15yo-sherry-scotch-whisky/ ; /shop/whisky/johnnie-walker-xr-scotch-whisky/"
"smirnoff 1l","Commercial","Commercial","590","12","secondary","0","3","0","3","Product","/shop/spirit/smirnoff-blue-1l-russian-vodka/ ; /shop/spirit/smirnoff-gold-1l-russian-vodka/ ; /shop/spirit/smirnoff-gold-1l-cinnamon-liqueur/"
"alize beverage","Informational, Commercial","Commercial","590","21","secondary","0","2","0","2","Product","/shop/spirit/alize-bleu-cognac-brandy/ ; /shop/spirit/alize-gold-750-cognac-brandy/"
"grog alcohol","Informational, Commercial","Commercial","590","11","secondary","0","1","0","1","Product","/shop/beer-premix-wine/grog-lemon-ice-vodka-premix/"
"uisque suntory","Informational, Commercial","Commercial","590","20","tag","0","0","1","1","Blog","/blog/why-japanese-whisky-became-a-global-obsession/"
"lark run","Informational, Navigational","Navigational","590","27","secondary","0","1","0","1","Blog","/blog/rise-of-australian-single-malt-whisky/"
"australian vodka","Informational","Informational","590","10","secondary","0","3","0","3","Blog","/blog/how-vodka-is-made/ ; /blog/vodka-brands-absolut-skyy-titos-how-to-choose/ ; /blog/australian-beer-guide-lager-vb-craft-brands/"
"finlandia vodka","Informational","Informational","590","14","secondary","0","2","0","2","Blog","/blog/how-vodka-is-made/ ; /blog/vodka-brands-absolut-skyy-titos-how-to-choose/"
"vodka sky","Informational","Informational","590","18","secondary","0","2","0","2","Blog","/blog/how-vodka-is-made/ ; /blog/vodka-brands-absolut-skyy-titos-how-to-choose/"
"patron reposado","Informational","Informational","590","17","secondary","0","3","0","3","Blog","/blog/tequila-aging-guide-blanco-reposado-anejo/ ; /blog/don-julio-vs-patron-tequila-compared/ ; /blog/anejo-tequila-guide-reposado-blanco-brands/"
"mezcal tequila","Informational","Informational","590","17","secondary","0","3","0","3","Blog","/blog/tequila-aging-guide-blanco-reposado-anejo/ ; /blog/mezcal-vs-tequila-difference/ ; /blog/anejo-tequila-guide-reposado-blanco-brands/"
"vsop cognac","Informational","Informational","590","13","secondary","0","1","0","1","Blog","/blog/cognac-vs-brandy-explained/"
"captain morgan black spiced rum","Informational","Informational","590","13","secondary","0","2","0","2","Blog","/blog/white-spiced-dark-rum-guide/ ; /blog/malibu-rum-and-coconut-rum-what-they-are/"
"campari soda","Informational","Informational","590","18","secondary","0","1","0","1","Blog","/blog/amaro-101-italy-bittersweet-tradition/"
"baileys alcohol","Informational","Informational","590","21","secondary","0","1","0","1","Blog","/blog/best-cream-coffee-liqueurs-for-cocktails/"
"alcohol percentage in soju","Informational","Informational","590","27","secondary","0","1","0","1","Blog","/blog/soju-explained-koreas-spirit/"
"rose cider","Informational","Informational","590","13","secondary","0","1","0","1","Blog","/blog/guide-to-australian-craft-cider/"
"oyster bay pinot noir","Informational","Informational","590","15","secondary","0","2","0","2","Blog","/blog/how-to-choose-red-wine/ ; /blog/pinot-grigio-vs-pinot-gris-italy-guide/"
"red wine shiraz","Informational","Informational","590","24","secondary","0","1","0","1","Blog","/blog/how-to-choose-red-wine/"
"lambrusco red wine","Informational, Commercial","Commercial","590","17","tag","0","0","1","1","Blog","/blog/how-to-choose-red-wine/"
"sparkling moscato","Informational","Informational","590","14","secondary","0","1","0","1","Blog","/blog/white-wine-styles-explained/"
"moscato rose wine","Informational, Commercial","Commercial","590","17","tag","0","0","2","2","Blog","/blog/white-wine-styles-explained/ ; /blog/everything-about-rose-wine/"
"prosecco rose","Informational","Informational","590","19","secondary","0","3","0","3","Blog","/blog/everything-about-rose-wine/ ; /blog/champagne-vs-sparkling-wine-vs-port/ ; /blog/prosecco-guide-aperol-spritz-rose-mimosa/"
"how to make ginger beer","Informational","Informational","590","25","secondary","0","1","0","1","Blog","/blog/best-mixers-for-home-bar/"
"seoul tonic","Navigational","Navigational","590","9","secondary","0","1","0","1","Blog","/blog/best-mixers-for-home-bar/"
"dimple whisky","Informational","Informational","590","13","secondary","0","3","0","3","Blog","/blog/macallan-sherry-cask-legacy/ ; /blog/how-to-store-and-cellar-rare-whisky/ ; /blog/beginners-guide-investing-in-rare-whisky/"
"black douglas whisky","Informational","Informational","590","12","secondary","0","3","0","3","Blog","/blog/macallan-sherry-cask-legacy/ ; /blog/how-to-store-and-cellar-rare-whisky/ ; /blog/beginners-guide-investing-in-rare-whisky/"
"islay whisky laphroaig","Navigational","Navigational","590","18","secondary","0","3","0","3","Blog","/blog/macallan-sherry-cask-legacy/ ; /blog/how-to-store-and-cellar-rare-whisky/ ; /blog/beginners-guide-investing-in-rare-whisky/"
"the macallan 12 year old","Informational, Commercial","Commercial","590","11","tag","0","0","1","1","Blog","/blog/macallan-sherry-cask-legacy/"
"belvedere woody point","Navigational","Navigational","590","19","secondary","0","1","0","1","Blog","/blog/grey-goose-vs-belvedere-vodka-compared/"
"the belvedere at toscana","Navigational","Navigational","590","28","secondary","0","1","0","1","Blog","/blog/grey-goose-vs-belvedere-vodka-compared/"
"the belvedere oxley avenue woody point qld","Navigational","Navigational","590","28","secondary","0","1","0","1","Blog","/blog/grey-goose-vs-belvedere-vodka-compared/"
"grey goose lemon ace","Informational","Informational","590","16","secondary","0","1","0","1","Blog","/blog/grey-goose-vs-belvedere-vodka-compared/"
"cinzano vermouth","Informational","Informational","590","22","secondary","0","1","0","1","Blog","/blog/what-is-vermouth-sweet-dry-cocktails/"
"pinot gris wine","Informational","Informational","590","23","secondary","0","1","0","1","Blog","/blog/pinot-grigio-vs-pinot-gris-italy-guide/"
"lowest carb beer australia","Informational","Informational","590","12","secondary","0","1","0","1","Blog","/blog/beer-with-least-carbs-lowest-carb-beer-australia/"
"ipa beer definition","Informational","Informational","590","17","secondary","0","1","0","1","Blog","/blog/what-is-ipa-beer-india-pale-ale-explained/"
"malibu liqueur","Informational","Informational","590","16","secondary","0","1","0","1","Blog","/blog/malibu-rum-and-coconut-rum-what-they-are/"
"coconut liqueur","Informational, Commercial","Commercial","590","8","tag","0","0","2","2","Blog","/blog/malibu-rum-and-coconut-rum-what-they-are/ ; /blog/popular-liqueurs-licor-43-sour-puss-elderflower-amaretto/"
"pistachio liqueur","Informational, Commercial","Commercial","590","15","tag","0","0","1","1","Blog","/blog/popular-liqueurs-licor-43-sour-puss-elderflower-amaretto/"
"watermelon liqueur","Informational, Commercial","Commercial","590","10","tag","0","0","1","1","Blog","/blog/popular-liqueurs-licor-43-sour-puss-elderflower-amaretto/"
"kirsch liqueur","Informational, Commercial","Commercial","590","28","tag","0","0","1","1","Blog","/blog/popular-liqueurs-licor-43-sour-puss-elderflower-amaretto/"
"australian beer brands","Informational","Informational","590","20","secondary","0","1","0","1","Blog","/blog/australian-beer-guide-lager-vb-craft-brands/"
"australian bubbly wine","Commercial","Commercial","590","11","tag","0","0","1","1","Blog","/blog/australian-beer-guide-lager-vb-craft-brands/"
"buy rum online","Transactional","Transactional","480","6","primary + secondary","1","1","0","2","Page / Category","/shipping/ ; /shop/spirit/"
"buy gin online","Transactional","Transactional","480","16","primary + secondary","1","1","0","2","Page / Sub-category","/shipping/ ; /shop/spirit/collection/gin/"
"whisky sale","Transactional","Transactional","480","12","primary","1","0","0","1","Category","/shop/whisky/"
"whiskey sale","Transactional","Transactional","480","18","primary","1","0","0","1","Sub-category","/shop/whisky/collection/scotch-whisky/"
"black nikka","Commercial","Commercial","480","12","primary + secondary + tag","1","23","1","25","Sub-category / Product / Blog","/shop/whisky/collection/japanese-whisky/ ; /shop/whisky/nikka-taketsuru-21-year-old-pure-malt/ ; /shop/whisky/yamazaki-18-year-old-single-malt-japanese-whisky/"
"buy vodka","Transactional","Transactional","480","18","primary","1","0","0","1","Sub-category","/shop/spirit/collection/french-vodka/"
"russian standard vodka","Commercial","Commercial","480","9","primary + secondary + tag","1","5","7","13","Sub-category / Product","/shop/spirit/collection/russian-vodka/ ; /shop/spirit/belenkaya-vodka/ ; /shop/spirit/beluga-gold-leather-russian-vodka/"
"don julio anejo","Commercial","Commercial","480","14","primary + secondary + tag","1","12","1","14","Sub-category / Product / Blog","/shop/spirit/collection/don-julio/ ; /shop/spirit/don-julio-1942-ultima-reserva-extra-anejo/ ; /shop/spirit/don-julio-1942-50ml-don-julio/"
"buy rum","Transactional","Transactional","480","13","primary","1","0","0","1","Sub-category","/shop/spirit/collection/spiced-rum/"
"black spiced rum kraken","Commercial","Commercial","480","18","primary + secondary + tag","1","5","14","20","Sub-category / Product","/shop/spirit/collection/spiced-rum/ ; /shop/spirit/collection/white-rum/ ; /shop/spirit/collection/rum/"
"chinese baijiu","Commercial","Commercial","480","26","primary + secondary + tag","1","7","1","8","Sub-category / Product / Blog","/shop/spirit/collection/baijiu/ ; /shop/spirit/kweichow-moutai-flying-fairy-baijiu-53-percent/ ; /shop/spirit/moutai-by-camus-baijiu/"
"baileys price","Transactional","Transactional","480","15","primary","1","0","0","1","Sub-category","/shop/spirit/collection/baileys-irish-cream/"
"cointreau price","Transactional","Transactional","480","12","primary","1","0","0","1","Sub-category","/shop/spirit/collection/orange-liqueur/"
"galliano black sambuca","Commercial","Commercial","480","11","primary + secondary","1","5","0","6","Sub-category / Product","/shop/spirit/collection/sambuca/ ; /shop/spirit/galliano-authentico-sambuca/ ; /shop/spirit/lucano-sambuca/"
"wine sale","Transactional","Transactional","480","17","primary","1","0","0","1","Sub-category","/shop/beer-premix-wine/collection/white-wine/"
"beer prices","Transactional","Transactional","480","18","primary","1","0","0","1","Sub-category","/shop/beer-premix-wine/collection/australian-beer/"
"gin sale","Transactional","Transactional","480","20","primary","1","0","0","1","Sub-category","/shop/spirit/collection/pink-gin/"
"red wine cabernet","Transactional","Transactional","480","15","primary","1","0","0","1","Sub-category","/shop/beer-premix-wine/collection/cabernet-sauvignon/"
"glendronach 18","Informational, Commercial","Commercial","480","9","primary + secondary","1","1","0","2","Product","/shop/whisky/glendronach-1993-26-year-old-single-cask/ ; /shop/whisky/glendronach-18-nc-scotch-whisky/"
"don julio 1942 tequila","Transactional","Transactional","480","11","primary","1","0","0","1","Product","/shop/spirit/don-julio-1942-ultima-reserva-extra-anejo/"
"nikka nikka","Informational, Transactional","Transactional","480","12","primary","1","0","0","1","Product","/shop/whisky/nikka-12-japanese-whisky/"
"grey goose vodka price","Transactional","Transactional","480","13","primary","1","0","0","1","Product","/shop/spirit/grey-goose-essences-peach-rosemary-french-vodka/"
"grey goose vodka price 1 litre","Transactional","Transactional","480","13","primary","1","0","0","1","Product","/shop/spirit/grey-goose-1l-grey-goose/"
"baileys irish cream liquor","Informational, Transactional","Transactional","480","17","primary","1","0","0","1","Product","/shop/spirit/baileys-700-baileys-irish-cream/"
"heineken zero alcohol","Informational","Informational","480","15","primary + secondary","1","1","0","2","Product / Blog","/shop/beer-premix-wine/heineken-zero-stubs-non-alcoholic-beer/ ; /blog/why-non-alcoholic-beer-is-booming/"
"jim beam white label","Commercial","Commercial","480","9","primary + secondary","1","2","0","3","Product","/shop/whisky/jim-beam-white-label-kentucky-bourbon-whiskey/ ; /shop/whisky/jim-beam-white-label-40-kentucky-straight-bourbon-whiskey/ ; /shop/whisky/jim-beam-8-year-old-pin-bottle-235th-anniversary-2025-limited-edition-kentucky-straight-bourbon-whiskey/"
"ouzo 12","Informational, Commercial","Commercial","480","12","primary + tag","1","0","1","2","Product / Blog","/shop/spirit/ouzo-12/ ; /blog/what-is-ouzo-greek-drink-flavour-serving/"
"single highland malt scotch whiskey","Commercial","Commercial","480","13","secondary + tag","0","5","3","8","Page / Sub-category / Product","/about/ ; /shop/whisky/collection/irish-whiskey/ ; /shop/whisky/bushmills-original-blended-irish-whiskey/"
"japanese single malt","Commercial","Commercial","480","22","secondary + tag","0","25","1","26","Page / Sub-category / Product / Blog","/about/ ; /shop/whisky/collection/japanese-whisky/ ; /shop/whisky/nikka-taketsuru-21-year-old-pure-malt/"
"premium scotch","Informational, Commercial","Commercial","480","12","tag","0","0","1","1","Page","/about/"
"hakushu single malt","Informational, Commercial","Commercial","480","9","tag","0","0","1","1","Page","/about/"
"glenfiddich single malt","Informational, Commercial","Commercial","480","21","secondary + tag","0","6","1","7","Page / Product","/about/ ; /shop/whisky/glenfiddich-30-year-old-suspended-time/ ; /shop/whisky/glenfiddich-16-aston-martin-no2-scotch-whisky/"
"whisky gift set","Commercial","Commercial","480","9","secondary","0","1","0","1","Page","/contact/"
"gin gift set","Commercial","Commercial","480","10","secondary + tag","0","9","5","14","Page / Sub-category / Product","/contact/ ; /shop/spirit/collection/gin/ ; /shop/spirit/collection/pink-gin/"
"korean wine soju","Commercial","Commercial","480","26","secondary + tag","0","13","1","14","Category / Sub-category / Product / Blog","/shop/other/ ; /shop/other/collection/soju/ ; /shop/other/ilpoom-jinro-1924-heritage-premium-soju/"
"soju bottle","Commercial","Commercial","480","25","secondary + tag","0","13","1","14","Category / Sub-category / Product / Blog","/shop/other/ ; /shop/other/collection/soju/ ; /shop/other/ilpoom-jinro-1924-heritage-premium-soju/"
"soju price","Commercial","Commercial","480","9","secondary + tag","0","13","1","14","Category / Sub-category / Product / Blog","/shop/other/ ; /shop/other/collection/soju/ ; /shop/other/ilpoom-jinro-1924-heritage-premium-soju/"
"lychee soju","Informational, Commercial","Commercial","480","8","secondary + tag","0","13","1","14","Category / Sub-category / Product / Blog","/shop/other/ ; /shop/other/collection/soju/ ; /shop/other/ilpoom-jinro-1924-heritage-premium-soju/"
"energy drinks australia","Informational, Commercial","Commercial","480","15","secondary","0","13","0","13","Category / Sub-category / Product","/shop/other/ ; /shop/other/collection/mixers-water-condiments/ ; /shop/other/san-pel-plastic-1l-mixers-water-condiments/"
"energy drink sugar free","Informational, Commercial","Commercial","480","17","secondary + tag","0","16","3","19","Category / Sub-category / Product","/shop/other/ ; /shop/beer-premix-wine/collection/zero-sugar-seltzers/ ; /shop/other/collection/mixers-water-condiments/"
"zero sugar energy drink","Commercial","Commercial","480","26","secondary + tag","0","14","6","20","Category / Sub-category / Product / Blog","/shop/other/ ; /shop/beer-premix-wine/collection/zero-sugar-seltzers/ ; /shop/other/collection/mixers-water-condiments/"
"monster energy drink peach","Informational, Commercial","Commercial","480","20","secondary + tag","0","9","4","13","Category / Sub-category / Product","/shop/other/ ; /shop/other/collection/mixers-water-condiments/ ; /shop/other/san-pel-plastic-1l-mixers-water-condiments/"
"water outages","Commercial","Commercial","480","17","secondary + tag","0","9","4","13","Category / Sub-category / Product","/shop/other/ ; /shop/other/collection/mixers-water-condiments/ ; /shop/other/san-pel-plastic-1l-mixers-water-condiments/"
"australian bourbon","Informational, Commercial","Commercial","480","9","secondary + tag","0","21","10","31","Sub-category / Product / Blog","/shop/whisky/collection/bourbon/ ; /shop/whisky/collection/australian-whisky/ ; /shop/whisky/lark-legacy-rare-cask-series-para-100-vintage/"
"kentucky bourbon","Informational, Commercial","Commercial","480","14","tag","0","0","18","18","Sub-category / Product / Blog","/shop/whisky/collection/bourbon/ ; /shop/whisky/pappy-van-winkle-15-year-old-family-reserve/ ; /shop/whisky/buffalo-trace-1l-bourbon-whiskey/"
"japanese whiskey yamazaki","Informational, Commercial","Commercial","480","13","secondary + tag","0","24","1","25","Sub-category / Product / Blog","/shop/whisky/collection/japanese-whisky/ ; /shop/whisky/nikka-taketsuru-21-year-old-pure-malt/ ; /shop/whisky/yamazaki-18-year-old-single-malt-japanese-whisky/"
"best japanese whiskey","Commercial","Commercial","480","18","secondary + tag","0","24","1","25","Sub-category / Product / Blog","/shop/whisky/collection/japanese-whisky/ ; /shop/whisky/nikka-taketsuru-21-year-old-pure-malt/ ; /shop/whisky/yamazaki-18-year-old-single-malt-japanese-whisky/"
"suntory double lemon","Commercial","Commercial","480","8","secondary + tag","0","8","17","25","Sub-category / Product / Blog","/shop/whisky/collection/japanese-whisky/ ; /shop/whisky/nikka-taketsuru-21-year-old-pure-malt/ ; /shop/whisky/yamazaki-18-year-old-single-malt-japanese-whisky/"
"lark classic cask","Commercial","Commercial","480","9","secondary + tag","0","12","1","13","Sub-category / Product / Blog","/shop/whisky/collection/australian-whisky/ ; /shop/whisky/lark-legacy-rare-cask-series-para-100-vintage/ ; /shop/whisky/dark-lark-2026-australian-whisky/"
"vodka absolut","Commercial","Commercial","480","21","secondary + tag","0","3","6","9","Sub-category / Product","/shop/spirit/collection/french-vodka/ ; /shop/spirit/collection/cinnamon-liqueur/ ; /shop/spirit/collection/vodka/"
"vodka price","Commercial","Commercial","480","12","secondary + tag","0","9","26","35","Sub-category / Product","/shop/spirit/collection/french-vodka/ ; /shop/spirit/collection/russian-vodka/ ; /shop/beer-premix-wine/collection/vodka-premix/"
"1 litre vodka","Commercial","Commercial","480","11","secondary + tag","0","1","3","4","Sub-category / Product","/shop/spirit/collection/french-vodka/ ; /shop/spirit/collection/russian-vodka/ ; /shop/beer-premix-wine/collection/vodka-premix/"
"vodka 700ml","Commercial","Commercial","480","7","secondary + tag","0","1","16","17","Sub-category / Product","/shop/spirit/collection/french-vodka/ ; /shop/spirit/collection/russian-vodka/ ; /shop/beer-premix-wine/collection/vodka-premix/"
"mini vodka","Commercial","Commercial","480","11","secondary + tag","0","2","31","33","Sub-category / Product","/shop/spirit/collection/french-vodka/ ; /shop/spirit/collection/russian-vodka/ ; /shop/spirit/collection/cinnamon-liqueur/"
"smirnoff distilled vodka","Informational, Commercial","Commercial","480","15","secondary + tag","0","5","8","13","Sub-category / Product","/shop/spirit/collection/russian-vodka/ ; /shop/spirit/belenkaya-vodka/ ; /shop/spirit/beluga-gold-leather-russian-vodka/"
"skull head vodka","Commercial","Commercial","480","14","secondary + tag","0","1","13","14","Sub-category / Product","/shop/spirit/collection/russian-vodka/ ; /shop/spirit/collection/cinnamon-liqueur/ ; /shop/spirit/belenkaya-vodka/"
"polish beer","Commercial","Commercial","480","13","secondary + tag","0","9","10","19","Sub-category / Product","/shop/spirit/collection/polish-vodka/ ; /shop/beer-premix-wine/collection/imported-beer/ ; /shop/spirit/belvedere-1l-polish-vodka/"
"tequila patron","Commercial","Commercial","480","17","secondary + tag","0","19","18","37","Sub-category / Product / Blog","/shop/spirit/collection/patron/ ; /shop/spirit/collection/white-tequila/ ; /shop/spirit/collection/gold-tequila/"
"tequila don julio","Commercial","Commercial","480","18","secondary + tag","0","17","15","32","Sub-category / Product / Blog","/shop/spirit/collection/don-julio/ ; /shop/spirit/collection/white-tequila/ ; /shop/spirit/collection/gold-tequila/"
"tequila don julio 1942","Commercial","Commercial","480","11","secondary + tag","0","4","3","7","Sub-category / Product / Blog","/shop/spirit/collection/don-julio/ ; /shop/spirit/collection/white-tequila/ ; /shop/spirit/collection/gold-tequila/"
"don julio blanco tequila","Informational, Commercial","Commercial","480","12","secondary + tag","0","17","14","31","Sub-category / Product","/shop/spirit/collection/don-julio/ ; /shop/spirit/collection/white-tequila/ ; /shop/spirit/collection/gold-tequila/"
"don julio reposado tequila","Informational, Commercial","Commercial","480","12","secondary + tag","0","10","3","13","Sub-category / Product","/shop/spirit/collection/don-julio/ ; /shop/spirit/don-julio-1942-ultima-reserva-extra-anejo/ ; /shop/spirit/don-julio-1942-50ml-don-julio/"
"tequila australia","Commercial","Commercial","480","11","secondary + tag","0","6","13","19","Sub-category / Product","/shop/spirit/collection/white-tequila/ ; /shop/spirit/collection/gold-tequila/ ; /shop/spirit/cabo-wabo-blanco-white-tequila/"
"casa azul tequila","Commercial","Commercial","480","16","secondary + tag","0","1","8","9","Sub-category / Product","/shop/spirit/collection/white-tequila/ ; /shop/spirit/cabo-wabo-blanco-white-tequila/ ; /shop/spirit/gran-patron-platinum-white-tequila/"
"black rum","Informational, Commercial","Commercial","480","12","secondary + tag","0","5","16","21","Sub-category / Product / Blog","/shop/spirit/collection/spiced-rum/ ; /shop/spirit/collection/white-rum/ ; /shop/spirit/collection/rum/"
"overproof rum","Commercial","Commercial","480","12","secondary + tag","0","3","17","20","Sub-category / Product","/shop/spirit/collection/spiced-rum/ ; /shop/spirit/collection/white-rum/ ; /shop/spirit/collection/rum/"
"rum in a bottle","Commercial","Commercial","480","14","secondary + tag","0","1","19","20","Sub-category / Product","/shop/spirit/collection/spiced-rum/ ; /shop/spirit/collection/white-rum/ ; /shop/spirit/collection/rum/"
"bundaberg red rum","Commercial","Commercial","480","11","secondary + tag","0","1","19","20","Sub-category / Product","/shop/spirit/collection/spiced-rum/ ; /shop/spirit/collection/white-rum/ ; /shop/spirit/collection/rum/"
"australian rum","Informational, Commercial","Commercial","480","9","secondary + tag","0","1","20","21","Sub-category / Product / Blog","/shop/spirit/collection/spiced-rum/ ; /shop/spirit/collection/white-rum/ ; /shop/spirit/collection/rum/"
"cuban rum","Commercial","Commercial","480","28","secondary + tag","0","1","19","20","Sub-category / Product","/shop/spirit/collection/spiced-rum/ ; /shop/spirit/collection/white-rum/ ; /shop/spirit/collection/rum/"
"bundaberg spiced rum","Informational, Commercial","Commercial","480","11","secondary + tag","0","1","11","12","Sub-category / Product","/shop/spirit/collection/spiced-rum/ ; /shop/spirit/collection/cinnamon-liqueur/ ; /shop/spirit/bacardi-cuarto-sherry-spiced-rum/"
"best rum","Commercial","Commercial","480","28","secondary + tag","0","1","7","8","Sub-category / Product","/shop/spirit/collection/spiced-rum/ ; /shop/spirit/collection/cinnamon-liqueur/ ; /shop/spirit/bacardi-cuarto-sherry-spiced-rum/"
"gin specials","Commercial","Commercial","480","15","secondary + tag","0","11","2","13","Sub-category / Product","/shop/spirit/collection/gin/ ; /shop/spirit/collection/pink-gin/ ; /shop/spirit/bombay-sapphire-gin/"
"gin and tonic cans","Commercial","Commercial","480","7","secondary + tag","0","11","3","14","Sub-category / Product / Blog","/shop/spirit/collection/gin/ ; /shop/spirit/collection/pink-gin/ ; /shop/spirit/bombay-sapphire-gin/"
"gin bottle","Commercial","Commercial","480","11","secondary + tag","0","10","3","13","Sub-category / Product","/shop/spirit/collection/gin/ ; /shop/spirit/collection/pink-gin/ ; /shop/spirit/bombay-sapphire-gin/"
"flavoured gin","Informational, Commercial","Commercial","480","10","secondary + tag","0","9","4","13","Sub-category / Product","/shop/spirit/collection/gin/ ; /shop/spirit/collection/pink-gin/ ; /shop/spirit/bombay-sapphire-gin/"
"gin alcohol","Commercial","Commercial","480","20","secondary + tag","0","1","13","14","Sub-category / Product","/shop/spirit/collection/gin/ ; /shop/spirit/collection/cinnamon-liqueur/ ; /shop/spirit/collection/pink-gin/"
"brandy alcohol","Commercial","Commercial","480","19","secondary + tag","0","26","13","39","Sub-category / Product / Blog","/shop/spirit/collection/cognac-brandy/ ; /shop/spirit/louis-xiii-de-remy-martin-grande-champagne-cognac/ ; /shop/spirit/martell-blue-swift-cognac-brandy/"
"xo cognac","Commercial","Commercial","480","12","secondary + tag","0","21","18","39","Sub-category / Product / Blog","/shop/spirit/collection/cognac-brandy/ ; /shop/spirit/louis-xiii-de-remy-martin-grande-champagne-cognac/ ; /shop/spirit/martell-blue-swift-cognac-brandy/"
"hennessy xo cognac","Commercial","Commercial","480","13","secondary + tag","0","20","19","39","Sub-category / Product / Blog","/shop/spirit/collection/cognac-brandy/ ; /shop/spirit/louis-xiii-de-remy-martin-grande-champagne-cognac/ ; /shop/spirit/martell-blue-swift-cognac-brandy/"
"cognac vsop france","Commercial","Commercial","480","13","secondary + tag","0","1","38","39","Sub-category / Product / Blog","/shop/spirit/collection/cognac-brandy/ ; /shop/spirit/louis-xiii-de-remy-martin-grande-champagne-cognac/ ; /shop/spirit/martell-blue-swift-cognac-brandy/"
"martell cognac xo","Commercial","Commercial","480","12","secondary + tag","0","6","33","39","Sub-category / Product / Blog","/shop/spirit/collection/cognac-brandy/ ; /shop/spirit/louis-xiii-de-remy-martin-grande-champagne-cognac/ ; /shop/spirit/martell-blue-swift-cognac-brandy/"
"cognac hennessy paradis","Informational, Commercial","Commercial","480","12","secondary + tag","0","1","38","39","Sub-category / Product / Blog","/shop/spirit/collection/cognac-brandy/ ; /shop/spirit/louis-xiii-de-remy-martin-grande-champagne-cognac/ ; /shop/spirit/martell-blue-swift-cognac-brandy/"
"remy martin xo","Commercial","Commercial","480","9","secondary + tag","0","2","36","38","Sub-category / Product","/shop/spirit/collection/cognac-brandy/ ; /shop/spirit/louis-xiii-de-remy-martin-grande-champagne-cognac/ ; /shop/spirit/martell-blue-swift-cognac-brandy/"
"baileys irish cream liqueur 1 litre","Commercial","Commercial","480","16","secondary + tag","0","3","3","6","Sub-category / Product / Blog","/shop/spirit/collection/baileys-irish-cream/ ; /shop/spirit/collection/absinthe/ ; /shop/spirit/collection/liqueur/"
"baileys liqueur 1l","Commercial","Commercial","480","16","secondary + tag","0","3","3","6","Sub-category / Product / Blog","/shop/spirit/collection/baileys-irish-cream/ ; /shop/spirit/collection/absinthe/ ; /shop/spirit/collection/liqueur/"
"baileys 1 litre","Commercial","Commercial","480","14","tag","0","0","3","3","Sub-category / Product","/shop/spirit/collection/baileys-irish-cream/ ; /shop/spirit/baileys-1l-baileys-irish-cream/ ; /shop/spirit/sheridans-1l-baileys-irish-cream/"
"baileys liqueur 1 litre","Commercial","Commercial","480","14","secondary + tag","0","1","3","4","Sub-category / Product","/shop/spirit/collection/baileys-irish-cream/ ; /shop/spirit/collection/absinthe/ ; /shop/spirit/baileys-1l-baileys-irish-cream/"
"baileys 1 lt","Commercial","Commercial","480","14","tag","0","0","3","3","Sub-category / Product","/shop/spirit/collection/baileys-irish-cream/ ; /shop/spirit/baileys-1l-baileys-irish-cream/ ; /shop/spirit/sheridans-1l-baileys-irish-cream/"
"jameson irish whiskey 700ml","Commercial","Commercial","480","11","tag","0","0","9","9","Sub-category / Product / Blog","/shop/spirit/collection/baileys-irish-cream/ ; /shop/spirit/baileys-700-baileys-irish-cream/ ; /shop/spirit/baileys-apple-pie-baileys-irish-cream/"
"baileys irish cream alcohol volume","Informational, Commercial","Commercial","480","22","secondary + tag","0","2","9","11","Sub-category / Product","/shop/spirit/collection/baileys-irish-cream/ ; /shop/spirit/baileys-700-baileys-irish-cream/ ; /shop/spirit/baileys-apple-pie-baileys-irish-cream/"
"1l baileys","Commercial","Commercial","480","17","tag","0","0","3","3","Sub-category / Product","/shop/spirit/collection/baileys-irish-cream/ ; /shop/spirit/baileys-1l-baileys-irish-cream/ ; /shop/spirit/sheridans-1l-baileys-irish-cream/"
"baileys alcohol flavors","Navigational, Commercial","Commercial","480","21","secondary + tag","0","2","9","11","Sub-category / Product","/shop/spirit/collection/baileys-irish-cream/ ; /shop/spirit/baileys-700-baileys-irish-cream/ ; /shop/spirit/baileys-apple-pie-baileys-irish-cream/"
"cream liqueur","Commercial","Commercial","480","14","secondary + tag","0","8","10","18","Sub-category / Product","/shop/spirit/collection/baileys-irish-cream/ ; /shop/spirit/collection/absinthe/ ; /shop/spirit/collection/liqueur/"
"orange flavoured liqueur","Commercial","Commercial","480","21","secondary + tag","0","11","1","12","Sub-category / Product","/shop/spirit/collection/orange-liqueur/ ; /shop/spirit/collection/liqueur/ ; /shop/spirit/1800-guachimonton-orange-liqueur/"
"chartreuse green","Informational, Commercial","Commercial","480","17","secondary + tag","0","11","1","12","Sub-category / Product / Blog","/shop/spirit/collection/amaro/ ; /shop/spirit/chartreuse-vep-green-herbal-liqueur/ ; /shop/spirit/amaro-averna/"
"galliano and sambuca","Informational, Commercial","Commercial","480","10","secondary + tag","0","6","1","7","Sub-category / Product","/shop/spirit/collection/absinthe/ ; /shop/spirit/collection/sambuca/ ; /shop/spirit/galliano-authentico-sambuca/"
"pale ale beer","Informational, Commercial","Commercial","480","14","secondary + tag","0","1","9","10","Sub-category / Product","/shop/beer-premix-wine/collection/imported-beer/ ; /shop/beer-premix-wine/collection/grenache/ ; /shop/beer-premix-wine/corona-brown-box-355-bottles-imported-beer/"
"goat pale ale","Commercial","Commercial","480","20","tag","0","0","8","8","Sub-category / Product","/shop/beer-premix-wine/collection/imported-beer/ ; /shop/beer-premix-wine/corona-brown-box-355-bottles-imported-beer/ ; /shop/beer-premix-wine/heineken-500ml-imported-beer/"
"leffe beer","Informational, Commercial","Commercial","480","6","secondary + tag","0","1","9","10","Sub-category / Product","/shop/beer-premix-wine/collection/imported-beer/ ; /shop/beer-premix-wine/collection/german-beer/ ; /shop/beer-premix-wine/corona-brown-box-355-bottles-imported-beer/"
"emu export beer","Informational, Commercial","Commercial","480","17","secondary + tag","0","1","9","10","Sub-category / Product","/shop/beer-premix-wine/collection/imported-beer/ ; /shop/beer-premix-wine/collection/german-beer/ ; /shop/beer-premix-wine/corona-brown-box-355-bottles-imported-beer/"
"ichnusa beer","Informational, Commercial","Commercial","480","8","secondary + tag","0","1","9","10","Sub-category / Product","/shop/beer-premix-wine/collection/imported-beer/ ; /shop/beer-premix-wine/collection/german-beer/ ; /shop/beer-premix-wine/corona-brown-box-355-bottles-imported-beer/"
"non alcoholic wine drinks","Commercial","Commercial","480","26","secondary + tag","0","1","5","6","Sub-category / Product / Blog","/shop/beer-premix-wine/collection/non-alcoholic-beer/ ; /shop/beer-premix-wine/collection/pilsner/ ; /shop/beer-premix-wine/clausthaler-original-500ml/"
"non alcoholic spirits","Commercial","Commercial","480","28","tag","0","0","5","5","Sub-category / Product / Blog","/shop/beer-premix-wine/collection/non-alcoholic-beer/ ; /shop/beer-premix-wine/clausthaler-original-500ml/ ; /shop/beer-premix-wine/heineken-zero-cans-330ml-non-alcoholic-beer/"
"0 alcohol beer","Commercial","Commercial","480","14","secondary + tag","0","1","1","2","Sub-category","/shop/beer-premix-wine/collection/non-alcoholic-beer/ ; /shop/beer-premix-wine/collection/pilsner/"
"alcohol free gin","Commercial","Commercial","480","13","tag","0","0","5","5","Sub-category / Product / Blog","/shop/beer-premix-wine/collection/non-alcoholic-beer/ ; /shop/beer-premix-wine/clausthaler-original-500ml/ ; /shop/beer-premix-wine/heineken-zero-cans-330ml-non-alcoholic-beer/"
"alcohol free red wine","Commercial","Commercial","480","9","secondary + tag","0","1","6","7","Sub-category / Product / Blog","/shop/beer-premix-wine/collection/non-alcoholic-beer/ ; /shop/beer-premix-wine/collection/pilsner/ ; /shop/beer-premix-wine/clausthaler-original-500ml/"
"beer for gluten free","Commercial","Commercial","480","16","secondary + tag","0","1","4","5","Sub-category / Product","/shop/beer-premix-wine/collection/non-alcoholic-beer/ ; /shop/beer-premix-wine/collection/pilsner/ ; /shop/beer-premix-wine/clausthaler-original-500ml/"
"gluten and wheat free beer","Informational, Commercial","Commercial","480","16","secondary + tag","0","1","5","6","Sub-category / Product / Blog","/shop/beer-premix-wine/collection/non-alcoholic-beer/ ; /shop/beer-premix-wine/collection/pilsner/ ; /shop/beer-premix-wine/clausthaler-original-500ml/"
"alcohol ginger beer","Commercial","Commercial","480","17","secondary + tag","0","2","2","4","Sub-category / Product / Blog","/shop/beer-premix-wine/collection/ginger-beer/ ; /shop/beer-premix-wine/collection/pilsner/ ; /shop/beer-premix-wine/ginger-kid-ginger-beer/"
"hard ginger beer","Commercial","Commercial","480","10","secondary + tag","0","2","3","5","Sub-category / Product / Blog","/shop/beer-premix-wine/collection/ginger-beer/ ; /shop/beer-premix-wine/collection/pilsner/ ; /shop/beer-premix-wine/ginger-kid-ginger-beer/"
"spicy ginger beer","Informational, Commercial","Commercial","480","17","secondary + tag","0","1","3","4","Sub-category / Product / Blog","/shop/beer-premix-wine/collection/ginger-beer/ ; /shop/beer-premix-wine/collection/pilsner/ ; /shop/beer-premix-wine/ginger-kid-ginger-beer/"
"best alcoholic ginger beer","Commercial","Commercial","480","21","secondary + tag","0","1","3","4","Sub-category / Product / Blog","/shop/beer-premix-wine/collection/ginger-beer/ ; /shop/beer-premix-wine/collection/pilsner/ ; /shop/beer-premix-wine/ginger-kid-ginger-beer/"
"james squires ginger beer","Commercial","Commercial","480","10","secondary + tag","0","1","2","3","Sub-category / Blog","/shop/beer-premix-wine/collection/ginger-beer/ ; /shop/beer-premix-wine/collection/pilsner/ ; /blog/best-mixers-for-home-bar/"
"remedy ginger beer","Commercial","Commercial","480","11","secondary + tag","0","1","2","3","Sub-category / Blog","/shop/beer-premix-wine/collection/ginger-beer/ ; /shop/beer-premix-wine/collection/pilsner/ ; /blog/best-mixers-for-home-bar/"
"red wine australia","Informational, Commercial","Commercial","480","17","secondary + tag","0","1","12","13","Sub-category / Product / Blog","/shop/beer-premix-wine/collection/red-wine/ ; /shop/beer-premix-wine/collection/pilsner/ ; /shop/beer-premix-wine/penfolds-grange-2018-shiraz-australian-icon/"
"sauvignon red wine","Informational, Commercial","Commercial","480","17","secondary + tag","0","12","24","36","Sub-category / Product / Blog","/shop/beer-premix-wine/collection/red-wine/ ; /shop/beer-premix-wine/collection/white-wine/ ; /shop/beer-premix-wine/collection/sauvignon-blanc/"
"cheap red wine","Informational, Commercial","Commercial","480","17","tag","0","0","12","12","Sub-category / Product / Blog","/shop/beer-premix-wine/collection/red-wine/ ; /shop/beer-premix-wine/penfolds-grange-2018-shiraz-australian-icon/ ; /shop/beer-premix-wine/stefani-estate-shirazcopy-red-wine/"
"rosette wine","Informational, Commercial","Commercial","480","18","tag","0","0","11","11","Sub-category / Product","/shop/beer-premix-wine/collection/red-wine/ ; /shop/beer-premix-wine/penfolds-grange-2018-shiraz-australian-icon/ ; /shop/beer-premix-wine/stefani-estate-shirazcopy-red-wine/"
"sweet red wine australia","Commercial","Commercial","480","10","tag","0","0","11","11","Sub-category / Product","/shop/beer-premix-wine/collection/red-wine/ ; /shop/beer-premix-wine/penfolds-grange-2018-shiraz-australian-icon/ ; /shop/beer-premix-wine/stefani-estate-shirazcopy-red-wine/"
"white dry wines","Informational, Commercial","Commercial","480","9","tag","0","0","11","11","Sub-category / Product","/shop/beer-premix-wine/collection/white-wine/ ; /shop/beer-premix-wine/alexanderhill-chardonnay-white-wine/ ; /shop/beer-premix-wine/alexanderhill-rose-white-wine/"
"australian white wine","Informational, Commercial","Commercial","480","10","tag","0","0","13","13","Sub-category / Product / Blog","/shop/beer-premix-wine/collection/white-wine/ ; /shop/beer-premix-wine/alexanderhill-chardonnay-white-wine/ ; /shop/beer-premix-wine/alexanderhill-rose-white-wine/"
"sauvignon blanc white wine","Informational, Commercial","Commercial","480","11","secondary + tag","0","6","13","19","Sub-category / Product / Blog","/shop/beer-premix-wine/collection/white-wine/ ; /shop/beer-premix-wine/collection/sauvignon-blanc/ ; /shop/beer-premix-wine/alexanderhill-chardonnay-white-wine/"
"white new zealand wine","Commercial","Commercial","480","14","tag","0","0","11","11","Sub-category / Product","/shop/beer-premix-wine/collection/white-wine/ ; /shop/beer-premix-wine/alexanderhill-chardonnay-white-wine/ ; /shop/beer-premix-wine/alexanderhill-rose-white-wine/"
"chardonnay wines","Commercial","Commercial","480","21","tag","0","0","12","12","Sub-category / Product / Blog","/shop/beer-premix-wine/collection/white-wine/ ; /shop/beer-premix-wine/alexanderhill-chardonnay-white-wine/ ; /shop/beer-premix-wine/alexanderhill-rose-white-wine/"
"less expensive champagne","Commercial","Commercial","480","16","secondary + tag","0","7","7","14","Sub-category / Product / Blog","/shop/beer-premix-wine/collection/sparkling/ ; /shop/beer-premix-wine/collection/champagne/ ; /shop/beer-premix-wine/dom-perignon-vintage-rose-champagne-2008/"
"cheap sparkling wine","Commercial","Commercial","480","12","secondary + tag","0","2","5","7","Sub-category / Product","/shop/beer-premix-wine/collection/sparkling/ ; /shop/beer-premix-wine/dom-perignon-vintage-rose-champagne-2008/ ; /shop/beer-premix-wine/gh-mumm-corodn-rouge-brut-sparkling-wine/"
"sweet sparkling wine","Informational, Commercial","Commercial","480","11","secondary + tag","0","1","6","7","Sub-category / Product","/shop/beer-premix-wine/collection/sparkling/ ; /shop/beer-premix-wine/dom-perignon-vintage-rose-champagne-2008/ ; /shop/beer-premix-wine/gh-mumm-corodn-rouge-brut-sparkling-wine/"
"sparkling red wine australia","Commercial","Commercial","480","14","secondary + tag","0","1","6","7","Sub-category / Product","/shop/beer-premix-wine/collection/sparkling/ ; /shop/beer-premix-wine/dom-perignon-vintage-rose-champagne-2008/ ; /shop/beer-premix-wine/gh-mumm-corodn-rouge-brut-sparkling-wine/"
"tasmanian sparkling","Commercial","Commercial","480","9","tag","0","0","7","7","Sub-category / Product / Blog","/shop/beer-premix-wine/collection/sparkling/ ; /shop/beer-premix-wine/dom-perignon-vintage-rose-champagne-2008/ ; /shop/beer-premix-wine/laurent-perrier-brut-nogb-sparkling-wine/"
"best sparkling wine","Commercial","Commercial","480","18","secondary + tag","0","1","6","7","Sub-category / Product","/shop/beer-premix-wine/collection/sparkling/ ; /shop/beer-premix-wine/dom-perignon-vintage-rose-champagne-2008/ ; /shop/beer-premix-wine/gh-mumm-corodn-rouge-brut-sparkling-wine/"
"coopers sparkling","Commercial","Commercial","480","17","tag","0","0","6","6","Sub-category / Product","/shop/beer-premix-wine/collection/sparkling/ ; /shop/beer-premix-wine/dom-perignon-vintage-rose-champagne-2008/ ; /shop/beer-premix-wine/laurent-perrier-brut-nogb-sparkling-wine/"
"henkell sparkling wine","Informational, Commercial","Commercial","480","12","tag","0","0","6","6","Sub-category / Product","/shop/beer-premix-wine/collection/sparkling/ ; /shop/beer-premix-wine/dom-perignon-vintage-rose-champagne-2008/ ; /shop/beer-premix-wine/laurent-perrier-brut-nogb-sparkling-wine/"
"nice champagne","Informational, Commercial","Commercial","480","23","secondary + tag","0","7","7","14","Sub-category / Product / Blog","/shop/beer-premix-wine/collection/sparkling/ ; /shop/beer-premix-wine/collection/champagne/ ; /shop/beer-premix-wine/dom-perignon-vintage-rose-champagne-2008/"
"fresita strawberry sparkling","Commercial","Commercial","480","9","tag","0","0","6","6","Sub-category / Product","/shop/beer-premix-wine/collection/sparkling/ ; /shop/beer-premix-wine/dom-perignon-vintage-rose-champagne-2008/ ; /shop/beer-premix-wine/laurent-perrier-brut-nogb-sparkling-wine/"
"s pellegrino sparkling water","Commercial","Commercial","480","17","tag","0","0","6","6","Sub-category / Product","/shop/beer-premix-wine/collection/sparkling/ ; /shop/beer-premix-wine/dom-perignon-vintage-rose-champagne-2008/ ; /shop/beer-premix-wine/laurent-perrier-brut-nogb-sparkling-wine/"
"sparkling water cans","Commercial","Commercial","480","8","secondary + tag","0","1","6","7","Sub-category / Product","/shop/beer-premix-wine/collection/sparkling/ ; /shop/beer-premix-wine/dom-perignon-vintage-rose-champagne-2008/ ; /shop/beer-premix-wine/gh-mumm-corodn-rouge-brut-sparkling-wine/"
"tequila premix","Commercial","Commercial","480","11","secondary + tag","0","1","12","13","Sub-category / Product / Blog","/shop/beer-premix-wine/collection/vodka-premix/ ; /shop/beer-premix-wine/24-ice-frozen-cocktails-5pack-vodka-premix/ ; /shop/beer-premix-wine/24-ice-gin-tonic/"
"cruiser doubles","Commercial","Commercial","480","15","secondary + tag","0","1","11","12","Sub-category / Product","/shop/beer-premix-wine/collection/vodka-premix/ ; /shop/beer-premix-wine/24-ice-frozen-cocktails-5pack-vodka-premix/ ; /shop/beer-premix-wine/24-ice-gin-tonic/"
"vodka cruisers 10 pack","Commercial","Commercial","480","10","secondary","0","1","0","1","Sub-category","/shop/beer-premix-wine/collection/vodka-premix/"
"coke with zero sugar","Informational, Commercial","Commercial","480","27","secondary + tag","0","6","1","7","Sub-category / Product / Blog","/shop/beer-premix-wine/collection/zero-sugar-seltzers/ ; /shop/beer-premix-wine/d9-sparkling-grape-zero-sugar/ ; /shop/beer-premix-wine/d9-strong-sparkling-grape-zero-sugar/"
"coca cola zero sugar","Commercial","Commercial","480","28","secondary + tag","0","6","1","7","Sub-category / Product / Blog","/shop/beer-premix-wine/collection/zero-sugar-seltzers/ ; /shop/beer-premix-wine/d9-sparkling-grape-zero-sugar/ ; /shop/beer-premix-wine/d9-strong-sparkling-grape-zero-sugar/"
"v no sugar","Commercial","Commercial","480","13","tag","0","0","6","6","Sub-category / Product","/shop/beer-premix-wine/collection/zero-sugar-seltzers/ ; /shop/beer-premix-wine/d9-sparkling-grape-zero-sugar/ ; /shop/beer-premix-wine/d9-strong-sparkling-grape-zero-sugar/"
"sprite no sugar","Commercial","Commercial","480","26","tag","0","0","6","6","Sub-category / Product","/shop/beer-premix-wine/collection/zero-sugar-seltzers/ ; /shop/beer-premix-wine/d9-sparkling-grape-zero-sugar/ ; /shop/beer-premix-wine/d9-strong-sparkling-grape-zero-sugar/"
"solo no sugar","Informational, Commercial","Commercial","480","13","tag","0","0","6","6","Sub-category / Product","/shop/beer-premix-wine/collection/zero-sugar-seltzers/ ; /shop/beer-premix-wine/d9-sparkling-grape-zero-sugar/ ; /shop/beer-premix-wine/d9-strong-sparkling-grape-zero-sugar/"
"hard solo zero sugar","Commercial","Commercial","480","14","tag","0","0","7","7","Sub-category / Product / Blog","/shop/beer-premix-wine/collection/zero-sugar-seltzers/ ; /shop/beer-premix-wine/d9-sparkling-grape-zero-sugar/ ; /shop/beer-premix-wine/d9-strong-sparkling-grape-zero-sugar/"
"coca cola zero sugar caffeine","Informational, Commercial","Commercial","480","19","tag","0","0","7","7","Sub-category / Product / Blog","/shop/beer-premix-wine/collection/zero-sugar-seltzers/ ; /shop/beer-premix-wine/d9-sparkling-grape-zero-sugar/ ; /shop/beer-premix-wine/d9-strong-sparkling-grape-zero-sugar/"
"cider house","Commercial","Commercial","480","24","tag","0","0","8","8","Sub-category / Product / Blog","/shop/beer-premix-wine/collection/cider/ ; /shop/beer-premix-wine/little-fat-lamb-creaming-soda/ ; /shop/beer-premix-wine/little-fat-lamb-fantasy-cider/"
"cider brands","Informational, Commercial","Commercial","480","17","tag","0","0","7","7","Sub-category / Product","/shop/beer-premix-wine/collection/cider/ ; /shop/beer-premix-wine/little-fat-lamb-creaming-soda/ ; /shop/beer-premix-wine/little-fat-lamb-fantasy-cider/"
"non alcoholic cider","Commercial","Commercial","480","6","tag","0","0","8","8","Sub-category / Product / Blog","/shop/beer-premix-wine/collection/cider/ ; /shop/beer-premix-wine/little-fat-lamb-creaming-soda/ ; /shop/beer-premix-wine/little-fat-lamb-fantasy-cider/"
"james squire cider","Commercial","Commercial","480","14","tag","0","0","7","7","Sub-category / Product","/shop/beer-premix-wine/collection/cider/ ; /shop/beer-premix-wine/little-fat-lamb-creaming-soda/ ; /shop/beer-premix-wine/little-fat-lamb-fantasy-cider/"
"monteiths apple cider","Informational, Commercial","Commercial","480","13","tag","0","0","7","7","Sub-category / Product","/shop/beer-premix-wine/collection/cider/ ; /shop/beer-premix-wine/little-fat-lamb-creaming-soda/ ; /shop/beer-premix-wine/little-fat-lamb-fantasy-cider/"
"somersby pear cider 10 pack","Commercial","Commercial","480","11","tag","0","0","1","1","Sub-category","/shop/beer-premix-wine/collection/cider/"
"cheap whiskey","Commercial","Commercial","480","17","secondary","0","7","0","7","Sub-category / Product","/shop/whisky/collection/irish-whiskey/ ; /shop/whisky/bushmills-original-blended-irish-whiskey/ ; /shop/whisky/bushmills-14-year-old-malaga-cask-finish-single-malt-irish-whiskey/"
"good whiskey","Informational, Commercial","Commercial","480","17","secondary + tag","0","5","2","7","Sub-category / Product","/shop/whisky/collection/irish-whiskey/ ; /shop/whisky/bushmills-original-blended-irish-whiskey/ ; /shop/whisky/bushmills-14-year-old-malaga-cask-finish-single-malt-irish-whiskey/"
"irish whisky","Informational, Commercial","Commercial","480","12","secondary + tag","0","4","3","7","Sub-category / Product","/shop/whisky/collection/irish-whiskey/ ; /shop/whisky/bushmills-original-blended-irish-whiskey/ ; /shop/whisky/bushmills-14-year-old-malaga-cask-finish-single-malt-irish-whiskey/"
"sour apple liqueur","Informational, Commercial","Commercial","480","11","secondary","0","6","0","6","Sub-category / Product","/shop/spirit/collection/liqueur/ ; /shop/spirit/sour-puss-apple-blended-liqueur/ ; /shop/spirit/sour-puss-sour-peach-blended-liqueur/"
"peach liqueur","Informational, Commercial","Commercial","480","10","secondary","0","6","0","6","Sub-category / Product","/shop/spirit/collection/liqueur/ ; /shop/spirit/sour-puss-apple-blended-liqueur/ ; /shop/spirit/sour-puss-sour-peach-blended-liqueur/"
"best low carb beer","Commercial","Commercial","480","28","secondary + tag","0","1","2","3","Sub-category / Product / Blog","/shop/beer-premix-wine/collection/low-carb-beer/ ; /shop/beer-premix-wine/pure-blonde-ultra-low-carb-lager-case-4-x-6-pack-bottles/ ; /blog/beer-with-least-carbs-lowest-carb-beer-australia/"
"beer that is low in carbs","Informational, Commercial","Commercial","480","24","secondary + tag","0","1","2","3","Sub-category / Product / Blog","/shop/beer-premix-wine/collection/low-carb-beer/ ; /shop/beer-premix-wine/pure-blonde-ultra-low-carb-lager-case-4-x-6-pack-bottles/ ; /blog/beer-with-least-carbs-lowest-carb-beer-australia/"
"beers that are low in carbs","Informational, Commercial","Commercial","480","19","secondary + tag","0","1","2","3","Sub-category / Product / Blog","/shop/beer-premix-wine/collection/low-carb-beer/ ; /shop/beer-premix-wine/pure-blonde-ultra-low-carb-lager-case-4-x-6-pack-bottles/ ; /blog/beer-with-least-carbs-lowest-carb-beer-australia/"
"low carb diet beer","Informational, Commercial","Commercial","480","24","secondary + tag","0","1","2","3","Sub-category / Product / Blog","/shop/beer-premix-wine/collection/low-carb-beer/ ; /shop/beer-premix-wine/pure-blonde-ultra-low-carb-lager-case-4-x-6-pack-bottles/ ; /blog/beer-with-least-carbs-lowest-carb-beer-australia/"
"zero carb beer australia","Commercial","Commercial","480","9","secondary + tag","0","1","2","3","Sub-category / Product / Blog","/shop/beer-premix-wine/collection/low-carb-beer/ ; /shop/beer-premix-wine/pure-blonde-ultra-low-carb-lager-case-4-x-6-pack-bottles/ ; /blog/beer-with-least-carbs-lowest-carb-beer-australia/"
"lowest calorie beer australia","Commercial","Commercial","480","10","secondary + tag","0","1","2","3","Sub-category / Product / Blog","/shop/beer-premix-wine/collection/low-carb-beer/ ; /shop/beer-premix-wine/pure-blonde-ultra-low-carb-lager-case-4-x-6-pack-bottles/ ; /blog/beer-with-least-carbs-lowest-carb-beer-australia/"
"beer in australia","Informational, Commercial","Commercial","480","21","secondary + tag","0","1","1","2","Sub-category / Product","/shop/beer-premix-wine/collection/grenache/ ; /shop/beer-premix-wine/warsteiner-german-pilsner-imported-beer-case-bottles/"
"beer is best","Commercial","Commercial","480","23","secondary + tag","0","1","1","2","Sub-category / Product","/shop/beer-premix-wine/collection/grenache/ ; /shop/beer-premix-wine/warsteiner-german-pilsner-imported-beer-case-bottles/"
"german wheat beer","Informational, Commercial","Commercial","480","12","secondary + tag","0","1","2","3","Sub-category / Product / Blog","/shop/beer-premix-wine/collection/grenache/ ; /shop/beer-premix-wine/warsteiner-german-pilsner-imported-beer-case-bottles/ ; /blog/german-beer-guide-german-wheat-weissbier-pilsner/"
"beer with mango","Informational, Commercial","Commercial","480","16","secondary","0","1","0","1","Sub-category","/shop/beer-premix-wine/collection/grenache/"
"black beer","Commercial","Commercial","480","13","secondary + tag","0","1","7","8","Sub-category / Product","/shop/beer-premix-wine/collection/grenache/ ; /shop/beer-premix-wine/corona-brown-box-355-bottles-imported-beer/ ; /shop/beer-premix-wine/heineken-500ml-imported-beer/"
"light beer australia","Informational, Commercial","Commercial","480","15","secondary","0","1","0","1","Sub-category","/shop/beer-premix-wine/collection/pilsner/"
"lime beer","Informational, Commercial","Commercial","480","15","secondary","0","1","0","1","Sub-category","/shop/beer-premix-wine/collection/pilsner/"
"johnnie walker scotch","Informational, Commercial","Commercial","480","15","tag","0","0","4","4","Product","/shop/whisky/johnnie-walker-king-george-v-rare-edition/ ; /shop/whisky/johnnie-walker-15yo-sherry-scotch-whisky/ ; /shop/whisky/johnnie-walker-black-50ml-scotch-whisky/"
"johnnie walker green","Commercial","Commercial","480","17","tag","0","0","4","4","Product","/shop/whisky/johnnie-walker-king-george-v-rare-edition/ ; /shop/whisky/johnnie-walker-15yo-sherry-scotch-whisky/ ; /shop/whisky/johnnie-walker-black-50ml-scotch-whisky/"
"johnnie walker platinum label","Commercial","Commercial","480","11","tag","0","0","4","4","Product","/shop/whisky/johnnie-walker-king-george-v-rare-edition/ ; /shop/whisky/johnnie-walker-15yo-sherry-scotch-whisky/ ; /shop/whisky/johnnie-walker-black-50ml-scotch-whisky/"
"johnnie walker double black 700ml","Commercial","Commercial","480","16","tag","0","0","2","2","Product","/shop/whisky/johnnie-walker-15yo-sherry-scotch-whisky/ ; /shop/whisky/johnnie-walker-xr-scotch-whisky/"
"700ml jack daniels","Commercial","Commercial","480","14","secondary","0","1","0","1","Product","/shop/whisky/jack-daniels-barrel-proof-rye-rye-whiskey/"
"jack daniels bourbon","Commercial","Commercial","480","16","secondary + tag","0","4","1","5","Product / Blog","/shop/whisky/jack-daniels-barrel-proof-rye-rye-whiskey/ ; /shop/other/jack-daniels-honey-bbq-sauce-mixers-water-condiments/ ; /shop/other/jack-daniels-original-bbq-sauce/"
"1ltr smirnoff","Commercial","Commercial","480","10","secondary","0","3","0","3","Product","/shop/spirit/smirnoff-blue-1l-russian-vodka/ ; /shop/spirit/smirnoff-gold-1l-russian-vodka/ ; /shop/spirit/smirnoff-gold-1l-cinnamon-liqueur/"
"australian pale ale","Informational, Commercial","Commercial","480","10","tag","0","0","7","7","Product / Blog","/shop/beer-premix-wine/corona-brown-box-355-bottles-imported-beer/ ; /shop/beer-premix-wine/hoegaarden-wheat-beer/ ; /shop/beer-premix-wine/modelo-especial-imported-beer/"
"status quo pale ale","Informational, Commercial","Commercial","480","19","tag","0","0","6","6","Product","/shop/beer-premix-wine/corona-brown-box-355-bottles-imported-beer/ ; /shop/beer-premix-wine/hoegaarden-wheat-beer/ ; /shop/beer-premix-wine/modelo-especial-imported-beer/"
"brown brothers rose moscato","Commercial","Commercial","480","13","secondary + tag","0","1","1","2","Product / Blog","/shop/beer-premix-wine/brown-brothers-king-valley-prosecco-nv/ ; /blog/white-wine-styles-explained/"
"brown brothers moscato rose wine","Commercial","Commercial","480","10","secondary + tag","0","1","2","3","Product / Blog","/shop/beer-premix-wine/brown-brothers-king-valley-prosecco-nv/ ; /blog/white-wine-styles-explained/ ; /blog/everything-about-rose-wine/"
"williams bourbon","Informational","Informational","480","17","secondary","0","1","0","1","Blog","/blog/what-makes-bourbon-different/"
"rye drink","Informational","Informational","480","26","secondary","0","1","0","1","Blog","/blog/beginners-guide-to-rye-whiskey/"
"196 suntory","Informational, Commercial","Commercial","480","10","tag","0","0","1","1","Blog","/blog/why-japanese-whisky-became-a-global-obsession/"
"lark symphony no 1","Informational","Informational","480","13","secondary","0","1","0","1","Blog","/blog/rise-of-australian-single-malt-whisky/"
"stolichnaya vodka","Informational","Informational","480","19","secondary","0","1","0","1","Blog","/blog/how-vodka-is-made/"
"patron anejo","Informational","Informational","480","19","secondary","0","3","0","3","Blog","/blog/tequila-aging-guide-blanco-reposado-anejo/ ; /blog/don-julio-vs-patron-tequila-compared/ ; /blog/anejo-tequila-guide-reposado-blanco-brands/"
"anejo","Informational","Informational","480","8","secondary","0","2","0","2","Blog","/blog/tequila-aging-guide-blanco-reposado-anejo/ ; /blog/anejo-tequila-guide-reposado-blanco-brands/"
"casamigos reposado","Informational","Informational","480","13","secondary","0","2","0","2","Blog","/blog/tequila-aging-guide-blanco-reposado-anejo/ ; /blog/anejo-tequila-guide-reposado-blanco-brands/"
"tequila made of what","Informational","Informational","480","25","secondary","0","2","0","2","Blog","/blog/tequila-aging-guide-blanco-reposado-anejo/ ; /blog/anejo-tequila-guide-reposado-blanco-brands/"
"patron xo cafe tequila","Informational","Informational","480","15","secondary","0","3","0","3","Blog","/blog/tequila-aging-guide-blanco-reposado-anejo/ ; /blog/don-julio-vs-patron-tequila-compared/ ; /blog/anejo-tequila-guide-reposado-blanco-brands/"
"remy martin cognac","Informational","Informational","480","11","secondary","0","1","0","1","Blog","/blog/cognac-vs-brandy-explained/"
"st remy brandy","Informational, Commercial","Commercial","480","8","tag","0","0","1","1","Blog","/blog/cognac-vs-brandy-explained/"
"plymouth gin","Informational","Informational","480","17","secondary","0","1","0","1","Blog","/blog/london-dry-vs-contemporary-gin/"
"gin drinks","Informational","Informational","480","26","secondary","0","1","0","1","Blog","/blog/london-dry-vs-contemporary-gin/"
"gordon pink gin","Informational","Informational","480","9","secondary","0","2","0","2","Blog","/blog/london-dry-vs-contemporary-gin/ ; /blog/pink-gin-and-soda-what-is-pink-gin/"
"goku gin","Informational","Informational","480","11","secondary","0","1","0","1","Blog","/blog/london-dry-vs-contemporary-gin/"
"captain morgan dark rum","Informational","Informational","480","12","secondary","0","2","0","2","Blog","/blog/white-spiced-dark-rum-guide/ ; /blog/malibu-rum-and-coconut-rum-what-they-are/"
"pussers rum","Informational","Informational","480","17","secondary","0","2","0","2","Blog","/blog/white-spiced-dark-rum-guide/ ; /blog/malibu-rum-and-coconut-rum-what-they-are/"
"white rum cocktail","Informational","Informational","480","24","secondary","0","2","0","2","Blog","/blog/white-spiced-dark-rum-guide/ ; /blog/malibu-rum-and-coconut-rum-what-they-are/"
"campari soda drink","Informational","Informational","480","14","secondary","0","1","0","1","Blog","/blog/amaro-101-italy-bittersweet-tradition/"
"bailey irish cream drink","Informational","Informational","480","28","secondary","0","2","0","2","Blog","/blog/best-cream-coffee-liqueurs-for-cocktails/ ; /blog/irish-whiskey-guide-bushmills-redbreast-how-its-made/"
"irish cream baileys alcohol content","Informational","Informational","480","23","secondary","0","2","0","2","Blog","/blog/best-cream-coffee-liqueurs-for-cocktails/ ; /blog/irish-whiskey-guide-bushmills-redbreast-how-its-made/"
"peach soju","Informational","Informational","480","7","secondary","0","1","0","1","Blog","/blog/soju-explained-koreas-spirit/"
"soju alcohol by volume","Informational","Informational","480","15","secondary","0","1","0","1","Blog","/blog/soju-explained-koreas-spirit/"
"hills cider","Navigational","Navigational","480","10","secondary","0","1","0","1","Blog","/blog/guide-to-australian-craft-cider/"
"magners hard cider","Informational","Informational","480","7","secondary","0","1","0","1","Blog","/blog/guide-to-australian-craft-cider/"
"apple cider beer","Informational","Informational","480","9","secondary","0","1","0","1","Blog","/blog/guide-to-australian-craft-cider/"
"thatchers cider","Navigational","Navigational","480","28","secondary","0","1","0","1","Blog","/blog/guide-to-australian-craft-cider/"
"carmel cider co","Navigational","Navigational","480","12","secondary","0","1","0","1","Blog","/blog/guide-to-australian-craft-cider/"
"mr finch cider","Informational","Informational","480","7","secondary","0","1","0","1","Blog","/blog/guide-to-australian-craft-cider/"
"little giant barossa shiraz","Informational","Informational","480","11","secondary","0","1","0","1","Blog","/blog/how-to-choose-red-wine/"
"fizzy red wine","Informational","Informational","480","16","secondary","0","1","0","1","Blog","/blog/how-to-choose-red-wine/"
"oyster bay new zealand pinot noir","Commercial","Commercial","480","12","tag","0","0","1","1","Blog","/blog/how-to-choose-red-wine/"
"brown brother moscato","Commercial","Commercial","480","14","tag","0","0","1","1","Blog","/blog/white-wine-styles-explained/"
"d'asti moscato","Informational, Commercial","Commercial","480","16","tag","0","0","1","1","Blog","/blog/white-wine-styles-explained/"
"mango moscato","Commercial","Commercial","480","17","tag","0","0","1","1","Blog","/blog/white-wine-styles-explained/"
"low sugar ginger beer","Informational","Informational","480","12","secondary","0","1","0","1","Blog","/blog/best-mixers-for-home-bar/"
"hobart whisky","Navigational","Navigational","480","23","secondary","0","3","0","3","Blog","/blog/macallan-sherry-cask-legacy/ ; /blog/how-to-store-and-cellar-rare-whisky/ ; /blog/beginners-guide-investing-in-rare-whisky/"
"macallan rare cask","Informational, Commercial","Commercial","480","11","tag","0","0","1","1","Blog","/blog/macallan-sherry-cask-legacy/"
"patron alcohol","Navigational","Navigational","480","24","secondary","0","1","0","1","Blog","/blog/don-julio-vs-patron-tequila-compared/"
"belvedere redcliffe","Navigational","Navigational","480","26","secondary","0","1","0","1","Blog","/blog/grey-goose-vs-belvedere-vodka-compared/"
"dolin vermouth","Informational","Informational","480","10","secondary","0","1","0","1","Blog","/blog/what-is-vermouth-sweet-dry-cocktails/"
"carbs in low carb beer","Informational","Informational","480","15","secondary","0","1","0","1","Blog","/blog/beer-with-least-carbs-lowest-carb-beer-australia/"
"jameson triple distilled irish whiskey","Informational, Commercial","Commercial","480","13","tag","0","0","1","1","Blog","/blog/irish-whiskey-guide-bushmills-redbreast-how-its-made/"
"moet champagne winery","Commercial","Commercial","480","28","tag","0","0","1","1","Blog","/blog/champagne-rose-brut-guide-veuve-clicquot-krug/"
"buy brandy online","Transactional","Transactional","390","6","primary + secondary","1","1","0","2","Page / Sub-category","/shipping/ ; /shop/spirit/collection/cognac-brandy/"
"buy vodka online","Transactional","Transactional","390","11","primary + secondary","1","1","0","2","Page / Sub-category","/shipping/ ; /shop/spirit/collection/vodka/"
"buy sparkling wine online","Transactional","Transactional","390","12","primary + secondary","1","1","0","2","Page / Sub-category","/shipping/ ; /shop/beer-premix-wine/collection/sparkling/"
"buy tequila online","Transactional","Transactional","390","7","primary + secondary","1","1","0","2","Page / Sub-category","/shipping/ ; /shop/spirit/collection/white-tequila/"
"sazerac rye","Informational, Commercial","Commercial","390","19","primary + secondary + tag","1","10","1","12","Sub-category / Product / Blog","/shop/whisky/collection/rye-whiskey/ ; /shop/whisky/elijah-craig-rye-rye-whiskey/ ; /shop/whisky/high-west-midwinter-nights-dram-rye-whiskey/"
"barrel nikka","Informational, Commercial","Commercial","390","15","primary + secondary + tag","1","18","5","24","Sub-category / Product","/shop/whisky/collection/japanese-whisky/ ; /shop/whisky/nikka-taketsuru-21-year-old-pure-malt/ ; /shop/whisky/yamazaki-18-year-old-single-malt-japanese-whisky/"
"belvedere 1l","Commercial","Commercial","390","14","primary + secondary + tag","1","2","1","4","Sub-category / Product / Blog","/shop/spirit/collection/belvedere/ ; /shop/spirit/belvedere-1l-polish-vodka/ ; /shop/spirit/belvedere-1l-belvedere/"
"vodka premix cans","Commercial","Commercial","390","11","primary + secondary + tag","1","8","4","13","Sub-category / Product / Blog","/shop/beer-premix-wine/collection/vodka-premix/ ; /shop/beer-premix-wine/24-ice-frozen-cocktails-5pack-vodka-premix/ ; /shop/beer-premix-wine/24-ice-gin-tonic/"
"kahlua liqueur price","Transactional","Transactional","390","12","primary","1","0","0","1","Sub-category","/shop/spirit/collection/liqueur/"
"beer price in australia","Transactional","Transactional","390","17","primary","1","0","0","1","Sub-category","/shop/beer-premix-wine/collection/german-beer/"
"yamazaki single malt","Transactional","Transactional","390","10","primary","1","0","0","1","Product","/shop/whisky/yamazaki-18-year-old-single-malt-japanese-whisky/"
"glenfiddich price","Transactional","Transactional","390","10","primary","1","0","0","1","Product","/shop/whisky/glenfiddich-18yo-200ml-scotch-whisky/"
"johnnie walker blue label price","Transactional","Transactional","390","10","primary","1","0","0","1","Product","/shop/whisky/johnnie-walker-15yo-sherry-scotch-whisky/"
"gray goose","Informational, Transactional","Transactional","390","18","primary","1","0","0","1","Product","/shop/spirit/grey-goose-essences-watermelon-basil-french-vodka/"
"smirnoff vodka price","Transactional","Transactional","390","11","primary","1","0","0","1","Product","/shop/spirit/smirnoff-blue-500ml-russian-vodka/"
"don julio tequila price","Transactional","Transactional","390","10","primary","1","0","0","1","Product","/shop/spirit/don-julio-don-julio/"
"rum black kraken","Informational","Informational","390","20","primary + secondary","1","2","0","3","Product / Blog","/shop/spirit/kraken-unknown-copper-scar-spiced-rum/ ; /blog/white-spiced-dark-rum-guide/ ; /blog/malibu-rum-and-coconut-rum-what-they-are/"
"hennessy vsop cognac","Transactional","Transactional","390","9","primary","1","0","0","1","Product","/shop/spirit/hennessy-master-blender-no5-cognac-brandy/"
"baileys irish cream price","Transactional","Transactional","390","14","primary","1","0","0","1","Product","/shop/spirit/baileys-apple-pie-baileys-irish-cream/"
"chum churum soju","Informational","Informational","390","9","primary + secondary","1","1","0","2","Product / Blog","/shop/other/chum-churum-soju-apple-mango/ ; /blog/soju-explained-koreas-spirit/"
"stone wood pale ale","Informational, Transactional","Transactional","390","11","primary","1","0","0","1","Product","/shop/beer-premix-wine/stone-and-wood-pacific-ale-4-x-6-pack-bottles/"
"white wine sauvignon blanc","Informational","Informational","390","16","primary + secondary","1","1","0","2","Blog","/blog/white-wine-styles-explained/ ; /blog/sauvignon-blanc-guide-low-alcohol-cooking-pairing/"
"single malt scotch whisky whiskey","Commercial","Commercial","390","18","tag","0","0","1","1","Page","/about/"
"best australian whisky","Commercial","Commercial","390","14","secondary + tag","0","12","3","15","Page / Sub-category / Product / Blog","/about/ ; /shop/whisky/collection/australian-whisky/ ; /shop/whisky/lark-legacy-rare-cask-series-para-100-vintage/"
"best single malt whisky","Commercial","Commercial","390","27","tag","0","0","1","1","Page","/about/"
"whisky scotch single malt","Commercial","Commercial","390","22","tag","0","0","1","1","Page","/about/"
"highland whisky","Informational, Commercial","Commercial","390","11","tag","0","0","1","1","Page","/about/"
"the hakushu single malt","Commercial","Commercial","390","13","tag","0","0","1","1","Page","/about/"
"sydney gin","Commercial","Commercial","390","17","secondary + tag","0","1","13","14","Page / Sub-category / Product","/about/ ; /shop/spirit/collection/gin/ ; /shop/spirit/collection/pink-gin/"
"oban single malt","Informational, Commercial","Commercial","390","15","tag","0","0","1","1","Page","/about/"
"nice single malt","Informational, Commercial","Commercial","390","17","tag","0","0","1","1","Page","/about/"
"whisky oban single malt","Commercial","Commercial","390","9","tag","0","0","1","1","Page","/about/"
"buy whisky online","Transactional","Transactional","390","28","secondary","0","1","0","1","Page","/shipping/"
"what is baileys","Informational","Informational","390","22","secondary","0","2","0","2","Page / Blog","/faq/ ; /blog/best-cream-coffee-liqueurs-for-cocktails/"
"what is ipa beer","Informational","Informational","390","20","secondary + faq","0","2","0","2","Page / Blog / FAQ","/faq/ ; /blog/what-is-ipa-beer-india-pale-ale-explained/"
"what is a lager","Informational","Informational","390","27","secondary + faq","0","3","0","3","Page / Blog / FAQ","/faq/ ; /blog/lager-vs-imported-beer-buyers-guide/ ; /blog/australian-beer-guide-lager-vb-craft-brands/"
"what is limoncello liqueur","Informational","Informational","390","14","secondary + faq","0","1","0","1","Page / FAQ","/faq/"
"does ginger beer have alcohol","Informational","Informational","390","10","secondary","0","2","0","2","Page / Blog","/faq/ ; /blog/best-mixers-for-home-bar/"
"what is the lager beer","Informational","Informational","390","28","secondary","0","3","0","3","Page / Blog","/faq/ ; /blog/lager-vs-imported-beer-buyers-guide/ ; /blog/australian-beer-guide-lager-vb-craft-brands/"
"grape soju","Informational, Commercial","Commercial","390","10","secondary + tag","0","12","2","14","Category / Sub-category / Product / Blog","/shop/other/ ; /shop/other/collection/soju/ ; /shop/other/ilpoom-jinro-1924-heritage-premium-soju/"
"soju lychee","Informational, Commercial","Commercial","390","8","secondary + tag","0","12","2","14","Category / Sub-category / Product / Blog","/shop/other/ ; /shop/other/collection/soju/ ; /shop/other/ilpoom-jinro-1924-heritage-premium-soju/"
"sugar free energy drink","Informational, Commercial","Commercial","390","16","secondary + tag","0","9","10","19","Category / Sub-category / Product","/shop/other/ ; /shop/beer-premix-wine/collection/zero-sugar-seltzers/ ; /shop/other/collection/mixers-water-condiments/"
"great energy drinks","Informational, Commercial","Commercial","390","26","secondary + tag","0","8","5","13","Category / Sub-category / Product","/shop/other/ ; /shop/other/collection/mixers-water-condiments/ ; /shop/other/san-pel-plastic-1l-mixers-water-condiments/"
"gatorade energy drink","Informational, Commercial","Commercial","390","15","secondary + tag","0","8","5","13","Category / Sub-category / Product","/shop/other/ ; /shop/other/collection/mixers-water-condiments/ ; /shop/other/san-pel-plastic-1l-mixers-water-condiments/"
"monster energy drink can","Informational, Commercial","Commercial","390","24","secondary + tag","0","8","5","13","Category / Sub-category / Product","/shop/other/ ; /shop/other/collection/mixers-water-condiments/ ; /shop/other/san-pel-plastic-1l-mixers-water-condiments/"
"monster energy peachy","Informational, Commercial","Commercial","390","13","secondary + tag","0","8","5","13","Category / Sub-category / Product","/shop/other/ ; /shop/other/collection/mixers-water-condiments/ ; /shop/other/san-pel-plastic-1l-mixers-water-condiments/"
"bourbon specials","Commercial","Commercial","390","14","tag","0","0","17","17","Sub-category / Product","/shop/whisky/collection/bourbon/ ; /shop/whisky/pappy-van-winkle-15-year-old-family-reserve/ ; /shop/whisky/buffalo-trace-1l-bourbon-whiskey/"
"woodford bourbon","Informational, Commercial","Commercial","390","12","tag","0","0","17","17","Sub-category / Product","/shop/whisky/collection/bourbon/ ; /shop/whisky/pappy-van-winkle-15-year-old-family-reserve/ ; /shop/whisky/buffalo-trace-1l-bourbon-whiskey/"
"hibiki japanese whiskey","Informational, Commercial","Commercial","390","15","secondary + tag","0","2","23","25","Sub-category / Product / Blog","/shop/whisky/collection/japanese-whisky/ ; /shop/whisky/nikka-taketsuru-21-year-old-pure-malt/ ; /shop/whisky/yamazaki-18-year-old-single-malt-japanese-whisky/"
"yamazaki whisky","Commercial","Commercial","390","12","tag","0","0","25","25","Sub-category / Product / Blog","/shop/whisky/collection/japanese-whisky/ ; /shop/whisky/nikka-taketsuru-21-year-old-pure-malt/ ; /shop/whisky/yamazaki-18-year-old-single-malt-japanese-whisky/"
"best japanese whisky","Commercial","Commercial","390","15","tag","0","0","24","24","Sub-category / Product","/shop/whisky/collection/japanese-whisky/ ; /shop/whisky/nikka-taketsuru-21-year-old-pure-malt/ ; /shop/whisky/yamazaki-18-year-old-single-malt-japanese-whisky/"
"japanese whiskey top","Commercial","Commercial","390","15","tag","0","0","24","24","Sub-category / Product","/shop/whisky/collection/japanese-whisky/ ; /shop/whisky/nikka-taketsuru-21-year-old-pure-malt/ ; /shop/whisky/yamazaki-18-year-old-single-malt-japanese-whisky/"
"best whisky from japan","Commercial","Commercial","390","18","tag","0","0","24","24","Sub-category / Product","/shop/whisky/collection/japanese-whisky/ ; /shop/whisky/nikka-taketsuru-21-year-old-pure-malt/ ; /shop/whisky/yamazaki-18-year-old-single-malt-japanese-whisky/"
"toki japanese whiskey","Informational, Commercial","Commercial","390","17","tag","0","0","24","24","Sub-category / Product","/shop/whisky/collection/japanese-whisky/ ; /shop/whisky/nikka-taketsuru-21-year-old-pure-malt/ ; /shop/whisky/yamazaki-18-year-old-single-malt-japanese-whisky/"
"nikka coffey grain","Informational, Commercial","Commercial","390","13","tag","0","0","24","24","Sub-category / Product","/shop/whisky/collection/japanese-whisky/ ; /shop/whisky/nikka-taketsuru-21-year-old-pure-malt/ ; /shop/whisky/yamazaki-18-year-old-single-malt-japanese-whisky/"
"vodka and prices","Commercial","Commercial","390","10","secondary + tag","0","1","31","32","Sub-category / Product","/shop/spirit/collection/french-vodka/ ; /shop/spirit/collection/russian-vodka/ ; /shop/beer-premix-wine/collection/vodka-premix/"
"vodka low cost","Commercial","Commercial","390","28","secondary + tag","0","1","7","8","Sub-category / Product","/shop/spirit/collection/french-vodka/ ; /shop/spirit/collection/vodka/ ; /shop/spirit/ciroc-pineapple-french-vodka/"
"vodka flavours","Informational, Commercial","Commercial","390","15","secondary + tag","0","1","7","8","Sub-category / Product","/shop/spirit/collection/french-vodka/ ; /shop/spirit/collection/vodka/ ; /shop/spirit/ciroc-pineapple-french-vodka/"
"absolut raspberri vodka","Commercial","Commercial","390","16","secondary + tag","0","1","11","12","Sub-category / Product","/shop/spirit/collection/russian-vodka/ ; /shop/spirit/collection/ouzo/ ; /shop/spirit/belenkaya-vodka/"
"lychee vodka","Informational, Commercial","Commercial","390","20","secondary + tag","0","5","5","10","Sub-category / Product","/shop/spirit/collection/polish-vodka/ ; /shop/spirit/belvedere-1l-polish-vodka/ ; /shop/spirit/belvedere-200ml-polish-vodka/"
"titos vodka","Informational, Commercial","Commercial","390","18","secondary + tag","0","3","7","10","Sub-category / Product","/shop/spirit/collection/polish-vodka/ ; /shop/spirit/belvedere-1l-polish-vodka/ ; /shop/spirit/belvedere-200ml-polish-vodka/"
"500ml vodka","Commercial","Commercial","390","8","secondary","0","1","0","1","Sub-category","/shop/spirit/collection/polish-vodka/"
"the belvedere reviews","Commercial","Commercial","390","20","secondary + tag","0","8","1","9","Sub-category / Product / Blog","/shop/spirit/collection/belvedere/ ; /shop/spirit/belvedere-1l-belvedere/ ; /shop/spirit/belvedere-200ml-belvedere/"
"belvedere apartments","Commercial","Commercial","390","11","secondary + tag","0","8","1","9","Sub-category / Product / Blog","/shop/spirit/collection/belvedere/ ; /shop/spirit/belvedere-1l-belvedere/ ; /shop/spirit/belvedere-200ml-belvedere/"
"tequila patron xo cafe","Commercial","Commercial","390","9","secondary + tag","0","1","11","12","Sub-category / Product","/shop/spirit/collection/patron/ ; /shop/spirit/gran-patron-burdeos-extra-anejo-tequila/ ; /shop/spirit/patron-50ml-collection-patron/"
"don julio tequila reposado","Informational, Commercial","Commercial","390","12","secondary + tag","0","10","21","31","Sub-category / Product","/shop/spirit/collection/don-julio/ ; /shop/spirit/collection/white-tequila/ ; /shop/spirit/collection/gold-tequila/"
"don julio 70","Commercial","Commercial","390","15","tag","0","0","1","1","Sub-category","/shop/spirit/collection/don-julio/"
"white and blue bottle of tequila","Commercial","Commercial","390","25","secondary + tag","0","1","18","19","Sub-category / Product","/shop/spirit/collection/white-tequila/ ; /shop/spirit/collection/gold-tequila/ ; /shop/spirit/cabo-wabo-blanco-white-tequila/"
"tequila azul","Informational, Commercial","Commercial","390","15","secondary + tag","0","1","9","10","Sub-category / Product","/shop/spirit/collection/white-tequila/ ; /shop/spirit/collection/ouzo/ ; /shop/spirit/cabo-wabo-blanco-white-tequila/"
"white tequila","Commercial","Commercial","390","17","secondary + tag","0","1","18","19","Sub-category / Product","/shop/spirit/collection/white-tequila/ ; /shop/spirit/collection/gold-tequila/ ; /shop/spirit/cabo-wabo-blanco-white-tequila/"
"tequila sierra","Commercial","Commercial","390","9","secondary + tag","0","1","18","19","Sub-category / Product","/shop/spirit/collection/white-tequila/ ; /shop/spirit/collection/gold-tequila/ ; /shop/spirit/cabo-wabo-blanco-white-tequila/"
"captain morgan spiced gold","Informational, Commercial","Commercial","390","11","secondary + tag","0","5","9","14","Sub-category / Product","/shop/spirit/collection/gold-tequila/ ; /shop/spirit/cabo-wabo-anejo-gold-tequila/ ; /shop/spirit/clase-azul-day-of-dead-gold-tequila/"
"bottle of rum","Commercial","Commercial","390","11","secondary + tag","0","1","9","10","Sub-category / Product","/shop/spirit/collection/spiced-rum/ ; /shop/spirit/collection/white-rum/ ; /shop/spirit/kraken-50ml-spiced-rum/"
"rum bottle","Commercial","Commercial","390","12","secondary + tag","0","1","8","9","Sub-category / Product","/shop/spirit/collection/spiced-rum/ ; /shop/spirit/collection/white-rum/ ; /shop/spirit/bacardi-blanca-200-white-rum/"
"bundaberg rum 700ml","Commercial","Commercial","390","11","secondary + tag","0","1","6","7","Sub-category / Product","/shop/spirit/collection/spiced-rum/ ; /shop/spirit/collection/white-rum/ ; /shop/spirit/bacardi-blanca-200-white-rum/"
"rum australia","Commercial","Commercial","390","12","secondary + tag","0","1","9","10","Sub-category / Product","/shop/spirit/collection/spiced-rum/ ; /shop/spirit/collection/white-rum/ ; /shop/spirit/collection/rum/"
"rum brands","Informational, Commercial","Commercial","390","17","secondary + tag","0","1","9","10","Sub-category / Product","/shop/spirit/collection/spiced-rum/ ; /shop/spirit/collection/white-rum/ ; /shop/spirit/collection/rum/"
"kraken coffee rum","Commercial","Commercial","390","10","secondary + tag","0","6","7","13","Sub-category / Product","/shop/spirit/collection/spiced-rum/ ; /shop/spirit/collection/white-rum/ ; /shop/spirit/collection/rum/"
"banana rum","Informational, Commercial","Commercial","390","14","secondary + tag","0","1","5","6","Sub-category / Product","/shop/spirit/collection/white-rum/ ; /shop/spirit/collection/rum/ ; /shop/spirit/probitas-white-rum/"
"black bart rum","Informational, Commercial","Commercial","390","7","secondary + tag","0","1","5","6","Sub-category / Product","/shop/spirit/collection/white-rum/ ; /shop/spirit/collection/rum/ ; /shop/spirit/probitas-white-rum/"
"rum cans","Informational, Commercial","Commercial","390","11","secondary + tag","0","1","5","6","Sub-category / Product","/shop/spirit/collection/white-rum/ ; /shop/spirit/collection/rum/ ; /shop/spirit/probitas-white-rum/"
"rum kraken spiced","Commercial","Commercial","390","10","secondary + tag","0","6","5","11","Sub-category / Product","/shop/spirit/collection/white-rum/ ; /shop/spirit/collection/rum/ ; /shop/spirit/kraken-50ml-spiced-rum/"
"gin premix","Commercial","Commercial","390","11","secondary + tag","0","1","25","26","Sub-category / Product / Blog","/shop/spirit/collection/gin/ ; /shop/beer-premix-wine/collection/vodka-premix/ ; /shop/spirit/collection/pink-gin/"
"gin and tonic premix","Informational, Commercial","Commercial","390","11","secondary + tag","0","1","26","27","Sub-category / Product / Blog","/shop/spirit/collection/gin/ ; /shop/beer-premix-wine/collection/vodka-premix/ ; /shop/spirit/collection/pink-gin/"
"gin cans","Commercial","Commercial","390","9","secondary + tag","0","1","12","13","Sub-category / Product","/shop/spirit/collection/gin/ ; /shop/spirit/collection/pink-gin/ ; /shop/spirit/bombay-sapphire-gin/"
"bottle of gin","Commercial","Commercial","390","10","secondary + tag","0","1","12","13","Sub-category / Product","/shop/spirit/collection/gin/ ; /shop/spirit/collection/pink-gin/ ; /shop/spirit/bombay-sapphire-gin/"
"gin presents","Commercial","Commercial","390","6","secondary + tag","0","1","12","13","Sub-category / Product","/shop/spirit/collection/gin/ ; /shop/spirit/collection/pink-gin/ ; /shop/spirit/bombay-sapphire-gin/"
"glas gin tonic","Commercial","Commercial","390","9","secondary + tag","0","1","12","13","Sub-category / Product","/shop/spirit/collection/gin/ ; /shop/spirit/collection/pink-gin/ ; /shop/spirit/bombay-sapphire-gin/"
"good gin","Informational, Commercial","Commercial","390","22","secondary + tag","0","1","12","13","Sub-category / Product","/shop/spirit/collection/gin/ ; /shop/spirit/collection/pink-gin/ ; /shop/spirit/bombay-sapphire-gin/"
"cognac brandy","Commercial","Commercial","390","16","secondary + tag","0","1","39","40","Sub-category / Product / Blog","/shop/spirit/collection/cognac-brandy/ ; /shop/spirit/collection/ouzo/ ; /shop/spirit/louis-xiii-de-remy-martin-grande-champagne-cognac/"
"martell konjak","Commercial","Commercial","390","12","tag","0","0","35","35","Sub-category / Product","/shop/spirit/collection/cognac-brandy/ ; /shop/spirit/louis-xiii-de-remy-martin-grande-champagne-cognac/ ; /shop/spirit/martell-cordon-bleu-cognac-brandy/"
"blue swift martell","Commercial","Commercial","390","11","tag","0","0","31","31","Sub-category / Product","/shop/spirit/collection/cognac-brandy/ ; /shop/spirit/louis-xiii-de-remy-martin-grande-champagne-cognac/ ; /shop/spirit/martell-vsop-30ml-cognac-brandy/"
"baileys alcohol price","Commercial","Commercial","390","12","secondary + tag","0","10","3","13","Sub-category / Product","/shop/spirit/collection/baileys-irish-cream/ ; /shop/spirit/baileys-1l-baileys-irish-cream/ ; /shop/spirit/baileys-700-baileys-irish-cream/"
"baileys irish cream 700ml","Commercial","Commercial","390","9","secondary + tag","0","8","1","9","Sub-category / Product","/shop/spirit/collection/baileys-irish-cream/ ; /shop/spirit/baileys-700-baileys-irish-cream/ ; /shop/spirit/baileys-apple-pie-baileys-irish-cream/"
"baileys irish cream 1l best price","Commercial","Commercial","390","11","secondary + tag","0","1","2","3","Sub-category / Product","/shop/spirit/collection/baileys-irish-cream/ ; /shop/spirit/baileys-1l-baileys-irish-cream/ ; /shop/spirit/sheridans-1l-baileys-irish-cream/"
"baileys chocolate liqueur","Informational, Commercial","Commercial","390","18","secondary + tag","0","3","9","12","Sub-category / Product","/shop/spirit/collection/baileys-irish-cream/ ; /shop/spirit/collection/ouzo/ ; /shop/spirit/baileys-700-baileys-irish-cream/"
"baileys irish cream abv","Informational, Commercial","Commercial","390","9","secondary + tag","0","11","2","13","Sub-category / Product","/shop/spirit/collection/baileys-irish-cream/ ; /shop/spirit/baileys-1l-baileys-irish-cream/ ; /shop/spirit/baileys-700-baileys-irish-cream/"
"baileys 1 liter","Commercial","Commercial","390","13","tag","0","0","3","3","Sub-category / Product","/shop/spirit/collection/baileys-irish-cream/ ; /shop/spirit/baileys-1l-baileys-irish-cream/ ; /shop/spirit/sheridans-1l-baileys-irish-cream/"
"cream liqueur liqueurs","Commercial","Commercial","390","13","secondary + tag","0","6","11","17","Sub-category / Product","/shop/spirit/collection/baileys-irish-cream/ ; /shop/spirit/collection/liqueur/ ; /shop/spirit/baileys-700-baileys-irish-cream/"
"cointreau 1l","Commercial","Commercial","390","15","secondary","0","1","0","1","Sub-category","/shop/spirit/collection/orange-liqueur/"
"orange liqueurs","Informational, Commercial","Commercial","390","21","secondary","0","6","0","6","Sub-category / Product","/shop/spirit/collection/orange-liqueur/ ; /shop/spirit/1800-guachimonton-orange-liqueur/ ; /shop/spirit/cointreau-50ml-orange-liqueur/"
"amaro del capo","Informational, Commercial","Commercial","390","7","secondary + tag","0","11","2","13","Sub-category / Product / Blog","/shop/spirit/collection/amaro/ ; /shop/spirit/chartreuse-vep-green-herbal-liqueur/ ; /shop/spirit/amaro-averna/"
"vecchio amaro del capo","Informational, Commercial","Commercial","390","16","secondary + tag","0","11","2","13","Sub-category / Product / Blog","/shop/spirit/collection/amaro/ ; /shop/spirit/chartreuse-vep-green-herbal-liqueur/ ; /shop/spirit/amaro-averna/"
"best limoncello","Commercial","Commercial","390","17","secondary","0","9","0","9","Sub-category / Product","/shop/spirit/collection/limoncello/ ; /shop/spirit/24-ice-frozen-cocktails-5pack-limoncello/ ; /shop/spirit/bottega-limoncino-limoncello/"
"manly spirits limoncello","Commercial","Commercial","390","18","secondary","0","9","0","9","Sub-category / Product","/shop/spirit/collection/limoncello/ ; /shop/spirit/24-ice-frozen-cocktails-5pack-limoncello/ ; /shop/spirit/bottega-limoncino-limoncello/"
"de bortoli limoncello spritz","Informational, Commercial","Commercial","390","17","secondary","0","10","0","10","Sub-category / Product","/shop/spirit/collection/limoncello/ ; /shop/spirit/24-ice-frozen-cocktails-5pack-limoncello/ ; /shop/spirit/bottega-limoncino-limoncello/"
"best non alcoholic drinks","Commercial","Commercial","390","21","tag","0","0","4","4","Sub-category / Product","/shop/beer-premix-wine/collection/non-alcoholic-beer/ ; /shop/beer-premix-wine/clausthaler-original-500ml/ ; /shop/beer-premix-wine/heineken-zero-cans-330ml-non-alcoholic-beer/"
"good non alcoholic wine","Commercial","Commercial","390","22","tag","0","0","4","4","Sub-category / Product","/shop/beer-premix-wine/collection/non-alcoholic-beer/ ; /shop/beer-premix-wine/clausthaler-original-500ml/ ; /shop/beer-premix-wine/heineken-zero-cans-330ml-non-alcoholic-beer/"
"non alcoholic beers","Commercial","Commercial","390","19","tag","0","0","4","4","Sub-category / Product","/shop/beer-premix-wine/collection/non-alcoholic-beer/ ; /shop/beer-premix-wine/clausthaler-original-500ml/ ; /shop/beer-premix-wine/heineken-zero-cans-330ml-non-alcoholic-beer/"
"low alcohol sparkling wine","Informational, Commercial","Commercial","390","9","tag","0","0","4","4","Sub-category / Product","/shop/beer-premix-wine/collection/non-alcoholic-beer/ ; /shop/beer-premix-wine/clausthaler-original-500ml/ ; /shop/beer-premix-wine/heineken-zero-cans-330ml-non-alcoholic-beer/"
"non alcoholic wines","Commercial","Commercial","390","20","tag","0","0","4","4","Sub-category / Product","/shop/beer-premix-wine/collection/non-alcoholic-beer/ ; /shop/beer-premix-wine/clausthaler-original-500ml/ ; /shop/beer-premix-wine/heineken-zero-cans-330ml-non-alcoholic-beer/"
"zero alcohol red wine","Commercial","Commercial","390","16","tag","0","0","4","4","Sub-category / Product","/shop/beer-premix-wine/collection/non-alcoholic-beer/ ; /shop/beer-premix-wine/clausthaler-original-500ml/ ; /shop/beer-premix-wine/heineken-zero-cans-330ml-non-alcoholic-beer/"
"alcohol free rose","Commercial","Commercial","390","9","tag","0","0","4","4","Sub-category / Product","/shop/beer-premix-wine/collection/non-alcoholic-beer/ ; /shop/beer-premix-wine/clausthaler-original-500ml/ ; /shop/beer-premix-wine/heineken-zero-cans-330ml-non-alcoholic-beer/"
"best alcohol free wine","Commercial","Commercial","390","18","tag","0","0","3","3","Sub-category / Product","/shop/beer-premix-wine/collection/non-alcoholic-beer/ ; /shop/beer-premix-wine/clausthaler-original-500ml/ ; /shop/beer-premix-wine/heineken-zero-cans-330ml-non-alcoholic-beer/"
"best rated non alcoholic wine","Commercial","Commercial","390","20","tag","0","0","2","2","Sub-category / Product","/shop/beer-premix-wine/collection/non-alcoholic-beer/ ; /shop/beer-premix-wine/clausthaler-original-500ml/"
"non-alcoholic beer","Commercial","Commercial","390","22","tag","0","0","2","2","Sub-category / Product","/shop/beer-premix-wine/collection/non-alcoholic-beer/ ; /shop/beer-premix-wine/clausthaler-original-500ml/"
"ginger beer alcoholic australia","Commercial","Commercial","390","19","tag","0","0","1","1","Sub-category","/shop/beer-premix-wine/collection/ginger-beer/"
"ginger beer james squire","Commercial","Commercial","390","11","tag","0","0","1","1","Sub-category","/shop/beer-premix-wine/collection/ginger-beer/"
"capi ginger beer","Commercial","Commercial","390","15","tag","0","0","1","1","Sub-category","/shop/beer-premix-wine/collection/ginger-beer/"
"ginger beer cans","Commercial","Commercial","390","14","secondary + tag","0","1","1","2","Sub-category / Product","/shop/beer-premix-wine/collection/ginger-beer/ ; /shop/beer-premix-wine/ginger-kid-ginger-beer/"
"case of red wine","Informational, Commercial","Commercial","390","16","tag","0","0","21","21","Sub-category / Product","/shop/beer-premix-wine/collection/red-wine/ ; /shop/beer-premix-wine/penfolds-grange-2018-shiraz-australian-icon/ ; /shop/beer-premix-wine/stefani-estate-shirazcopy-red-wine/"
"coopers sparkling ale cans","Commercial","Commercial","390","10","tag","0","0","6","6","Sub-category / Product","/shop/beer-premix-wine/collection/sparkling/ ; /shop/beer-premix-wine/dom-perignon-vintage-rose-champagne-2008/ ; /shop/beer-premix-wine/laurent-perrier-brut-nogb-sparkling-wine/"
"australian sparkling","Commercial","Commercial","390","9","tag","0","0","8","8","Sub-category / Product / Blog","/shop/beer-premix-wine/collection/sparkling/ ; /shop/beer-premix-wine/dom-perignon-vintage-rose-champagne-2008/ ; /shop/beer-premix-wine/gh-mumm-corodn-rouge-brut-sparkling-wine/"
"french sparkling wine","Informational, Commercial","Commercial","390","8","tag","0","0","4","4","Sub-category / Product","/shop/beer-premix-wine/collection/sparkling/ ; /shop/beer-premix-wine/dom-perignon-vintage-rose-champagne-2008/ ; /shop/beer-premix-wine/laurent-perrier-brut-nogb-sparkling-wine/"
"pink sparkling wine","Informational, Commercial","Commercial","390","17","tag","0","0","4","4","Sub-category / Product","/shop/beer-premix-wine/collection/sparkling/ ; /shop/beer-premix-wine/dom-perignon-vintage-rose-champagne-2008/ ; /shop/beer-premix-wine/laurent-perrier-brut-nogb-sparkling-wine/"
"no sugar jelly","Commercial","Commercial","390","16","tag","0","0","6","6","Sub-category / Product","/shop/beer-premix-wine/collection/zero-sugar-seltzers/ ; /shop/beer-premix-wine/d9-sparkling-grape-zero-sugar/ ; /shop/beer-premix-wine/d9-strong-sparkling-grape-zero-sugar/"
"cider drink","Commercial","Commercial","390","18","tag","0","0","7","7","Sub-category / Product","/shop/beer-premix-wine/collection/cider/ ; /shop/beer-premix-wine/little-fat-lamb-creaming-soda/ ; /shop/beer-premix-wine/little-fat-lamb-fantasy-cider/"
"bilpin apple cider","Commercial","Commercial","390","12","tag","0","0","7","7","Sub-category / Product","/shop/beer-premix-wine/collection/cider/ ; /shop/beer-premix-wine/little-fat-lamb-creaming-soda/ ; /shop/beer-premix-wine/little-fat-lamb-fantasy-cider/"
"pear cider somersby","Commercial","Commercial","390","11","tag","0","0","7","7","Sub-category / Product","/shop/beer-premix-wine/collection/cider/ ; /shop/beer-premix-wine/little-fat-lamb-creaming-soda/ ; /shop/beer-premix-wine/little-fat-lamb-fantasy-cider/"
"somersby cider 10 pack","Commercial","Commercial","390","11","tag","0","0","1","1","Sub-category","/shop/beer-premix-wine/collection/cider/"
"somersby apple cider 24 pack","Commercial","Commercial","390","8","tag","0","0","6","6","Sub-category / Product","/shop/beer-premix-wine/collection/cider/ ; /shop/beer-premix-wine/little-fat-lamb-creaming-soda/ ; /shop/beer-premix-wine/little-fat-lamb-fantasy-cider/"
"hills apple cider","Commercial","Commercial","390","7","tag","0","0","7","7","Sub-category / Product","/shop/beer-premix-wine/collection/cider/ ; /shop/beer-premix-wine/little-fat-lamb-creaming-soda/ ; /shop/beer-premix-wine/little-fat-lamb-fantasy-cider/"
"james squire apple cider","Commercial","Commercial","390","9","tag","0","0","6","6","Sub-category / Product","/shop/beer-premix-wine/collection/cider/ ; /shop/beer-premix-wine/little-fat-lamb-creaming-soda/ ; /shop/beer-premix-wine/little-fat-lamb-fantasy-cider/"
"nice whiskey","Commercial","Commercial","390","17","secondary + tag","0","1","6","7","Sub-category / Product","/shop/whisky/collection/irish-whiskey/ ; /shop/whisky/bushmills-original-blended-irish-whiskey/ ; /shop/whisky/bushmills-14-year-old-malaga-cask-finish-single-malt-irish-whiskey/"
"glenlivet whiskey","Commercial","Commercial","390","17","tag","0","0","7","7","Sub-category / Product","/shop/whisky/collection/irish-whiskey/ ; /shop/whisky/bushmills-original-blended-irish-whiskey/ ; /shop/whisky/bushmills-14-year-old-malaga-cask-finish-single-malt-irish-whiskey/"
"whiskey offers","Commercial","Commercial","390","20","tag","0","0","7","7","Sub-category / Product","/shop/whisky/collection/irish-whiskey/ ; /shop/whisky/bushmills-original-blended-irish-whiskey/ ; /shop/whisky/bushmills-14-year-old-malaga-cask-finish-single-malt-irish-whiskey/"
"irish whiskeys","Informational, Commercial","Commercial","390","19","tag","0","0","7","7","Sub-category / Product","/shop/whisky/collection/irish-whiskey/ ; /shop/whisky/bushmills-original-blended-irish-whiskey/ ; /shop/whisky/bushmills-14-year-old-malaga-cask-finish-single-malt-irish-whiskey/"
"whiskey brands irish","Informational, Commercial","Commercial","390","23","tag","0","0","7","7","Sub-category / Product","/shop/whisky/collection/irish-whiskey/ ; /shop/whisky/bushmills-original-blended-irish-whiskey/ ; /shop/whisky/bushmills-14-year-old-malaga-cask-finish-single-malt-irish-whiskey/"
"irish whiskey types","Informational, Commercial","Commercial","390","18","tag","0","0","8","8","Sub-category / Product / Blog","/shop/whisky/collection/irish-whiskey/ ; /shop/whisky/bushmills-original-blended-irish-whiskey/ ; /shop/whisky/bushmills-14-year-old-malaga-cask-finish-single-malt-irish-whiskey/"
"whiskey blended","Commercial","Commercial","390","14","tag","0","0","7","7","Sub-category / Product","/shop/whisky/collection/irish-whiskey/ ; /shop/whisky/bushmills-original-blended-irish-whiskey/ ; /shop/whisky/bushmills-14-year-old-malaga-cask-finish-single-malt-irish-whiskey/"
"whiskey presents","Commercial","Commercial","390","7","tag","0","0","7","7","Sub-category / Product","/shop/whisky/collection/irish-whiskey/ ; /shop/whisky/bushmills-original-blended-irish-whiskey/ ; /shop/whisky/bushmills-14-year-old-malaga-cask-finish-single-malt-irish-whiskey/"
"champagne price","Commercial","Commercial","390","14","secondary","0","7","0","7","Sub-category / Product","/shop/beer-premix-wine/collection/champagne/ ; /shop/beer-premix-wine/krug-grande-cuvee-brut-m-v-half-bottle-champagne/ ; /shop/beer-premix-wine/laurent-perrier-la-cuvee-brut-champagne-nv/"
"janz champagne","Navigational, Commercial","Commercial","390","10","secondary","0","7","0","7","Sub-category / Product","/shop/beer-premix-wine/collection/champagne/ ; /shop/beer-premix-wine/krug-grande-cuvee-brut-m-v-half-bottle-champagne/ ; /shop/beer-premix-wine/laurent-perrier-la-cuvee-brut-champagne-nv/"
"bottle of champagne","Informational, Commercial","Commercial","390","13","secondary","0","7","0","7","Sub-category / Product","/shop/beer-premix-wine/collection/champagne/ ; /shop/beer-premix-wine/krug-grande-cuvee-brut-m-v-half-bottle-champagne/ ; /shop/beer-premix-wine/laurent-perrier-la-cuvee-brut-champagne-nv/"
"french champagne specials","Commercial","Commercial","390","9","secondary","0","7","0","7","Sub-category / Product","/shop/beer-premix-wine/collection/champagne/ ; /shop/beer-premix-wine/krug-grande-cuvee-brut-m-v-half-bottle-champagne/ ; /shop/beer-premix-wine/laurent-perrier-la-cuvee-brut-champagne-nv/"
"whiskey liqueur","Informational, Commercial","Commercial","390","10","secondary","0","6","0","6","Sub-category / Product","/shop/spirit/collection/liqueur/ ; /shop/spirit/sour-puss-apple-blended-liqueur/ ; /shop/spirit/sour-puss-sour-peach-blended-liqueur/"
"best spiced rum","Commercial","Commercial","390","10","secondary","0","1","0","1","Sub-category","/shop/spirit/collection/ouzo/"
"spiced rum the kraken","Commercial","Commercial","390","14","secondary","0","1","0","1","Sub-category","/shop/spirit/collection/ouzo/"
"low carb beers australia","Commercial","Commercial","390","10","secondary + tag","0","1","1","2","Sub-category / Product","/shop/beer-premix-wine/collection/low-carb-beer/ ; /shop/beer-premix-wine/pure-blonde-ultra-low-carb-lager-case-4-x-6-pack-bottles/"
"ultra low carb beer","Commercial","Commercial","390","16","secondary + tag","0","1","1","2","Sub-category / Product","/shop/beer-premix-wine/collection/low-carb-beer/ ; /shop/beer-premix-wine/pure-blonde-ultra-low-carb-lager-case-4-x-6-pack-bottles/"
"low calorie beer au","Commercial","Commercial","390","10","secondary + tag","0","1","1","2","Sub-category / Product","/shop/beer-premix-wine/collection/low-carb-beer/ ; /shop/beer-premix-wine/pure-blonde-ultra-low-carb-lager-case-4-x-6-pack-bottles/"
"best mid strength beer australia","Commercial","Commercial","390","12","secondary + tag","0","1","1","2","Sub-category / Product","/shop/beer-premix-wine/collection/low-carb-beer/ ; /shop/beer-premix-wine/pure-blonde-ultra-low-carb-lager-case-4-x-6-pack-bottles/"
"beer australia","Informational, Commercial","Commercial","390","25","secondary + tag","0","1","4","5","Sub-category / Product","/shop/beer-premix-wine/collection/german-beer/ ; /shop/beer-premix-wine/corona-brown-box-355-bottles-imported-beer/ ; /shop/beer-premix-wine/modelo-especial-imported-beer/"
"beer slab","Commercial","Commercial","390","23","secondary + tag","0","1","1","2","Sub-category / Product","/shop/beer-premix-wine/collection/german-beer/ ; /shop/beer-premix-wine/warsteiner-german-pilsner-imported-beer-case-bottles/"
"johnnie walker platinum","Commercial","Commercial","390","18","tag","0","0","4","4","Product","/shop/whisky/johnnie-walker-king-george-v-rare-edition/ ; /shop/whisky/johnnie-walker-15yo-sherry-scotch-whisky/ ; /shop/whisky/johnnie-walker-black-50ml-scotch-whisky/"
"johnnie walker red label scotch","Commercial","Commercial","390","15","tag","0","0","4","4","Product","/shop/whisky/johnnie-walker-king-george-v-rare-edition/ ; /shop/whisky/johnnie-walker-15yo-sherry-scotch-whisky/ ; /shop/whisky/johnnie-walker-black-50ml-scotch-whisky/"
"sparkling shiraz wine","Informational, Commercial","Commercial","390","10","tag","0","0","4","4","Product","/shop/beer-premix-wine/dom-perignon-vintage-rose-champagne-2008/ ; /shop/beer-premix-wine/gh-mumm-corodn-rouge-brut-sparkling-wine/ ; /shop/beer-premix-wine/laurent-perrier-brut-nogb-sparkling-wine/"
"australian sparkling red","Commercial","Commercial","390","11","tag","0","0","3","3","Product / Blog","/shop/beer-premix-wine/dom-perignon-vintage-rose-champagne-2008/ ; /shop/beer-premix-wine/gh-mumm-corodn-rouge-brut-sparkling-wine/ ; /blog/australian-beer-guide-lager-vb-craft-brands/"
"johnnie walker red 700ml","Commercial","Commercial","390","13","tag","0","0","2","2","Product","/shop/whisky/johnnie-walker-15yo-sherry-scotch-whisky/ ; /shop/whisky/johnnie-walker-xr-scotch-whisky/"
"seltzer smirnoff","Commercial","Commercial","390","11","secondary + tag","0","8","1","9","Product / Blog","/shop/spirit/smirnoff-50ml-russian-vodka/ ; /shop/spirit/smirnoff-blue-1l-russian-vodka/ ; /shop/spirit/smirnoff-blue-500ml-russian-vodka/"
"smirnoff 1 litre","Commercial","Commercial","390","11","secondary","0","3","0","3","Product","/shop/spirit/smirnoff-blue-1l-russian-vodka/ ; /shop/spirit/smirnoff-gold-1l-russian-vodka/ ; /shop/spirit/smirnoff-gold-1l-cinnamon-liqueur/"
"pale ale beers","Informational, Commercial","Commercial","390","14","tag","0","0","3","3","Product","/shop/beer-premix-wine/corona-brown-box-355-bottles-imported-beer/ ; /shop/beer-premix-wine/modelo-especial-imported-beer/ ; /shop/beer-premix-wine/peroni-nastro-6pack-imported-beer/"
"kosciuszko pale ale","Informational, Commercial","Commercial","390","14","tag","0","0","2","2","Product","/shop/beer-premix-wine/corona-brown-box-355-bottles-imported-beer/ ; /shop/beer-premix-wine/peroni-nastro-6pack-imported-beer/"
"zero alcohol gin","Commercial","Commercial","390","17","tag","0","0","1","1","Product","/shop/beer-premix-wine/clausthaler-original-500ml/"
"sparking wine","Informational, Commercial","Commercial","390","12","tag","0","0","10","10","Product","/shop/beer-premix-wine/alexanderhill-chardonnay-white-wine/ ; /shop/beer-premix-wine/alexanderhill-rose-white-wine/ ; /shop/beer-premix-wine/balexanderhill-savblanccopy-white-wine/"
"dry rose wine","Informational, Commercial","Commercial","390","17","tag","0","0","10","10","Product / Blog","/shop/beer-premix-wine/alexanderhill-chardonnay-white-wine/ ; /shop/beer-premix-wine/alexanderhill-rose-white-wine/ ; /shop/beer-premix-wine/balexanderhill-savblanccopy-white-wine/"
"prosecco sparkling wine","Informational, Commercial","Commercial","390","13","tag","0","0","2","2","Product / Blog","/shop/beer-premix-wine/gh-mumm-corodn-rouge-brut-sparkling-wine/ ; /blog/prosecco-guide-aperol-spritz-rose-mimosa/"
"sparkling water can","Commercial","Commercial","390","13","tag","0","0","1","1","Product","/shop/beer-premix-wine/gh-mumm-corodn-rouge-brut-sparkling-wine/"
"cost moet champagne","Informational, Commercial","Commercial","390","10","secondary + tag","0","2","1","3","Product / Blog","/shop/beer-premix-wine/moet-chandon-imperial-bottle-sparkling-wine/ ; /shop/beer-premix-wine/moet-rose-imperial-sparkling-wine/ ; /blog/champagne-rose-brut-guide-veuve-clicquot-krug/"
"chivas regal 12 1 litre","Commercial","Commercial","390","15","secondary","0","1","0","1","Product","/shop/whisky/chivas-regal-12-year-old-signature-blend-blended-scotch-whisky/"
"jim beam white","Informational, Commercial","Commercial","390","11","secondary","0","3","0","3","Product","/shop/whisky/jim-beam-white-label-kentucky-bourbon-whiskey/ ; /shop/whisky/jim-beam-white-label-40-kentucky-straight-bourbon-whiskey/ ; /shop/whisky/jim-beam-8-year-old-pin-bottle-235th-anniversary-2025-limited-edition-kentucky-straight-bourbon-whiskey/"
"scotch and whiskey","Informational","Informational","390","28","secondary","0","1","0","1","Blog","/blog/single-malt-vs-blended-scotch/"
"old grouse scotch","Informational","Informational","390","16","secondary","0","1","0","1","Blog","/blog/single-malt-vs-blended-scotch/"
"blended whiskey","Informational","Informational","390","18","secondary","0","1","0","1","Blog","/blog/single-malt-vs-blended-scotch/"
"islay single malt scotch whisky","Informational","Informational","390","17","secondary","0","3","0","3","Blog","/blog/single-malt-vs-blended-scotch/ ; /blog/how-to-store-and-cellar-rare-whisky/ ; /blog/beginners-guide-investing-in-rare-whisky/"
"jim beam rye","Informational","Informational","390","13","secondary","0","1","0","1","Blog","/blog/beginners-guide-to-rye-whiskey/"
"rye in whiskey","Informational","Informational","390","17","secondary","0","1","0","1","Blog","/blog/beginners-guide-to-rye-whiskey/"
"the chita japanese whisky","Informational","Informational","390","9","secondary","0","4","0","4","Blog","/blog/why-japanese-whisky-became-a-global-obsession/ ; /blog/macallan-sherry-cask-legacy/ ; /blog/how-to-store-and-cellar-rare-whisky/"
"suntory 196 double lemon","Informational","Informational","390","11","secondary","0","1","0","1","Blog","/blog/why-japanese-whisky-became-a-global-obsession/"
"japanese lemon alcohol","Informational","Informational","390","26","secondary","0","1","0","1","Blog","/blog/why-japanese-whisky-became-a-global-obsession/"
"lark hill","Navigational","Navigational","390","22","secondary","0","1","0","1","Blog","/blog/rise-of-australian-single-malt-whisky/"
"casaamigos tequila","Navigational","Navigational","390","23","secondary","0","2","0","2","Blog","/blog/tequila-aging-guide-blanco-reposado-anejo/ ; /blog/anejo-tequila-guide-reposado-blanco-brands/"
"milagro tequila","Navigational","Navigational","390","20","secondary","0","2","0","2","Blog","/blog/tequila-aging-guide-blanco-reposado-anejo/ ; /blog/anejo-tequila-guide-reposado-blanco-brands/"
"brandy for cocktails","Informational","Informational","390","23","secondary","0","1","0","1","Blog","/blog/cognac-vs-brandy-explained/"
"gin spritz","Informational","Informational","390","12","secondary","0","1","0","1","Blog","/blog/london-dry-vs-contemporary-gin/"
"bombay gin and tonic","Informational","Informational","390","12","secondary","0","2","0","2","Blog","/blog/london-dry-vs-contemporary-gin/ ; /blog/best-mixers-for-home-bar/"
"gin drinks recipes","Informational","Informational","390","23","secondary","0","1","0","1","Blog","/blog/london-dry-vs-contemporary-gin/"
"kalki moon gin","Navigational","Navigational","390","21","secondary","0","1","0","1","Blog","/blog/london-dry-vs-contemporary-gin/"
"baijiu chinese drink","Informational","Informational","390","28","secondary","0","1","0","1","Blog","/blog/what-is-baijiu/"
"chinese spirit","Informational","Informational","390","22","secondary","0","1","0","1","Blog","/blog/what-is-baijiu/"
"nonino amaro","Informational","Informational","390","14","secondary","0","1","0","1","Blog","/blog/amaro-101-italy-bittersweet-tradition/"
"alcohol percentage in baileys irish cream","Informational","Informational","390","24","secondary","0","2","0","2","Blog","/blog/best-cream-coffee-liqueurs-for-cocktails/ ; /blog/irish-whiskey-guide-bushmills-redbreast-how-its-made/"
"kahlua alcohol","Informational","Informational","390","16","secondary","0","1","0","1","Blog","/blog/best-cream-coffee-liqueurs-for-cocktails/"
"lager house","Informational","Informational","390","17","secondary","0","2","0","2","Blog","/blog/lager-vs-imported-beer-buyers-guide/ ; /blog/australian-beer-guide-lager-vb-craft-brands/"
"non alcoholic margarita","Informational","Informational","390","20","secondary","0","1","0","1","Blog","/blog/why-non-alcoholic-beer-is-booming/"
"non alcoholic drink reminiscent of beer","Informational","Informational","390","8","secondary","0","1","0","1","Blog","/blog/why-non-alcoholic-beer-is-booming/"
"cider core house","Navigational","Navigational","390","17","secondary","0","1","0","1","Blog","/blog/guide-to-australian-craft-cider/"
"napoleone cider","Informational","Informational","390","17","secondary","0","1","0","1","Blog","/blog/guide-to-australian-craft-cider/"
"low carb cider","Informational","Informational","390","10","secondary","0","2","0","2","Blog","/blog/guide-to-australian-craft-cider/ ; /blog/beer-with-least-carbs-lowest-carb-beer-australia/"
"strawberry cider","Informational","Informational","390","13","secondary","0","1","0","1","Blog","/blog/guide-to-australian-craft-cider/"
"black chook sparkling shiraz","Informational","Informational","390","13","secondary","0","1","0","1","Blog","/blog/how-to-choose-red-wine/"
"yellow tail merlot","Informational","Informational","390","14","secondary","0","2","0","2","Blog","/blog/how-to-choose-red-wine/ ; /blog/cabernet-sauvignon-merlot-grenache-red-wine-grapes/"
"sparkling pinot noir","Informational","Informational","390","6","secondary","0","2","0","2","Blog","/blog/how-to-choose-red-wine/ ; /blog/pinot-grigio-vs-pinot-gris-italy-guide/"
"sticks pinot noir","Informational","Informational","390","13","secondary","0","2","0","2","Blog","/blog/how-to-choose-red-wine/ ; /blog/pinot-grigio-vs-pinot-gris-italy-guide/"
"cabernet and canvas","Navigational","Navigational","390","24","secondary","0","2","0","2","Blog","/blog/how-to-choose-red-wine/ ; /blog/cabernet-sauvignon-merlot-grenache-red-wine-grapes/"
"greywacke sauvignon blanc","Informational","Informational","390","15","secondary","0","2","0","2","Blog","/blog/white-wine-styles-explained/ ; /blog/sauvignon-blanc-guide-low-alcohol-cooking-pairing/"
"moscato white wine","Informational","Informational","390","16","secondary","0","1","0","1","Blog","/blog/white-wine-styles-explained/"
"rose moscato","Informational, Commercial","Commercial","390","13","tag","0","0","1","1","Blog","/blog/white-wine-styles-explained/"
"premix king burnie","Informational","Informational","390","7","secondary","0","1","0","1","Blog","/blog/ready-to-drink-premix-trend/"
"pre mixed cocktails","Commercial","Commercial","390","13","tag","0","0","1","1","Blog","/blog/ready-to-drink-premix-trend/"
"australian alcoholic ginger beer","Informational","Informational","390","10","secondary","0","2","0","2","Blog","/blog/best-mixers-for-home-bar/ ; /blog/australian-beer-guide-lager-vb-craft-brands/"
"how to brew ginger beer","Informational","Informational","390","17","secondary","0","1","0","1","Blog","/blog/best-mixers-for-home-bar/"
"rugged thumb ginger beer","Informational","Informational","390","16","secondary","0","1","0","1","Blog","/blog/best-mixers-for-home-bar/"
"cocktails using ginger beer","Informational","Informational","390","22","secondary","0","1","0","1","Blog","/blog/best-mixers-for-home-bar/"
"jack daniel's whisky","Informational","Informational","390","17","secondary","0","3","0","3","Blog","/blog/macallan-sherry-cask-legacy/ ; /blog/how-to-store-and-cellar-rare-whisky/ ; /blog/beginners-guide-investing-in-rare-whisky/"
"the macallan 12","Informational, Commercial","Commercial","390","14","tag","0","0","1","1","Blog","/blog/macallan-sherry-cask-legacy/"
"the belvedere photos","Informational","Informational","390","28","secondary","0","1","0","1","Blog","/blog/grey-goose-vs-belvedere-vodka-compared/"
"belvedere sydney","Navigational","Navigational","390","24","secondary","0","1","0","1","Blog","/blog/grey-goose-vs-belvedere-vodka-compared/"
"sweet prosecco","Informational, Commercial","Commercial","390","12","tag","0","0","1","1","Blog","/blog/prosecco-guide-aperol-spritz-rose-mimosa/"
"cheap prosecco","Commercial","Commercial","390","17","tag","0","0","1","1","Blog","/blog/prosecco-guide-aperol-spritz-rose-mimosa/"
"prosecco doc","Commercial","Commercial","390","18","tag","0","0","1","1","Blog","/blog/prosecco-guide-aperol-spritz-rose-mimosa/"
"yellow tail pinot grigio","Informational, Commercial","Commercial","390","10","tag","0","0","1","1","Blog","/blog/pinot-grigio-vs-pinot-gris-italy-guide/"
"pinot grigio for cooking","Informational, Commercial","Commercial","390","19","tag","0","0","1","1","Blog","/blog/pinot-grigio-vs-pinot-gris-italy-guide/"
"great pinot grigio","Commercial","Commercial","390","10","tag","0","0","1","1","Blog","/blog/pinot-grigio-vs-pinot-gris-italy-guide/"
"pinot grigio white wine","Informational, Commercial","Commercial","390","11","tag","0","0","1","1","Blog","/blog/pinot-grigio-vs-pinot-gris-italy-guide/"
"sauvignon wine white","Informational","Informational","390","17","secondary","0","1","0","1","Blog","/blog/sauvignon-blanc-guide-low-alcohol-cooking-pairing/"
"india pale ales","Informational","Informational","390","18","secondary","0","1","0","1","Blog","/blog/what-is-ipa-beer-india-pale-ale-explained/"
"what is in ipa","Informational","Informational","390","14","secondary","0","1","0","1","Blog","/blog/what-is-ipa-beer-india-pale-ale-explained/"
"ipa ale","Informational","Informational","390","20","secondary","0","1","0","1","Blog","/blog/what-is-ipa-beer-india-pale-ale-explained/"
"champagne wine bottle","Informational, Commercial","Commercial","390","14","tag","0","0","1","1","Blog","/blog/champagne-rose-brut-guide-veuve-clicquot-krug/"
"moet & chandon champagne","Commercial","Commercial","390","14","tag","0","0","1","1","Blog","/blog/champagne-rose-brut-guide-veuve-clicquot-krug/"
"coconut alcohol","Informational","Informational","390","18","secondary","0","1","0","1","Blog","/blog/malibu-rum-and-coconut-rum-what-they-are/"
"vb bottle","Informational, Commercial","Commercial","390","15","tag","0","0","1","1","Blog","/blog/australian-beer-guide-lager-vb-craft-brands/"
"buy whiskey online","Transactional","Transactional","320","20","primary + secondary","1","1","0","2","Page","/shop/ ; /shipping/"
"macallan single malt","Informational, Commercial","Commercial","320","15","primary + secondary + tag","1","24","2","27","Page / Product / Blog","/about/ ; /shop/whisky/macallan-25-year-old-sherry-oak-single-malt/ ; /shop/whisky/macallan-12-sherry-oak-scotch-whisky/"
"whiskey for sale","Transactional","Transactional","320","28","primary","1","0","0","1","Page","/contact/"
"vodka sale","Transactional","Transactional","320","15","primary","1","0","0","1","Sub-category","/shop/spirit/collection/russian-vodka/"
"best russian vodka","Commercial","Commercial","320","16","primary + secondary + tag","1","6","5","12","Sub-category / Product","/shop/spirit/collection/russian-vodka/ ; /shop/spirit/collection/ouzo/ ; /shop/spirit/belenkaya-vodka/"
"grey goose bottle","Informational, Transactional","Transactional","320","22","primary","1","0","0","1","Sub-category","/shop/spirit/collection/grey-goose/"
"don julio 1942 price","Transactional","Transactional","320","14","primary","1","0","0","1","Sub-category","/shop/spirit/collection/don-julio/"
"buy tequila","Transactional","Transactional","320","11","primary","1","0","0","1","Sub-category","/shop/spirit/collection/gold-tequila/"
"whiskey deals","Transactional","Transactional","320","18","primary","1","0","0","1","Sub-category","/shop/whisky/collection/irish-whiskey/"
"johnnie blue","Commercial","Commercial","320","12","primary + secondary","1","1","0","2","Product","/shop/whisky/johnnie-blue-200ml-scotch-whisky/ ; /shop/whisky/johnnie-blue-700ml-scotch-whisky/"
"johnnie blue label","Informational, Commercial","Commercial","320","16","primary + secondary","1","1","0","2","Product","/shop/whisky/johnnie-blue-200ml-scotch-whisky/ ; /shop/whisky/johnnie-blue-700ml-scotch-whisky/"
"johnnie walker price","Transactional","Transactional","320","13","primary","1","0","0","1","Product","/shop/whisky/johnnie-walker-xr-scotch-whisky/"
"buffalo bourbon","Informational","Informational","320","17","primary + secondary","1","1","0","2","Product / Blog","/shop/whisky/buffalo-trace-1l-bourbon-whiskey/ ; /blog/what-makes-bourbon-different/"
"smirnoff soda","Informational, Transactional","Transactional","320","10","primary","1","0","0","1","Product","/shop/spirit/smirnoff-white-russian-vodka/"
"vodka belvedere 700ml","Transactional","Transactional","320","10","primary","1","0","0","1","Product","/shop/spirit/belvedere-700-polish-vodka/"
"1942 don julio tequila","Informational, Transactional","Transactional","320","11","primary","1","0","0","1","Product","/shop/spirit/don-julio-1942-50ml-don-julio/"
"tequila jose cuervo","Informational","Informational","320","14","primary + secondary","1","1","0","2","Product / Blog","/shop/spirit/jose-cuervo-cristalino-anejo-gold-tequila/ ; /blog/anejo-tequila-guide-reposado-blanco-brands/"
"baileys irish cream liqueur price","Transactional","Transactional","320","10","primary","1","0","0","1","Product","/shop/spirit/baileys-cinnamon-scroll-baileys-irish-cream/"
"averna amaro","Informational, Transactional","Transactional","320","28","primary","1","0","0","1","Product","/shop/spirit/amaro-averna/"
"heineken 500ml","Commercial","Commercial","320","8","primary + secondary","1","1","0","2","Product","/shop/beer-premix-wine/heineken-500ml-lager/ ; /shop/beer-premix-wine/heineken-500ml-imported-beer/"
"piper champagne price","Transactional","Transactional","320","12","primary","1","0","0","1","Product","/shop/beer-premix-wine/piper-heidsieck-champagne-cuvee-sparkling-wine/"
"vodka soda premix","Commercial","Commercial","320","11","primary + secondary + tag","1","7","5","13","Product / Blog","/shop/beer-premix-wine/24-ice-frozen-cocktails-5pack-vodka-premix/ ; /shop/beer-premix-wine/24-ice-gin-tonic/ ; /shop/beer-premix-wine/24-ice-limoncello/"
"mercury dry cider","Commercial","Commercial","320","10","primary","1","0","0","1","Product","/shop/beer-premix-wine/mercury-dry-cider-bottles/"
"dimple 12","Commercial","Commercial","320","14","primary","1","0","0","1","Product","/shop/whisky/dimple-12-year-old-fine-blended-scotch-whisky/"
"smirnoff premix","Informational, Transactional","Transactional","320","13","primary","1","0","0","1","Product","/shop/beer-premix-wine/smirnoff-ice-original-pre-mix-vodka-case-bottles/"
"london gin","Informational","Informational","320","7","primary","1","0","0","1","Blog","/blog/london-dry-vs-contemporary-gin/"
"japanese single malt whisky","Commercial","Commercial","320","25","tag","0","0","25","25","Page / Sub-category / Product","/about/ ; /shop/whisky/collection/japanese-whisky/ ; /shop/whisky/nikka-taketsuru-21-year-old-pure-malt/"
"finest single malt whiskey","Commercial","Commercial","320","19","tag","0","0","8","8","Page / Sub-category / Product","/about/ ; /shop/whisky/collection/irish-whiskey/ ; /shop/whisky/bushmills-original-blended-irish-whiskey/"
"australian whiskey brands","Informational, Commercial","Commercial","320","18","secondary + tag","0","12","3","15","Page / Sub-category / Product / Blog","/about/ ; /shop/whisky/collection/australian-whisky/ ; /shop/whisky/lark-legacy-rare-cask-series-para-100-vintage/"
"australian single malt whisky","Commercial","Commercial","320","20","secondary + tag","0","12","3","15","Page / Sub-category / Product / Blog","/about/ ; /shop/whisky/collection/australian-whisky/ ; /shop/whisky/lark-legacy-rare-cask-series-para-100-vintage/"
"scotch whisky islay single malt","Informational, Commercial","Commercial","320","11","tag","0","0","1","1","Page","/about/"
"cheap single malt whiskey","Commercial","Commercial","320","13","tag","0","0","1","1","Page","/about/"
"buy cognac online","Commercial","Commercial","320","15","secondary + tag","0","1","31","32","Page / Sub-category / Product / Blog","/shipping/ ; /shop/spirit/collection/cognac-brandy/ ; /shop/spirit/louis-xiii-de-remy-martin-grande-champagne-cognac/"
"buy gin online australia","Commercial","Commercial","320","20","secondary + tag","0","2","12","14","Page / Sub-category / Product","/shipping/ ; /shop/spirit/collection/gin/ ; /shop/spirit/collection/pink-gin/"
"whiskey drinking gifts","Informational, Commercial","Commercial","320","12","secondary + tag","0","1","7","8","Page / Sub-category / Product","/contact/ ; /shop/whisky/collection/irish-whiskey/ ; /shop/whisky/bushmills-original-blended-irish-whiskey/"
"whisky gifts","Commercial","Commercial","320","10","secondary","0","1","0","1","Page","/contact/"
"beer gift","Commercial","Commercial","320","17","secondary","0","2","0","2","Page / Sub-category","/contact/ ; /shop/beer-premix-wine/collection/german-beer/"
"good whiskey for gift","Commercial","Commercial","320","9","secondary + tag","0","1","4","5","Page / Product","/contact/ ; /shop/whisky/bushmills-14-year-old-malaga-cask-finish-single-malt-irish-whiskey/ ; /shop/whisky/redbreast-12-year-old-single-pot-still-irish-whiskey/"
"tequila gift set","Commercial","Commercial","320","6","secondary","0","1","0","1","Page","/contact/"
"what is amaretto liqueur","Informational","Informational","320","27","secondary","0","1","0","1","Page","/faq/"
"energy drink brands","Informational, Commercial","Commercial","320","25","secondary + tag","0","1","12","13","Category / Sub-category / Product","/shop/other/ ; /shop/other/collection/mixers-water-condiments/ ; /shop/other/san-pel-plastic-1l-mixers-water-condiments/"
"v energy drink 500ml","Commercial","Commercial","320","9","tag","0","0","3","3","Category / Sub-category / Product","/shop/other/ ; /shop/other/collection/mixers-water-condiments/ ; /shop/other/san-pellegrino-500ml-plastic-mixers-water-condiments/"
"cost of red bull energy drink","Informational, Commercial","Commercial","320","15","tag","0","0","13","13","Category / Sub-category / Product","/shop/other/ ; /shop/other/collection/mixers-water-condiments/ ; /shop/other/san-pel-plastic-1l-mixers-water-condiments/"
"monster energy drink 24 pack","Commercial","Commercial","320","14","tag","0","0","2","2","Category / Sub-category","/shop/other/ ; /shop/other/collection/mixers-water-condiments/"
"premium bourbon whiskey","Commercial","Commercial","320","9","tag","0","0","16","16","Sub-category / Product","/shop/whisky/collection/bourbon/ ; /shop/whisky/pappy-van-winkle-15-year-old-family-reserve/ ; /shop/whisky/buffalo-trace-1l-bourbon-whiskey/"
"premium bourbon","Commercial","Commercial","320","10","tag","0","0","16","16","Sub-category / Product","/shop/whisky/collection/bourbon/ ; /shop/whisky/pappy-van-winkle-15-year-old-family-reserve/ ; /shop/whisky/buffalo-trace-1l-bourbon-whiskey/"
"buffalo trace bourbon whiskey","Informational, Commercial","Commercial","320","17","tag","0","0","16","16","Sub-category / Product","/shop/whisky/collection/bourbon/ ; /shop/whisky/pappy-van-winkle-15-year-old-family-reserve/ ; /shop/whisky/buffalo-trace-1l-bourbon-whiskey/"
"rye whiskey australia","Commercial","Commercial","320","9","secondary + tag","0","10","2","12","Sub-category / Product / Blog","/shop/whisky/collection/rye-whiskey/ ; /shop/whisky/elijah-craig-rye-rye-whiskey/ ; /shop/whisky/high-west-midwinter-nights-dram-rye-whiskey/"
"japanese blend whisky","Informational, Commercial","Commercial","320","19","tag","0","0","24","24","Sub-category / Product","/shop/whisky/collection/japanese-whisky/ ; /shop/whisky/nikka-taketsuru-21-year-old-pure-malt/ ; /shop/whisky/yamazaki-18-year-old-single-malt-japanese-whisky/"
"japanese malt whiskey","Commercial","Commercial","320","17","tag","0","0","24","24","Sub-category / Product","/shop/whisky/collection/japanese-whisky/ ; /shop/whisky/nikka-taketsuru-21-year-old-pure-malt/ ; /shop/whisky/yamazaki-18-year-old-single-malt-japanese-whisky/"
"hibiki harmony whisky","Commercial","Commercial","320","22","tag","0","0","24","24","Sub-category / Product","/shop/whisky/collection/japanese-whisky/ ; /shop/whisky/nikka-taketsuru-21-year-old-pure-malt/ ; /shop/whisky/yamazaki-18-year-old-single-malt-japanese-whisky/"
"nikka whiskey from the barrel","Commercial","Commercial","320","16","tag","0","0","24","24","Sub-category / Product","/shop/whisky/collection/japanese-whisky/ ; /shop/whisky/nikka-taketsuru-21-year-old-pure-malt/ ; /shop/whisky/yamazaki-18-year-old-single-malt-japanese-whisky/"
"best australian scotch","Commercial","Commercial","320","19","secondary + tag","0","12","1","13","Sub-category / Product / Blog","/shop/whisky/collection/australian-whisky/ ; /shop/whisky/lark-legacy-rare-cask-series-para-100-vintage/ ; /shop/whisky/dark-lark-2026-australian-whisky/"
"australian spirits","Informational, Commercial","Commercial","320","8","secondary + tag","0","12","1","13","Sub-category / Product / Blog","/shop/whisky/collection/australian-whisky/ ; /shop/whisky/lark-legacy-rare-cask-series-para-100-vintage/ ; /shop/whisky/dark-lark-2026-australian-whisky/"
"alize vodka","Commercial","Commercial","320","17","secondary + tag","0","4","15","19","Sub-category / Product","/shop/spirit/collection/french-vodka/ ; /shop/spirit/collection/polish-vodka/ ; /shop/spirit/ciroc-pineapple-french-vodka/"
"vodka red","Informational, Commercial","Commercial","320","19","secondary + tag","0","1","14","15","Sub-category / Product","/shop/spirit/collection/french-vodka/ ; /shop/spirit/collection/polish-vodka/ ; /shop/spirit/ciroc-pineapple-french-vodka/"
"1 liter vodka","Commercial","Commercial","320","12","secondary + tag","0","1","2","3","Sub-category","/shop/spirit/collection/french-vodka/ ; /shop/spirit/collection/russian-vodka/ ; /shop/spirit/collection/vodka/"
"vodka bottles","Commercial","Commercial","320","11","secondary + tag","0","1","14","15","Sub-category / Product","/shop/spirit/collection/french-vodka/ ; /shop/spirit/collection/russian-vodka/ ; /shop/spirit/collection/vodka/"
"o vodka","Commercial","Commercial","320","10","secondary + tag","0","1","23","24","Sub-category / Product","/shop/spirit/collection/french-vodka/ ; /shop/spirit/collection/russian-vodka/ ; /shop/spirit/collection/vodka/"
"blck vodka","Informational, Commercial","Commercial","320","7","secondary + tag","0","2","19","21","Sub-category / Product","/shop/spirit/collection/russian-vodka/ ; /shop/spirit/collection/polish-vodka/ ; /shop/spirit/belenkaya-vodka/"
"vodka cruiser raspberry","Commercial","Commercial","320","11","secondary + tag","0","1","22","23","Sub-category / Product","/shop/spirit/collection/russian-vodka/ ; /shop/spirit/collection/ouzo/ ; /shop/spirit/belenkaya-vodka/"
"1 litre smirnoff vodka","Commercial","Commercial","320","10","secondary + tag","0","4","1","5","Sub-category / Product","/shop/spirit/collection/russian-vodka/ ; /shop/spirit/collection/ouzo/ ; /shop/spirit/smirnoff-blue-1l-russian-vodka/"
"smirnoff red label vodka","Informational, Commercial","Commercial","320","9","secondary + tag","0","9","11","20","Sub-category / Product","/shop/spirit/collection/russian-vodka/ ; /shop/spirit/collection/ouzo/ ; /shop/spirit/belenkaya-vodka/"
"crystal head skull vodka","Commercial","Commercial","320","8","secondary + tag","0","1","11","12","Sub-category / Product","/shop/spirit/collection/russian-vodka/ ; /shop/spirit/collection/ouzo/ ; /shop/spirit/belenkaya-vodka/"
"wyborowa vodka","Informational, Commercial","Commercial","320","10","secondary + tag","0","2","8","10","Sub-category / Product","/shop/spirit/collection/polish-vodka/ ; /shop/spirit/belvedere-1l-polish-vodka/ ; /shop/spirit/belvedere-200ml-polish-vodka/"
"grey grouse scotch","Informational, Commercial","Commercial","320","13","secondary + tag","0","11","1","12","Sub-category / Product","/shop/spirit/collection/grey-goose/ ; /shop/spirit/grey-goose-altius-ultra-premium-french-vodka/ ; /shop/spirit/grey-goose-1l-grey-goose/"
"belvedere vodka 1 litre","Commercial","Commercial","320","13","secondary + tag","0","3","1","4","Sub-category / Product / Blog","/shop/spirit/collection/belvedere/ ; /shop/spirit/belvedere-1l-polish-vodka/ ; /shop/spirit/belvedere-1l-belvedere/"
"patron tequila silver","Informational, Commercial","Commercial","320","16","secondary + tag","0","14","22","36","Sub-category / Product","/shop/spirit/collection/patron/ ; /shop/spirit/collection/white-tequila/ ; /shop/spirit/collection/gold-tequila/"
"patron silver tequila 700ml","Commercial","Commercial","320","10","secondary + tag","0","6","10","16","Sub-category / Product","/shop/spirit/collection/patron/ ; /shop/spirit/patron-cafe-patron/ ; /shop/spirit/patron-collection-patron/"
"don julio brand","Informational, Commercial","Commercial","320","22","secondary + tag","0","9","4","13","Sub-category / Product","/shop/spirit/collection/don-julio/ ; /shop/spirit/don-julio-1942-ultima-reserva-extra-anejo/ ; /shop/spirit/don-julio-1942-50ml-don-julio/"
"don julio branding","Commercial","Commercial","320","14","secondary + tag","0","8","4","12","Sub-category / Product","/shop/spirit/collection/don-julio/ ; /shop/spirit/don-julio-1942-ultima-reserva-extra-anejo/ ; /shop/spirit/don-julio-1942-50ml-don-julio/"
"don julio tequila 1942","Informational, Commercial","Commercial","320","16","secondary + tag","0","4","1","5","Sub-category / Product","/shop/spirit/collection/don-julio/ ; /shop/spirit/collection/ouzo/ ; /shop/spirit/don-julio-1942-ultima-reserva-extra-anejo/"
"don julio real","Informational, Commercial","Commercial","320","8","secondary + tag","0","2","10","12","Sub-category / Product","/shop/spirit/collection/don-julio/ ; /shop/spirit/don-julio-1942-ultima-reserva-extra-anejo/ ; /shop/spirit/don-julio-1942-50ml-don-julio/"
"espolon tequila blanco","Commercial","Commercial","320","10","secondary + tag","0","1","9","10","Sub-category / Product","/shop/spirit/collection/white-tequila/ ; /shop/spirit/collection/ouzo/ ; /shop/spirit/cabo-wabo-blanco-white-tequila/"
"tequila 1l","Commercial","Commercial","320","11","secondary + tag","0","1","1","2","Sub-category","/shop/spirit/collection/white-tequila/ ; /shop/spirit/collection/gold-tequila/"
"blue tequila","Informational, Commercial","Commercial","320","10","secondary + tag","0","1","9","10","Sub-category / Product","/shop/spirit/collection/white-tequila/ ; /shop/spirit/collection/ouzo/ ; /shop/spirit/cabo-wabo-blanco-white-tequila/"
"tequila bottles","Commercial","Commercial","320","17","secondary + tag","0","1","16","17","Sub-category / Product","/shop/spirit/collection/white-tequila/ ; /shop/spirit/collection/gold-tequila/ ; /shop/spirit/cabo-wabo-blanco-white-tequila/"
"tequila specials","Commercial","Commercial","320","13","secondary + tag","0","1","14","15","Sub-category / Product","/shop/spirit/collection/white-tequila/ ; /shop/spirit/collection/gold-tequila/ ; /shop/spirit/cabo-wabo-blanco-white-tequila/"
"fancy tequila","Commercial","Commercial","320","18","secondary + tag","0","1","9","10","Sub-category / Product","/shop/spirit/collection/white-tequila/ ; /shop/spirit/collection/ouzo/ ; /shop/spirit/cabo-wabo-blanco-white-tequila/"
"1800 silver tequila","Informational, Commercial","Commercial","320","11","secondary","0","2","0","2","Sub-category / Product","/shop/spirit/collection/gold-tequila/ ; /shop/spirit/1800-guachimonton-orange-liqueur/"
"gold label whiskey","Commercial","Commercial","320","18","secondary + tag","0","1","9","10","Sub-category / Product","/shop/spirit/collection/gold-tequila/ ; /shop/spirit/cabo-wabo-anejo-gold-tequila/ ; /shop/spirit/clase-azul-day-of-dead-gold-tequila/"
"bacardi rum superior white","Informational, Commercial","Commercial","320","8","secondary + tag","0","1","5","6","Sub-category / Product","/shop/spirit/collection/white-rum/ ; /shop/spirit/collection/rum/ ; /shop/spirit/probitas-white-rum/"
"bacardi superior white rum","Commercial","Commercial","320","21","secondary + tag","0","1","5","6","Sub-category / Product","/shop/spirit/collection/white-rum/ ; /shop/spirit/collection/rum/ ; /shop/spirit/probitas-white-rum/"
"premix gin","Informational, Commercial","Commercial","320","11","secondary + tag","0","1","24","25","Sub-category / Product / Blog","/shop/spirit/collection/gin/ ; /shop/spirit/collection/pink-gin/ ; /shop/spirit/bombay-sapphire-gin/"
"gin price","Commercial","Commercial","320","20","secondary + tag","0","1","12","13","Sub-category / Product","/shop/spirit/collection/gin/ ; /shop/spirit/collection/pink-gin/ ; /shop/spirit/bombay-sapphire-gin/"
"gin 1l","Commercial","Commercial","320","11","secondary + tag","0","1","3","4","Sub-category / Product","/shop/spirit/collection/gin/ ; /shop/spirit/collection/pink-gin/ ; /shop/spirit/gordons-gin-1l/"
"cal gin","Commercial","Commercial","320","10","secondary + tag","0","1","12","13","Sub-category / Product","/shop/spirit/collection/gin/ ; /shop/spirit/collection/pink-gin/ ; /shop/spirit/bombay-sapphire-gin/"
"le tribute gin","Informational, Commercial","Commercial","320","18","secondary + tag","0","1","11","12","Sub-category / Product","/shop/spirit/collection/gin/ ; /shop/spirit/collection/pink-gin/ ; /shop/spirit/bombay-sapphire-gin/"
"brandy liquor","Commercial","Commercial","320","14","tag","0","0","31","31","Sub-category / Product / Blog","/shop/spirit/collection/cognac-brandy/ ; /shop/spirit/louis-xiii-de-remy-martin-grande-champagne-cognac/ ; /shop/spirit/alize-bleu-cognac-brandy/"
"cheap brandy","Commercial","Commercial","320","16","tag","0","0","31","31","Sub-category / Product / Blog","/shop/spirit/collection/cognac-brandy/ ; /shop/spirit/louis-xiii-de-remy-martin-grande-champagne-cognac/ ; /shop/spirit/alize-bleu-cognac-brandy/"
"best brandy australia","Commercial","Commercial","320","17","tag","0","0","31","31","Sub-category / Product / Blog","/shop/spirit/collection/cognac-brandy/ ; /shop/spirit/louis-xiii-de-remy-martin-grande-champagne-cognac/ ; /shop/spirit/alize-bleu-cognac-brandy/"
"cognac martin","Navigational, Commercial","Commercial","320","16","tag","0","0","31","31","Sub-category / Product / Blog","/shop/spirit/collection/cognac-brandy/ ; /shop/spirit/louis-xiii-de-remy-martin-grande-champagne-cognac/ ; /shop/spirit/alize-bleu-cognac-brandy/"
"remy martin xo cognac","Informational, Commercial","Commercial","320","14","secondary + tag","0","2","29","31","Sub-category / Product / Blog","/shop/spirit/collection/cognac-brandy/ ; /shop/spirit/louis-xiii-de-remy-martin-grande-champagne-cognac/ ; /shop/spirit/alize-bleu-cognac-brandy/"
"hennesy cognac","Commercial","Commercial","320","12","tag","0","0","31","31","Sub-category / Product / Blog","/shop/spirit/collection/cognac-brandy/ ; /shop/spirit/louis-xiii-de-remy-martin-grande-champagne-cognac/ ; /shop/spirit/alize-bleu-cognac-brandy/"
"hennessy is a cognac","Informational, Commercial","Commercial","320","17","tag","0","0","30","30","Sub-category / Product","/shop/spirit/collection/cognac-brandy/ ; /shop/spirit/louis-xiii-de-remy-martin-grande-champagne-cognac/ ; /shop/spirit/alize-bleu-cognac-brandy/"
"louis thirteenth cognac","Commercial","Commercial","320","9","tag","0","0","29","29","Sub-category / Product","/shop/spirit/collection/cognac-brandy/ ; /shop/spirit/louis-xiii-de-remy-martin-grande-champagne-cognac/ ; /shop/spirit/alize-gold-750-cognac-brandy/"
"hennessy and cognac","Commercial","Commercial","320","16","tag","0","0","26","26","Sub-category / Product","/shop/spirit/collection/cognac-brandy/ ; /shop/spirit/louis-xiii-de-remy-martin-grande-champagne-cognac/ ; /shop/spirit/camus-borderies-mini-collection-cognac-brandy/"
"hennessy whiskey","Informational, Commercial","Commercial","320","17","tag","0","0","26","26","Sub-category / Product","/shop/spirit/collection/cognac-brandy/ ; /shop/spirit/louis-xiii-de-remy-martin-grande-champagne-cognac/ ; /shop/spirit/camus-borderies-mini-collection-cognac-brandy/"
"baileys irish cream specials","Informational, Commercial","Commercial","320","12","tag","0","0","11","11","Sub-category / Product","/shop/spirit/collection/baileys-irish-cream/ ; /shop/spirit/baileys-700-baileys-irish-cream/ ; /shop/spirit/baileys-apple-pie-baileys-irish-cream/"
"baileys bristol cream","Informational, Commercial","Commercial","320","26","tag","0","0","11","11","Sub-category / Product","/shop/spirit/collection/baileys-irish-cream/ ; /shop/spirit/baileys-700-baileys-irish-cream/ ; /shop/spirit/baileys-apple-pie-baileys-irish-cream/"
"coffee whiskey","Informational, Commercial","Commercial","320","10","secondary + tag","0","7","4","11","Sub-category / Product","/shop/spirit/collection/coffee-liqueur/ ; /shop/spirit/avion-espresso-tequila/ ; /shop/spirit/kahlua-16abv-coffee-liqueur/"
"kahlua 1 litre","Commercial","Commercial","320","14","secondary + tag","0","2","1","3","Sub-category / Product","/shop/spirit/collection/coffee-liqueur/ ; /shop/spirit/patron-xo-cafe-1l-coffee-liqueur/ ; /shop/spirit/sheridans-1l-coffee-liqueur/"
"chandon orange spritz","Commercial","Commercial","320","17","secondary","0","7","0","7","Sub-category / Product","/shop/spirit/collection/orange-liqueur/ ; /shop/spirit/1800-guachimonton-orange-liqueur/ ; /shop/spirit/cointreau-50ml-orange-liqueur/"
"aperol 1l","Commercial","Commercial","320","15","secondary + tag","0","2","2","4","Sub-category / Product / Blog","/shop/spirit/collection/amaro/ ; /shop/spirit/chartreuse-vep-green-herbal-liqueur/ ; /blog/amaro-101-italy-bittersweet-tradition/"
"aperol spritz pack","Commercial","Commercial","320","11","secondary + tag","0","11","1","12","Sub-category / Product / Blog","/shop/spirit/collection/amaro/ ; /shop/spirit/chartreuse-vep-green-herbal-liqueur/ ; /shop/spirit/amaro-averna/"
"absinthe australia","Informational, Commercial","Commercial","320","14","secondary","0","11","0","11","Sub-category / Product","/shop/spirit/collection/absinthe/ ; /shop/spirit/absinthe-black-100-absinthe/ ; /shop/spirit/absinthe-black-700-absinthe/"
"absinthe green fairy","Informational, Commercial","Commercial","320","9","secondary","0","11","0","11","Sub-category / Product","/shop/spirit/collection/absinthe/ ; /shop/spirit/absinthe-black-100-absinthe/ ; /shop/spirit/absinthe-black-700-absinthe/"
"limoncello liqueur alcohol content","Informational, Commercial","Commercial","320","20","secondary","0","9","0","9","Sub-category / Product","/shop/spirit/collection/limoncello/ ; /shop/spirit/24-ice-frozen-cocktails-5pack-limoncello/ ; /shop/spirit/bottega-limoncino-limoncello/"
"limoncello alcohol volume","Informational, Commercial","Commercial","320","21","secondary","0","9","0","9","Sub-category / Product","/shop/spirit/collection/limoncello/ ; /shop/spirit/24-ice-frozen-cocktails-5pack-limoncello/ ; /shop/spirit/bottega-limoncino-limoncello/"
"luxardo limoncello","Informational, Commercial","Commercial","320","11","secondary","0","9","0","9","Sub-category / Product","/shop/spirit/collection/limoncello/ ; /shop/spirit/24-ice-frozen-cocktails-5pack-limoncello/ ; /shop/spirit/bottega-limoncino-limoncello/"
"white sambuca","Informational, Commercial","Commercial","320","8","secondary","0","6","0","6","Sub-category / Product","/shop/spirit/collection/sambuca/ ; /shop/spirit/galliano-authentico-sambuca/ ; /shop/spirit/lucano-sambuca/"
"alcoholic ginger beer brands","Commercial","Commercial","320","14","tag","0","0","1","1","Sub-category","/shop/beer-premix-wine/collection/ginger-beer/"
"ginger beer can","Commercial","Commercial","320","16","secondary + tag","0","1","1","2","Sub-category / Product","/shop/beer-premix-wine/collection/ginger-beer/ ; /shop/beer-premix-wine/ginger-kid-ginger-beer/"
"ginger beer with low sugar","Commercial","Commercial","320","11","tag","0","0","1","1","Sub-category","/shop/beer-premix-wine/collection/ginger-beer/"
"best ginger beer","Commercial","Commercial","320","24","secondary + tag","0","1","1","2","Sub-category / Product","/shop/beer-premix-wine/collection/ginger-beer/ ; /shop/beer-premix-wine/ginger-kid-ginger-beer/"
"sugar free ginger beer","Commercial","Commercial","320","12","secondary + tag","0","1","1","2","Sub-category / Product","/shop/beer-premix-wine/collection/ginger-beer/ ; /shop/beer-premix-wine/ginger-kid-ginger-beer/"
"bertie ginger beer","Commercial","Commercial","320","9","tag","0","0","1","1","Sub-category","/shop/beer-premix-wine/collection/ginger-beer/"
"red wine deals","Commercial","Commercial","320","16","tag","0","0","11","11","Sub-category / Product","/shop/beer-premix-wine/collection/red-wine/ ; /shop/beer-premix-wine/penfolds-grange-2018-shiraz-australian-icon/ ; /shop/beer-premix-wine/stefani-estate-shirazcopy-red-wine/"
"red wines australia","Commercial","Commercial","320","18","tag","0","0","11","11","Sub-category / Product","/shop/beer-premix-wine/collection/red-wine/ ; /shop/beer-premix-wine/penfolds-grange-2018-shiraz-australian-icon/ ; /shop/beer-premix-wine/stefani-estate-shirazcopy-red-wine/"
"wine offers","Commercial","Commercial","320","17","tag","0","0","11","11","Sub-category / Product","/shop/beer-premix-wine/collection/red-wine/ ; /shop/beer-premix-wine/penfolds-grange-2018-shiraz-australian-icon/ ; /shop/beer-premix-wine/stefani-estate-shirazcopy-red-wine/"
"wine case","Commercial","Commercial","320","16","tag","0","0","11","11","Sub-category / Product","/shop/beer-premix-wine/collection/red-wine/ ; /shop/beer-premix-wine/penfolds-grange-2018-shiraz-australian-icon/ ; /shop/beer-premix-wine/stefani-estate-shirazcopy-red-wine/"
"red wines cabernet","Informational, Commercial","Commercial","320","27","secondary + tag","0","7","12","19","Sub-category / Product / Blog","/shop/beer-premix-wine/collection/red-wine/ ; /shop/beer-premix-wine/collection/cabernet-sauvignon/ ; /shop/beer-premix-wine/penfolds-grange-2018-shiraz-australian-icon/"
"bird in hand sparkling rose","Commercial","Commercial","320","20","secondary + tag","0","10","2","12","Sub-category / Product / Blog","/shop/beer-premix-wine/collection/rose-wine/ ; /shop/beer-premix-wine/batch-co-bondi-spritz-24pack-cans-rose-wine/ ; /shop/beer-premix-wine/batch-co-noosa-spritz-24pack-cans-rose-wine/"
"rose sparkle","Commercial","Commercial","320","17","secondary + tag","0","10","1","11","Sub-category / Product","/shop/beer-premix-wine/collection/rose-wine/ ; /shop/beer-premix-wine/batch-co-bondi-spritz-24pack-cans-rose-wine/ ; /shop/beer-premix-wine/batch-co-noosa-spritz-24pack-cans-rose-wine/"
"redbull no sugar","Informational, Commercial","Commercial","320","22","tag","0","0","6","6","Sub-category / Product","/shop/beer-premix-wine/collection/zero-sugar-seltzers/ ; /shop/beer-premix-wine/d9-sparkling-grape-zero-sugar/ ; /shop/beer-premix-wine/d9-strong-sparkling-grape-zero-sugar/"
"zero sugar drinks","Informational, Commercial","Commercial","320","16","tag","0","0","7","7","Sub-category / Product / Blog","/shop/beer-premix-wine/collection/zero-sugar-seltzers/ ; /shop/beer-premix-wine/d9-sparkling-grape-zero-sugar/ ; /shop/beer-premix-wine/d9-strong-sparkling-grape-zero-sugar/"
"v sugar free","Commercial","Commercial","320","12","tag","0","0","6","6","Sub-category / Product","/shop/beer-premix-wine/collection/zero-sugar-seltzers/ ; /shop/beer-premix-wine/d9-sparkling-grape-zero-sugar/ ; /shop/beer-premix-wine/d9-strong-sparkling-grape-zero-sugar/"
"zero calorie beverages","Commercial","Commercial","320","23","tag","0","0","6","6","Sub-category / Product","/shop/beer-premix-wine/collection/zero-sugar-seltzers/ ; /shop/beer-premix-wine/d9-sparkling-grape-zero-sugar/ ; /shop/beer-premix-wine/d9-strong-sparkling-grape-zero-sugar/"
"cans of coke zero","Informational, Commercial","Commercial","320","19","tag","0","0","6","6","Sub-category / Product","/shop/beer-premix-wine/collection/zero-sugar-seltzers/ ; /shop/beer-premix-wine/d9-sparkling-grape-zero-sugar/ ; /shop/beer-premix-wine/d9-strong-sparkling-grape-zero-sugar/"
"no sugar powerade","Commercial","Commercial","320","19","tag","0","0","6","6","Sub-category / Product","/shop/beer-premix-wine/collection/zero-sugar-seltzers/ ; /shop/beer-premix-wine/d9-sparkling-grape-zero-sugar/ ; /shop/beer-premix-wine/d9-strong-sparkling-grape-zero-sugar/"
"coca cola zero sugar caffeine free","Informational, Commercial","Commercial","320","20","tag","0","0","7","7","Sub-category / Product / Blog","/shop/beer-premix-wine/collection/zero-sugar-seltzers/ ; /shop/beer-premix-wine/d9-sparkling-grape-zero-sugar/ ; /shop/beer-premix-wine/d9-strong-sparkling-grape-zero-sugar/"
"no sugar cordial","Commercial","Commercial","320","20","tag","0","0","6","6","Sub-category / Product","/shop/beer-premix-wine/collection/zero-sugar-seltzers/ ; /shop/beer-premix-wine/d9-sparkling-grape-zero-sugar/ ; /shop/beer-premix-wine/d9-strong-sparkling-grape-zero-sugar/"
"sugar free drinking chocolate","Informational, Commercial","Commercial","320","13","tag","0","0","6","6","Sub-category / Product","/shop/beer-premix-wine/collection/zero-sugar-seltzers/ ; /shop/beer-premix-wine/d9-sparkling-grape-zero-sugar/ ; /shop/beer-premix-wine/d9-strong-sparkling-grape-zero-sugar/"
"cider aus","Navigational, Commercial","Commercial","320","22","tag","0","0","6","6","Sub-category / Product","/shop/beer-premix-wine/collection/cider/ ; /shop/beer-premix-wine/little-fat-lamb-creaming-soda/ ; /shop/beer-premix-wine/little-fat-lamb-fantasy-cider/"
"whiskey ireland","Commercial","Commercial","320","17","tag","0","0","7","7","Sub-category / Product","/shop/whisky/collection/irish-whiskey/ ; /shop/whisky/bushmills-original-blended-irish-whiskey/ ; /shop/whisky/bushmills-14-year-old-malaga-cask-finish-single-malt-irish-whiskey/"
"morris whiskey","Commercial","Commercial","320","9","tag","0","0","7","7","Sub-category / Product","/shop/whisky/collection/irish-whiskey/ ; /shop/whisky/bushmills-original-blended-irish-whiskey/ ; /shop/whisky/bushmills-14-year-old-malaga-cask-finish-single-malt-irish-whiskey/"
"glen whiskey","Informational, Commercial","Commercial","320","15","tag","0","0","7","7","Sub-category / Product","/shop/whisky/collection/irish-whiskey/ ; /shop/whisky/bushmills-original-blended-irish-whiskey/ ; /shop/whisky/bushmills-14-year-old-malaga-cask-finish-single-malt-irish-whiskey/"
"glendalough whiskey","Informational, Commercial","Commercial","320","11","tag","0","0","7","7","Sub-category / Product","/shop/whisky/collection/irish-whiskey/ ; /shop/whisky/bushmills-original-blended-irish-whiskey/ ; /shop/whisky/bushmills-14-year-old-malaga-cask-finish-single-malt-irish-whiskey/"
"nice irish whiskey","Informational, Commercial","Commercial","320","17","tag","0","0","8","8","Sub-category / Product / Blog","/shop/whisky/collection/irish-whiskey/ ; /shop/whisky/bushmills-original-blended-irish-whiskey/ ; /shop/whisky/bushmills-14-year-old-malaga-cask-finish-single-malt-irish-whiskey/"
"best irish whisky","Commercial","Commercial","320","10","tag","0","0","7","7","Sub-category / Product","/shop/whisky/collection/irish-whiskey/ ; /shop/whisky/bushmills-original-blended-irish-whiskey/ ; /shop/whisky/bushmills-14-year-old-malaga-cask-finish-single-malt-irish-whiskey/"
"recommended irish whiskey","Informational, Commercial","Commercial","320","17","tag","0","0","8","8","Sub-category / Product / Blog","/shop/whisky/collection/irish-whiskey/ ; /shop/whisky/bushmills-original-blended-irish-whiskey/ ; /shop/whisky/bushmills-14-year-old-malaga-cask-finish-single-malt-irish-whiskey/"
"vodka on special","Commercial","Commercial","320","11","secondary + tag","0","1","20","21","Sub-category / Product","/shop/spirit/collection/vodka/ ; /shop/spirit/ciroc-pineapple-french-vodka/ ; /shop/spirit/belenkaya-vodka/"
"vodka special","Commercial","Commercial","320","17","secondary + tag","0","1","20","21","Sub-category / Product","/shop/spirit/collection/vodka/ ; /shop/spirit/ciroc-pineapple-french-vodka/ ; /shop/spirit/belenkaya-vodka/"
"small vodka","Commercial","Commercial","320","10","secondary + tag","0","1","1","2","Sub-category / Product","/shop/spirit/collection/vodka/ ; /shop/spirit/ciroc-pineapple-french-vodka/"
"bacardí superior white rum","Informational, Commercial","Commercial","320","17","secondary + tag","0","1","4","5","Sub-category / Product","/shop/spirit/collection/rum/ ; /shop/spirit/probitas-white-rum/ ; /shop/spirit/saint-james-brut-de-colonne-white-rum/"
"captain morgan black rum","Informational, Commercial","Commercial","320","11","secondary + tag","0","5","4","9","Sub-category / Product","/shop/spirit/collection/rum/ ; /shop/spirit/captain-morgan-1l-spiced-rum/ ; /shop/spirit/captain-morgan-spiced-rum/"
"best spiced rum australia","Commercial","Commercial","320","9","secondary + tag","0","1","2","3","Sub-category / Product","/shop/spirit/collection/rum/ ; /shop/spirit/malibu-caribbean-rum-with-coconut-liqueur/ ; /shop/spirit/malibu-caribbean-rum-with-pineapple-liqueur/"
"1l rum","Commercial","Commercial","320","10","secondary + tag","0","1","1","2","Sub-category / Product","/shop/spirit/collection/rum/ ; /shop/spirit/malibu-caribbean-rum-with-pineapple-liqueur/"
"champagne cheap","Commercial","Commercial","320","11","secondary","0","7","0","7","Sub-category / Product","/shop/beer-premix-wine/collection/champagne/ ; /shop/beer-premix-wine/krug-grande-cuvee-brut-m-v-half-bottle-champagne/ ; /shop/beer-premix-wine/laurent-perrier-la-cuvee-brut-champagne-nv/"
"ginger liqueur","Informational, Commercial","Commercial","320","19","secondary","0","6","0","6","Sub-category / Product","/shop/spirit/collection/liqueur/ ; /shop/spirit/sour-puss-apple-blended-liqueur/ ; /shop/spirit/sour-puss-sour-peach-blended-liqueur/"
"pink prosecco","Informational, Commercial","Commercial","320","10","secondary + tag","0","4","1","5","Sub-category / Product / Blog","/shop/beer-premix-wine/collection/prosecco/ ; /shop/beer-premix-wine/nua-nv-prosecco/ ; /shop/beer-premix-wine/de-bortoli-king-valley-prosecco/"
"pinot gris white wine","Informational, Commercial","Commercial","320","9","secondary + tag","0","3","1","4","Sub-category / Product / Blog","/shop/beer-premix-wine/collection/pinot-grigio/ ; /shop/beer-premix-wine/three-trails-south-eastern-australian-pinot-grigio/ ; /shop/beer-premix-wine/farmer-and-the-scientist-heathcote-pinot-grigio-2021/"
"mid strength wine","Informational, Commercial","Commercial","320","20","secondary + tag","0","1","1","2","Sub-category / Product","/shop/beer-premix-wine/collection/low-carb-beer/ ; /shop/beer-premix-wine/pure-blonde-ultra-low-carb-lager-case-4-x-6-pack-bottles/"
"good low carb beer","Informational, Commercial","Commercial","320","19","secondary + tag","0","1","1","2","Sub-category / Product","/shop/beer-premix-wine/collection/low-carb-beer/ ; /shop/beer-premix-wine/pure-blonde-ultra-low-carb-lager-case-4-x-6-pack-bottles/"
"lowest carb beer","Informational, Commercial","Commercial","320","16","tag","0","0","2","2","Sub-category / Product","/shop/beer-premix-wine/collection/low-carb-beer/ ; /shop/beer-premix-wine/pure-blonde-ultra-low-carb-lager-case-4-x-6-pack-bottles/"
"hahn beer low carb","Informational, Commercial","Commercial","320","9","tag","0","0","2","2","Sub-category / Product","/shop/beer-premix-wine/collection/low-carb-beer/ ; /shop/beer-premix-wine/pure-blonde-ultra-low-carb-lager-case-4-x-6-pack-bottles/"
"low alcohol beer australia","Informational, Commercial","Commercial","320","8","tag","0","0","2","2","Sub-category / Product","/shop/beer-premix-wine/collection/low-carb-beer/ ; /shop/beer-premix-wine/pure-blonde-ultra-low-carb-lager-case-4-x-6-pack-bottles/"
"low carb zero alcohol beer","Informational, Commercial","Commercial","320","16","tag","0","0","2","2","Sub-category / Product","/shop/beer-premix-wine/collection/low-carb-beer/ ; /shop/beer-premix-wine/pure-blonde-ultra-low-carb-lager-case-4-x-6-pack-bottles/"
"larger beer","Commercial","Commercial","320","15","secondary + tag","0","1","1","2","Sub-category / Product","/shop/beer-premix-wine/collection/german-beer/ ; /shop/beer-premix-wine/warsteiner-german-pilsner-imported-beer-case-bottles/"
"flavored beer","Commercial","Commercial","320","16","secondary","0","1","0","1","Sub-category","/shop/beer-premix-wine/collection/german-beer/"
"beer offers","Commercial","Commercial","320","18","secondary","0","1","0","1","Sub-category","/shop/beer-premix-wine/collection/german-beer/"
"beer price","Commercial","Commercial","320","17","secondary","0","1","0","1","Sub-category","/shop/beer-premix-wine/collection/german-beer/"
"fruity beer","Commercial","Commercial","320","14","secondary","0","1","0","1","Sub-category","/shop/beer-premix-wine/collection/german-beer/"
"gold label johnnie walker reserve","Commercial","Commercial","320","17","tag","0","0","4","4","Product","/shop/whisky/johnnie-walker-king-george-v-rare-edition/ ; /shop/whisky/johnnie-walker-15yo-sherry-scotch-whisky/ ; /shop/whisky/johnnie-walker-black-50ml-scotch-whisky/"
"laphroaig 10 year","Informational, Commercial","Commercial","320","13","secondary","0","2","0","2","Product","/shop/whisky/laphroaig-10-glass-pack-scotch-whisky/ ; /shop/whisky/laphroaig-10-sherry-oak-scotch-whisky/"
"johnnie walker 700ml","Commercial","Commercial","320","13","tag","0","0","2","2","Product","/shop/whisky/johnnie-walker-15yo-sherry-scotch-whisky/ ; /shop/whisky/johnnie-walker-xr-scotch-whisky/"
"johnnie walker gold label 700ml","Commercial","Commercial","320","10","tag","0","0","2","2","Product","/shop/whisky/johnnie-walker-15yo-sherry-scotch-whisky/ ; /shop/whisky/johnnie-walker-xr-scotch-whisky/"
"johnnie walker red label 700ml price","Commercial","Commercial","320","8","tag","0","0","2","2","Product","/shop/whisky/johnnie-walker-15yo-sherry-scotch-whisky/ ; /shop/whisky/johnnie-walker-xr-scotch-whisky/"
"jack daniels premix","Commercial","Commercial","320","12","secondary + tag","0","4","5","9","Product / Blog","/shop/whisky/jack-daniels-barrel-proof-rye-rye-whiskey/ ; /shop/beer-premix-wine/24-ice-frozen-cocktails-5pack-vodka-premix/ ; /shop/beer-premix-wine/24-ice-gin-tonic/"
"bacardi price","Commercial","Commercial","320","9","secondary","0","4","0","4","Product","/shop/spirit/bacardi-cuarto-sherry-spiced-rum/ ; /shop/spirit/bacardi-oakheart-spiced-rum/ ; /shop/spirit/bacardi-blanca-200-white-rum/"
"captain morgan 700ml","Commercial","Commercial","320","9","secondary","0","2","0","2","Product","/shop/spirit/captain-morgan-spiced-rum/ ; /shop/spirit/captain-morgan-white-rum/"
"zero alcohol sparkling wine","Commercial","Commercial","320","12","tag","0","0","1","1","Product","/shop/beer-premix-wine/gh-mumm-corodn-rouge-brut-sparkling-wine/"
"alcohol free sparkling wine","Commercial","Commercial","320","14","tag","0","0","1","1","Product","/shop/beer-premix-wine/gh-mumm-corodn-rouge-brut-sparkling-wine/"
"shiraz sparkling wine","Informational, Commercial","Commercial","320","10","tag","0","0","1","1","Product","/shop/beer-premix-wine/gh-mumm-corodn-rouge-brut-sparkling-wine/"
"premix gin and tonic","Informational, Commercial","Commercial","320","10","tag","0","0","12","12","Product / Blog","/shop/beer-premix-wine/24-ice-frozen-cocktails-5pack-vodka-premix/ ; /shop/beer-premix-wine/24-ice-gin-tonic/ ; /shop/beer-premix-wine/24-ice-limoncello/"
"pimms premix","Commercial","Commercial","320","17","tag","0","0","12","12","Product / Blog","/shop/beer-premix-wine/24-ice-frozen-cocktails-5pack-vodka-premix/ ; /shop/beer-premix-wine/24-ice-gin-tonic/ ; /shop/beer-premix-wine/24-ice-limoncello/"
"premixed cocktails","Commercial","Commercial","320","17","tag","0","0","12","12","Product / Blog","/shop/beer-premix-wine/24-ice-frozen-cocktails-5pack-vodka-premix/ ; /shop/beer-premix-wine/24-ice-gin-tonic/ ; /shop/beer-premix-wine/24-ice-limoncello/"
"vodka cruisers 24 pack","Commercial","Commercial","320","14","tag","0","0","10","10","Product","/shop/beer-premix-wine/24-ice-frozen-cocktails-5pack-vodka-premix/ ; /shop/beer-premix-wine/24-ice-gin-tonic/ ; /shop/beer-premix-wine/24-ice-limoncello/"
"cider beverage","Commercial","Commercial","320","17","tag","0","0","5","5","Product","/shop/beer-premix-wine/little-fat-lamb-creaming-soda/ ; /shop/beer-premix-wine/little-fat-lamb-fantasy-cider/ ; /shop/beer-premix-wine/little-fat-lamb-strawberry-lime-cider/"
"alcohol free cider","Commercial","Commercial","320","9","tag","0","0","5","5","Product","/shop/beer-premix-wine/little-fat-lamb-creaming-soda/ ; /shop/beer-premix-wine/little-fat-lamb-fantasy-cider/ ; /shop/beer-premix-wine/little-fat-lamb-strawberry-lime-cider/"
"low alcohol cider","Informational, Commercial","Commercial","320","8","tag","0","0","5","5","Product","/shop/beer-premix-wine/little-fat-lamb-creaming-soda/ ; /shop/beer-premix-wine/little-fat-lamb-fantasy-cider/ ; /shop/beer-premix-wine/little-fat-lamb-strawberry-lime-cider/"
"non alcoholic apple cider","Informational, Commercial","Commercial","320","7","tag","0","0","5","5","Product","/shop/beer-premix-wine/little-fat-lamb-creaming-soda/ ; /shop/beer-premix-wine/little-fat-lamb-fantasy-cider/ ; /shop/beer-premix-wine/little-fat-lamb-strawberry-lime-cider/"
"zero alcohol cider","Commercial","Commercial","320","8","tag","0","0","5","5","Product","/shop/beer-premix-wine/little-fat-lamb-creaming-soda/ ; /shop/beer-premix-wine/little-fat-lamb-fantasy-cider/ ; /shop/beer-premix-wine/little-fat-lamb-strawberry-lime-cider/"
"dry cider","Commercial","Commercial","320","9","tag","0","0","5","5","Product","/shop/beer-premix-wine/little-fat-lamb-creaming-soda/ ; /shop/beer-premix-wine/little-fat-lamb-fantasy-cider/ ; /shop/beer-premix-wine/little-fat-lamb-strawberry-lime-cider/"
"chivas regal 12 1l","Commercial","Commercial","320","9","secondary","0","1","0","1","Product","/shop/whisky/chivas-regal-12-year-old-signature-blend-blended-scotch-whisky/"
"chivas regal 1l","Commercial","Commercial","320","14","secondary","0","2","0","2","Product","/shop/whisky/chivas-regal-12-year-old-signature-blend-blended-scotch-whisky/ ; /shop/whisky/chivas-regal-18-year-old-pauillac-cask-finish-blended-scotch-whisky/"
"1 litre jim beam","Commercial","Commercial","320","8","secondary","0","1","0","1","Product","/shop/whisky/jim-beam-white-label-40-kentucky-straight-bourbon-whiskey/"
"jim beam 1ltr","Commercial","Commercial","320","11","secondary","0","1","0","1","Product","/shop/whisky/jim-beam-white-label-40-kentucky-straight-bourbon-whiskey/"
"connemara whiskey","Informational, Commercial","Commercial","320","8","tag","0","0","3","3","Product","/shop/whisky/redbreast-12-year-old-single-pot-still-irish-whiskey/ ; /shop/whisky/redbreast-18-year-old-single-pot-still-irish-whiskey/ ; /shop/whisky/redbreast-21-year-old-antipodes-2000-first-fill-oloroso-sherry-cask-strength-irish-whiskey/"
"mcconnell's irish whisky","Commercial","Commercial","320","13","tag","0","0","3","3","Product","/shop/whisky/redbreast-12-year-old-single-pot-still-irish-whiskey/ ; /shop/whisky/redbreast-18-year-old-single-pot-still-irish-whiskey/ ; /shop/whisky/redbreast-21-year-old-antipodes-2000-first-fill-oloroso-sherry-cask-strength-irish-whiskey/"
"bambu rum","Informational, Commercial","Commercial","320","21","tag","0","0","1","1","Product","/shop/spirit/malibu-caribbean-rum-with-coconut-liqueur/"
"apple cider cans","Commercial","Commercial","320","11","tag","0","0","1","1","Product","/shop/beer-premix-wine/strongbow-original-apple-cider-case-bottles/"
"hard cider mercury","Commercial","Commercial","320","11","tag","0","0","1","1","Product","/shop/beer-premix-wine/strongbow-original-apple-cider-case-bottles/"
"glenfiddich scotch whisky","Informational","Informational","320","12","secondary","0","3","0","3","Blog","/blog/single-malt-vs-blended-scotch/ ; /blog/how-to-store-and-cellar-rare-whisky/ ; /blog/beginners-guide-investing-in-rare-whisky/"
"scotch premium","Informational","Informational","320","11","secondary","0","1","0","1","Blog","/blog/single-malt-vs-blended-scotch/"
"glenfiddich scotch","Informational","Informational","320","22","secondary","0","1","0","1","Blog","/blog/single-malt-vs-blended-scotch/"
"lagavulin scotch","Informational","Informational","320","14","secondary","0","1","0","1","Blog","/blog/single-malt-vs-blended-scotch/"
"islay malt scotch","Informational","Informational","320","16","secondary","0","1","0","1","Blog","/blog/single-malt-vs-blended-scotch/"
"toki suntory whiskey","Informational","Informational","320","14","secondary","0","1","0","1","Blog","/blog/why-japanese-whisky-became-a-global-obsession/"
"nikka from barrel","Informational","Informational","320","13","secondary","0","1","0","1","Blog","/blog/why-japanese-whisky-became-a-global-obsession/"
"xo in cognac","Informational","Informational","320","12","secondary","0","1","0","1","Blog","/blog/cognac-vs-brandy-explained/"
"martell blue swift cognac","Informational","Informational","320","9","secondary","0","1","0","1","Blog","/blog/cognac-vs-brandy-explained/"
"gin and cocktail","Informational","Informational","320","17","secondary","0","1","0","1","Blog","/blog/london-dry-vs-contemporary-gin/"
"bacardi white rum superior","Informational","Informational","320","13","secondary","0","2","0","2","Blog","/blog/white-spiced-dark-rum-guide/ ; /blog/malibu-rum-and-coconut-rum-what-they-are/"
"pina colada white rum","Informational","Informational","320","24","secondary","0","2","0","2","Blog","/blog/white-spiced-dark-rum-guide/ ; /blog/malibu-rum-and-coconut-rum-what-they-are/"
"plantation dark rum","Informational","Informational","320","9","secondary","0","1","0","1","Blog","/blog/white-spiced-dark-rum-guide/"
"spiced rum drink recipes","Informational","Informational","320","23","secondary","0","1","0","1","Blog","/blog/white-spiced-dark-rum-guide/"
"alcohol content in baileys","Informational","Informational","320","24","secondary","0","1","0","1","Blog","/blog/best-cream-coffee-liqueurs-for-cocktails/"
"cream liqueur baileys","Informational","Informational","320","26","secondary","0","1","0","1","Blog","/blog/best-cream-coffee-liqueurs-for-cocktails/"
"what is baileys liqueur","Informational","Informational","320","28","secondary","0","1","0","1","Blog","/blog/best-cream-coffee-liqueurs-for-cocktails/"
"irish cream whiskey","Informational","Informational","320","22","secondary","0","1","0","1","Blog","/blog/best-cream-coffee-liqueurs-for-cocktails/"
"baileys irish cream alcohol content","Informational","Informational","320","23","secondary","0","2","0","2","Blog","/blog/best-cream-coffee-liqueurs-for-cocktails/ ; /blog/irish-whiskey-guide-bushmills-redbreast-how-its-made/"
"soju alcohol volume","Informational","Informational","320","21","secondary","0","1","0","1","Blog","/blog/soju-explained-koreas-spirit/"
"soju standard drinks","Informational","Informational","320","16","secondary","0","1","0","1","Blog","/blog/soju-explained-koreas-spirit/"
"lychee soju drink","Informational","Informational","320","8","secondary","0","1","0","1","Blog","/blog/soju-explained-koreas-spirit/"
"soju yakult","Informational","Informational","320","12","secondary","0","1","0","1","Blog","/blog/soju-explained-koreas-spirit/"
"yakult soju","Informational","Informational","320","16","secondary","0","1","0","1","Blog","/blog/soju-explained-koreas-spirit/"
"lager vs ale","Informational","Informational","320","25","secondary","0","2","0","2","Blog","/blog/lager-vs-imported-beer-buyers-guide/ ; /blog/australian-beer-guide-lager-vb-craft-brands/"
"imported beer","Informational, Commercial","Commercial","320","6","tag","0","0","1","1","Blog","/blog/lager-vs-imported-beer-buyers-guide/"
"coopers lager beer","Commercial","Commercial","320","11","tag","0","0","1","1","Blog","/blog/lager-vs-imported-beer-buyers-guide/"
"ginger beer non alcoholic","Informational","Informational","320","7","secondary","0","1","0","1","Blog","/blog/why-non-alcoholic-beer-is-booming/"
"sparkling cider","Informational","Informational","320","16","secondary","0","1","0","1","Blog","/blog/guide-to-australian-craft-cider/"
"strawberry and lime cider","Informational","Informational","320","12","secondary","0","1","0","1","Blog","/blog/guide-to-australian-craft-cider/"
"pinot grigio gris","Informational","Informational","320","16","secondary","0","2","0","2","Blog","/blog/white-wine-styles-explained/ ; /blog/pinot-grigio-vs-pinot-gris-italy-guide/"
"sparkling chardonnay pinot noir","Informational","Informational","320","8","secondary","0","2","0","2","Blog","/blog/white-wine-styles-explained/ ; /blog/pinot-grigio-vs-pinot-gris-italy-guide/"
"excellence sauvignon blanc","Informational","Informational","320","13","secondary","0","2","0","2","Blog","/blog/white-wine-styles-explained/ ; /blog/sauvignon-blanc-guide-low-alcohol-cooking-pairing/"
"premix sa","Navigational","Navigational","320","26","secondary","0","1","0","1","Blog","/blog/ready-to-drink-premix-trend/"
"premix king stirling","Informational","Informational","320","6","secondary","0","1","0","1","Blog","/blog/ready-to-drink-premix-trend/"
"sprite zero sugar","Informational","Informational","320","27","secondary","0","1","0","1","Blog","/blog/rise-of-zero-sugar-seltzers/"
"australian ginger beer","Informational","Informational","320","11","secondary","0","2","0","2","Blog","/blog/best-mixers-for-home-bar/ ; /blog/australian-beer-guide-lager-vb-craft-brands/"
"whisky macallan","Informational, Commercial","Commercial","320","16","tag","0","0","1","1","Blog","/blog/macallan-sherry-cask-legacy/"
"proper 12 whisky","Informational","Informational","320","16","secondary","0","2","0","2","Blog","/blog/how-to-store-and-cellar-rare-whisky/ ; /blog/beginners-guide-investing-in-rare-whisky/"
"toki whisky","Informational","Informational","320","13","secondary","0","2","0","2","Blog","/blog/how-to-store-and-cellar-rare-whisky/ ; /blog/beginners-guide-investing-in-rare-whisky/"
"cafe patron xo","Informational","Informational","320","13","secondary","0","1","0","1","Blog","/blog/don-julio-vs-patron-tequila-compared/"
"the belvedere woody point","Navigational","Navigational","320","21","secondary","0","1","0","1","Blog","/blog/grey-goose-vs-belvedere-vodka-compared/"
"belvedere st","Informational","Informational","320","9","secondary","0","1","0","1","Blog","/blog/grey-goose-vs-belvedere-vodka-compared/"
"belvedere farm","Navigational","Navigational","320","15","secondary","0","1","0","1","Blog","/blog/grey-goose-vs-belvedere-vodka-compared/"
"belvedere street","Informational","Informational","320","17","secondary","0","1","0","1","Blog","/blog/grey-goose-vs-belvedere-vodka-compared/"
"prosecco champagne","Informational, Commercial","Commercial","320","17","tag","0","0","1","1","Blog","/blog/prosecco-guide-aperol-spritz-rose-mimosa/"
"rosso vermouth","Informational, Commercial","Commercial","320","10","tag","0","0","1","1","Blog","/blog/what-is-vermouth-sweet-dry-cocktails/"
"pinot noir for beef bourguignon","Informational","Informational","320","28","secondary","0","1","0","1","Blog","/blog/pinot-grigio-vs-pinot-gris-italy-guide/"
"good pinot gris","Commercial","Commercial","320","11","tag","0","0","1","1","Blog","/blog/pinot-grigio-vs-pinot-gris-italy-guide/"
"low carb mid strength beer","Informational","Informational","320","17","secondary","0","1","0","1","Blog","/blog/beer-with-least-carbs-lowest-carb-beer-australia/"
"0 calorie drinks","Informational","Informational","320","16","secondary","0","1","0","1","Blog","/blog/beer-with-least-carbs-lowest-carb-beer-australia/"
"zero calorie drinks","Informational","Informational","320","18","secondary","0","1","0","1","Blog","/blog/beer-with-least-carbs-lowest-carb-beer-australia/"
"oyster bay merlot","Informational","Informational","320","15","secondary","0","1","0","1","Blog","/blog/cabernet-sauvignon-merlot-grenache-red-wine-grapes/"
"colonial ipa","Informational","Informational","320","14","secondary","0","1","0","1","Blog","/blog/what-is-ipa-beer-india-pale-ale-explained/"
"what beer is ipa","Informational","Informational","320","19","secondary","0","1","0","1","Blog","/blog/what-is-ipa-beer-india-pale-ale-explained/"
"ipa stands for what","Informational","Informational","320","11","secondary","0","1","0","1","Blog","/blog/what-is-ipa-beer-india-pale-ale-explained/"
"what is beer ipa","Informational","Informational","320","15","secondary","0","1","0","1","Blog","/blog/what-is-ipa-beer-india-pale-ale-explained/"
"what is ipa on beer","Informational","Informational","320","20","secondary","0","1","0","1","Blog","/blog/what-is-ipa-beer-india-pale-ale-explained/"
"what beers are ipa","Informational, Commercial","Commercial","320","10","tag","0","0","1","1","Blog","/blog/what-is-ipa-beer-india-pale-ale-explained/"
"ipa beers","Commercial","Commercial","320","10","tag","0","0","1","1","Blog","/blog/what-is-ipa-beer-india-pale-ale-explained/"
"baileys irish cream alcohol percentage","Informational","Informational","320","20","secondary","0","1","0","1","Blog","/blog/irish-whiskey-guide-bushmills-redbreast-how-its-made/"
"what is bailey irish cream liqueur","Informational","Informational","320","23","secondary","0","1","0","1","Blog","/blog/irish-whiskey-guide-bushmills-redbreast-how-its-made/"
"vodka for sale","Transactional","Transactional","260","14","primary","1","0","0","1","Sub-category","/shop/spirit/collection/polish-vodka/"
"patron xo","Informational, Commercial","Commercial","260","16","primary + secondary","1","16","0","17","Sub-category / Product","/shop/spirit/collection/patron/ ; /shop/spirit/gran-patron-burdeos-extra-anejo-tequila/ ; /shop/spirit/patron-50ml-collection-patron/"
"jose cuervo 1l","Commercial","Commercial","260","12","primary + secondary","1","1","0","2","Sub-category / Product","/shop/spirit/collection/jose-cuervo/ ; /shop/spirit/jose-cuervo-reposado-1l-jose-cuervo/"
"moutai price","Transactional","Transactional","260","17","primary","1","0","0","1","Sub-category","/shop/spirit/collection/baijiu/"
"kahlua liqueur coffee","Informational, Commercial","Commercial","260","21","primary + secondary + tag","1","11","5","17","Sub-category / Product","/shop/spirit/collection/coffee-liqueur/ ; /shop/spirit/collection/liqueur/ ; /shop/spirit/avion-espresso-tequila/"
"buy absinthe","Transactional","Transactional","260","16","primary","1","0","0","1","Sub-category","/shop/spirit/collection/absinthe/"
"limoncello buy","Transactional","Transactional","260","7","primary","1","0","0","1","Sub-category","/shop/spirit/collection/limoncello/"
"beer pilsner","Commercial","Commercial","260","11","primary + secondary + tag","1","3","1","5","Sub-category / Product / Blog","/shop/beer-premix-wine/collection/pilsner/ ; /shop/beer-premix-wine/carlsberg-green-pilsner-beer-case-cans/ ; /shop/beer-premix-wine/pilsner-urquell-imported-beer-case-cans/"
"silver patron tequila price","Transactional","Transactional","260","10","primary","1","0","0","1","Product","/shop/spirit/gran-patron-burdeos-extra-anejo-tequila/"
"glendronach 21","Commercial","Commercial","260","16","primary","1","0","0","1","Product","/shop/whisky/glendronach-21-chill-scotch-whisky/"
"johnnie walker black label price","Transactional","Transactional","260","9","primary","1","0","0","1","Product","/shop/whisky/johnnie-walker-black-50ml-scotch-whisky/"
"grey goose liquor price","Transactional","Transactional","260","8","primary","1","0","0","1","Product","/shop/spirit/grey-goose-50ml-grey-goose/"
"gray goose vodka","Informational, Transactional","Transactional","260","14","primary","1","0","0","1","Product","/shop/spirit/grey-goose-ducasse-grey-goose/"
"jose cuervo especial","Informational","Informational","260","10","primary","1","0","0","1","Product","/shop/spirit/jose-cuervo-day-dead-gold-tequila/"
"courvoisier cognac","Commercial","Commercial","260","14","primary + secondary","1","6","0","7","Product","/shop/spirit/courvoisier-extra-nogb-cognac-brandy/ ; /shop/spirit/courvoisier-extra-red-cognac-brandy/ ; /shop/spirit/courvoisier-mizunara-2023-cognac-brandy/"
"vsop hennessy","Informational, Commercial","Commercial","260","13","primary + secondary","1","2","0","3","Product","/shop/spirit/hennessy-master-blender-no5-cognac-brandy/ ; /shop/spirit/hennessy-vsop-cognac-brandy/ ; /shop/spirit/hennessy-xo-cognac-brandy/"
"baileys irish cream cinnamon","Commercial","Commercial","260","14","primary + secondary + tag","1","8","3","12","Product","/shop/spirit/baileys-1l-baileys-irish-cream/ ; /shop/spirit/baileys-700-baileys-irish-cream/ ; /shop/spirit/baileys-apple-pie-baileys-irish-cream/"
"buy baileys irish cream","Transactional","Transactional","260","17","primary","1","0","0","1","Product","/shop/spirit/baileys-colada-baileys-irish-cream/"
"patron coffee tequila","Informational","Informational","260","15","primary + secondary","1","1","0","2","Product / Blog","/shop/spirit/patron-xo-dark-coca-coffee-liqueur/ ; /blog/don-julio-vs-patron-tequila-compared/"
"cointreau orange liqueur","Informational","Informational","260","39","primary","1","0","0","1","Product","/shop/spirit/cointreau-orange-liqueur/"
"heineken lager","Informational, Transactional","Transactional","260","16","primary","1","0","0","1","Product","/shop/beer-premix-wine/heineken-500ml-lager/"
"modelo especial beer","Informational, Commercial","Commercial","260","14","primary + secondary","1","1","0","2","Product","/shop/beer-premix-wine/modelo-especial-lager/ ; /shop/beer-premix-wine/modelo-especial-imported-beer/"
"chandon brut rose","Informational, Transactional","Transactional","260","19","primary","1","0","0","1","Product","/shop/beer-premix-wine/chandon-sparkling-rose-rose-wine/"
"buy jack daniels","Transactional","Transactional","260","14","primary","1","0","0","1","Product","/shop/other/jack-daniels-honey-bbq-sauce-mixers-water-condiments/"
"chivas regal 12 price","Transactional","Transactional","260","11","primary","1","0","0","1","Product","/shop/whisky/chivas-regal-12-year-old-signature-blend-blended-scotch-whisky/"
"glenlivet scotch","Commercial","Commercial","260","13","primary + secondary","1","1","0","2","Product","/shop/whisky/glenlivet-18-year-old-43-single-malt-scotch-whisky/ ; /shop/whisky/glenlivet-25-year-old-the-sample-room-collection-single-malt-scotch-whisky/"
"balvenie scotch","Commercial","Commercial","260","14","primary + secondary","1","2","0","3","Product","/shop/whisky/balvenie-12-year-old-golden-cask-rum-cask-finish-single-malt-scotch-whisky/ ; /shop/whisky/balvenie-16-year-old-french-oak-pineau-cask-single-malt-scotch-whisky/ ; /shop/whisky/balvenie-25-year-old-rare-marriages-single-malt-scotch-whisky/"
"kirin drink","Informational, Commercial","Commercial","260","13","primary","1","0","0","1","Product","/shop/beer-premix-wine/kirin-ichiban-japanese-beer-case-4-x-6-bottles/"
"carlsberg lager","Informational, Commercial","Commercial","260","17","primary + tag","1","0","1","2","Product / Blog","/shop/beer-premix-wine/carlsberg-green-pilsner-beer-case-cans/ ; /blog/lager-vs-imported-beer-buyers-guide/"
"wine deals online","Commercial","Commercial","260","28","secondary","0","1","0","1","Page","/shipping/"
"johnnie walker gift set","Commercial","Commercial","260","13","tag","0","0","1","1","Page","/contact/"
"johnnie walker gift pack","Commercial","Commercial","260","10","tag","0","0","5","5","Page / Product","/contact/ ; /shop/whisky/johnnie-walker-king-george-v-rare-edition/ ; /shop/whisky/johnnie-walker-15yo-sherry-scotch-whisky/"
"chamisul soju","Informational, Commercial","Commercial","260","18","secondary + tag","0","12","2","14","Category / Sub-category / Product / Blog","/shop/other/ ; /shop/other/collection/soju/ ; /shop/other/ilpoom-jinro-1924-heritage-premium-soju/"
"good day soju","Informational, Commercial","Commercial","260","8","secondary + tag","0","12","2","14","Category / Sub-category / Product / Blog","/shop/other/ ; /shop/other/collection/soju/ ; /shop/other/ilpoom-jinro-1924-heritage-premium-soju/"
"soju korean bbq","Commercial","Commercial","260","21","secondary + tag","0","12","2","14","Category / Sub-category / Product / Blog","/shop/other/ ; /shop/other/collection/soju/ ; /shop/other/ilpoom-jinro-1924-heritage-premium-soju/"
"fountain soy sauce","Commercial","Commercial","260","12","tag","0","0","13","13","Category / Sub-category / Product","/shop/other/ ; /shop/other/collection/mixers-water-condiments/ ; /shop/other/san-pel-plastic-1l-mixers-water-condiments/"
"monster energy sugar free","Commercial","Commercial","260","17","tag","0","0","13","13","Category / Sub-category / Product","/shop/other/ ; /shop/other/collection/mixers-water-condiments/ ; /shop/other/san-pel-plastic-1l-mixers-water-condiments/"
"what's a good energy drink","Informational, Commercial","Commercial","260","28","tag","0","0","13","13","Category / Sub-category / Product","/shop/other/ ; /shop/other/collection/mixers-water-condiments/ ; /shop/other/san-pel-plastic-1l-mixers-water-condiments/"
"juice monster energy drink","Informational, Commercial","Commercial","260","27","tag","0","0","13","13","Category / Sub-category / Product","/shop/other/ ; /shop/other/collection/mixers-water-condiments/ ; /shop/other/san-pel-plastic-1l-mixers-water-condiments/"
"pink monster energy drink","Informational, Commercial","Commercial","260","14","tag","0","0","13","13","Category / Sub-category / Product","/shop/other/ ; /shop/other/collection/mixers-water-condiments/ ; /shop/other/san-pel-plastic-1l-mixers-water-condiments/"
"american bourbon","Commercial","Commercial","260","11","tag","0","0","15","15","Sub-category / Product","/shop/whisky/collection/bourbon/ ; /shop/whisky/pappy-van-winkle-15-year-old-family-reserve/ ; /shop/whisky/buffalo-trace-1l-bourbon-whiskey/"
"bourbon australia","Commercial","Commercial","260","12","tag","0","0","15","15","Sub-category / Product","/shop/whisky/collection/bourbon/ ; /shop/whisky/pappy-van-winkle-15-year-old-family-reserve/ ; /shop/whisky/buffalo-trace-1l-bourbon-whiskey/"
"cheap bourbon australia","Informational, Commercial","Commercial","260","14","tag","0","0","15","15","Sub-category / Product","/shop/whisky/collection/bourbon/ ; /shop/whisky/pappy-van-winkle-15-year-old-family-reserve/ ; /shop/whisky/buffalo-trace-1l-bourbon-whiskey/"
"bourbon on special","Commercial","Commercial","260","10","tag","0","0","15","15","Sub-category / Product","/shop/whisky/collection/bourbon/ ; /shop/whisky/pappy-van-winkle-15-year-old-family-reserve/ ; /shop/whisky/buffalo-trace-1l-bourbon-whiskey/"
"buffalo trace bourbon whisky","Commercial","Commercial","260","20","tag","0","0","15","15","Sub-category / Product","/shop/whisky/collection/bourbon/ ; /shop/whisky/pappy-van-winkle-15-year-old-family-reserve/ ; /shop/whisky/buffalo-trace-1l-bourbon-whiskey/"
"manhattan rye whiskey","Informational, Commercial","Commercial","260","10","secondary + tag","0","10","2","12","Sub-category / Product / Blog","/shop/whisky/collection/rye-whiskey/ ; /shop/whisky/elijah-craig-rye-rye-whiskey/ ; /shop/whisky/high-west-midwinter-nights-dram-rye-whiskey/"
"knob creek rye","Commercial","Commercial","260","16","secondary + tag","0","10","2","12","Sub-category / Product / Blog","/shop/whisky/collection/rye-whiskey/ ; /shop/whisky/elijah-craig-rye-rye-whiskey/ ; /shop/whisky/high-west-midwinter-nights-dram-rye-whiskey/"
"japanese bourbon","Informational, Commercial","Commercial","260","12","tag","0","0","24","24","Sub-category / Product","/shop/whisky/collection/japanese-whisky/ ; /shop/whisky/nikka-taketsuru-21-year-old-pure-malt/ ; /shop/whisky/yamazaki-18-year-old-single-malt-japanese-whisky/"
"japanese whiskey brands","Informational, Commercial","Commercial","260","24","tag","0","0","24","24","Sub-category / Product","/shop/whisky/collection/japanese-whisky/ ; /shop/whisky/nikka-taketsuru-21-year-old-pure-malt/ ; /shop/whisky/yamazaki-18-year-old-single-malt-japanese-whisky/"
"good japanese whiskey","Commercial","Commercial","260","17","tag","0","0","24","24","Sub-category / Product","/shop/whisky/collection/japanese-whisky/ ; /shop/whisky/nikka-taketsuru-21-year-old-pure-malt/ ; /shop/whisky/yamazaki-18-year-old-single-malt-japanese-whisky/"
"best japanese scotch","Commercial","Commercial","260","17","tag","0","0","24","24","Sub-category / Product","/shop/whisky/collection/japanese-whisky/ ; /shop/whisky/nikka-taketsuru-21-year-old-pure-malt/ ; /shop/whisky/yamazaki-18-year-old-single-malt-japanese-whisky/"
"fuji single blended japanese whisky","Informational, Commercial","Commercial","260","8","tag","0","0","24","24","Sub-category / Product","/shop/whisky/collection/japanese-whisky/ ; /shop/whisky/nikka-taketsuru-21-year-old-pure-malt/ ; /shop/whisky/yamazaki-18-year-old-single-malt-japanese-whisky/"
"australian single malt whiskey","Informational, Commercial","Commercial","260","19","secondary + tag","0","12","1","13","Sub-category / Product / Blog","/shop/whisky/collection/australian-whisky/ ; /shop/whisky/lark-legacy-rare-cask-series-para-100-vintage/ ; /shop/whisky/dark-lark-2026-australian-whisky/"
"australian made spirits","Commercial","Commercial","260","9","secondary","0","12","0","12","Sub-category / Product","/shop/whisky/collection/australian-whisky/ ; /shop/whisky/lark-legacy-rare-cask-series-para-100-vintage/ ; /shop/whisky/dark-lark-2026-australian-whisky/"
"lark tasmanian peated","Commercial","Commercial","260","11","secondary + tag","0","12","1","13","Sub-category / Product / Blog","/shop/whisky/collection/australian-whisky/ ; /shop/whisky/lark-legacy-rare-cask-series-para-100-vintage/ ; /shop/whisky/dark-lark-2026-australian-whisky/"
"lark symphony","Commercial","Commercial","260","14","secondary + tag","0","12","1","13","Sub-category / Product / Blog","/shop/whisky/collection/australian-whisky/ ; /shop/whisky/lark-legacy-rare-cask-series-para-100-vintage/ ; /shop/whisky/dark-lark-2026-australian-whisky/"
"lark cask strength","Commercial","Commercial","260","15","secondary + tag","0","12","1","13","Sub-category / Product / Blog","/shop/whisky/collection/australian-whisky/ ; /shop/whisky/lark-legacy-rare-cask-series-para-100-vintage/ ; /shop/whisky/dark-lark-2026-australian-whisky/"
"chopin polish vodka","Commercial","Commercial","260","10","secondary + tag","0","1","9","10","Sub-category / Product","/shop/spirit/collection/polish-vodka/ ; /shop/spirit/belvedere-1l-polish-vodka/ ; /shop/spirit/belvedere-200ml-polish-vodka/"
"gray goose 1l","Commercial","Commercial","260","15","secondary + tag","0","2","1","3","Sub-category / Product / Blog","/shop/spirit/collection/grey-goose/ ; /shop/spirit/grey-goose-1l-grey-goose/ ; /blog/grey-goose-vs-belvedere-vodka-compared/"
"grey goose cost","Informational, Commercial","Commercial","260","10","secondary + tag","0","14","2","16","Sub-category / Product / Blog","/shop/spirit/collection/grey-goose/ ; /shop/spirit/grey-goose-altius-ultra-premium-french-vodka/ ; /shop/spirit/grey-goose-700ml-french-vodka/"
"gray goose cost","Informational, Commercial","Commercial","260","13","secondary + tag","0","14","2","16","Sub-category / Product / Blog","/shop/spirit/collection/grey-goose/ ; /shop/spirit/grey-goose-altius-ultra-premium-french-vodka/ ; /shop/spirit/grey-goose-700ml-french-vodka/"
"price of grey goose vodka 1 litre","Commercial","Commercial","260","12","secondary + tag","0","1","2","3","Sub-category / Product / Blog","/shop/spirit/collection/grey-goose/ ; /shop/spirit/grey-goose-1l-grey-goose/ ; /blog/grey-goose-vs-belvedere-vodka-compared/"
"1 liter grey goose","Commercial","Commercial","260","19","secondary + tag","0","2","1","3","Sub-category / Product / Blog","/shop/spirit/collection/grey-goose/ ; /shop/spirit/grey-goose-1l-grey-goose/ ; /blog/grey-goose-vs-belvedere-vodka-compared/"
"grey goose 1 litre best price","Commercial","Commercial","260","21","secondary + tag","0","2","1","3","Sub-category / Product / Blog","/shop/spirit/collection/grey-goose/ ; /shop/spirit/grey-goose-1l-grey-goose/ ; /blog/grey-goose-vs-belvedere-vodka-compared/"
"cost of gray goose vodka","Informational, Commercial","Commercial","260","9","secondary + tag","0","11","3","14","Sub-category / Product / Blog","/shop/spirit/collection/grey-goose/ ; /shop/spirit/grey-goose-altius-ultra-premium-french-vodka/ ; /shop/spirit/ciroc-pineapple-french-vodka/"
"gray goose vodka cost","Commercial","Commercial","260","10","secondary + tag","0","14","2","16","Sub-category / Product","/shop/spirit/collection/grey-goose/ ; /shop/spirit/grey-goose-altius-ultra-premium-french-vodka/ ; /shop/spirit/ciroc-pineapple-french-vodka/"
"grey goose vodka cost","Informational, Commercial","Commercial","260","13","secondary + tag","0","14","2","16","Sub-category / Product","/shop/spirit/collection/grey-goose/ ; /shop/spirit/grey-goose-altius-ultra-premium-french-vodka/ ; /shop/spirit/ciroc-pineapple-french-vodka/"
"1 liter grey goose cost","Commercial","Commercial","260","21","secondary","0","2","0","2","Sub-category / Product","/shop/spirit/collection/grey-goose/ ; /shop/spirit/grey-goose-1l-grey-goose/"
"tequila patron añejo","Informational, Commercial","Commercial","260","15","secondary + tag","0","1","25","26","Sub-category / Product","/shop/spirit/collection/patron/ ; /shop/spirit/collection/white-tequila/ ; /shop/spirit/gran-patron-burdeos-extra-anejo-tequila/"
"patron cafe","Commercial","Commercial","260","16","tag","0","0","12","12","Sub-category / Product","/shop/spirit/collection/patron/ ; /shop/spirit/gran-patron-burdeos-extra-anejo-tequila/ ; /shop/spirit/patron-50ml-collection-patron/"
"patron mini","Commercial","Commercial","260","9","tag","0","0","12","12","Sub-category / Product","/shop/spirit/collection/patron/ ; /shop/spirit/gran-patron-burdeos-extra-anejo-tequila/ ; /shop/spirit/patron-50ml-collection-patron/"
"tequila silver","Commercial","Commercial","260","11","secondary + tag","0","1","13","14","Sub-category / Product","/shop/spirit/collection/gold-tequila/ ; /shop/spirit/cabo-wabo-blanco-white-tequila/ ; /shop/spirit/gran-patron-platinum-white-tequila/"
"tequila 700ml","Commercial","Commercial","260","9","secondary + tag","0","1","12","13","Sub-category / Product","/shop/spirit/collection/gold-tequila/ ; /shop/spirit/cabo-wabo-blanco-white-tequila/ ; /shop/spirit/gran-patron-platinum-white-tequila/"
"tequila 818","Commercial","Commercial","260","27","secondary","0","1","0","1","Sub-category","/shop/spirit/collection/gold-tequila/"
"tequila price","Commercial","Commercial","260","12","secondary + tag","0","1","12","13","Sub-category / Product","/shop/spirit/collection/gold-tequila/ ; /shop/spirit/cabo-wabo-blanco-white-tequila/ ; /shop/spirit/gran-patron-platinum-white-tequila/"
"tequila deals","Commercial","Commercial","260","12","secondary + tag","0","1","6","7","Sub-category / Product","/shop/spirit/collection/gold-tequila/ ; /shop/spirit/padre-azul-50ml-collection-white-tequila/ ; /shop/spirit/cabo-wabo-anejo-gold-tequila/"
"australia gin","Commercial","Commercial","260","15","secondary + tag","0","1","11","12","Sub-category / Product","/shop/spirit/collection/gin/ ; /shop/spirit/collection/pink-gin/ ; /shop/spirit/bombay-sapphire-gin/"
"gin australia","Commercial","Commercial","260","17","secondary + tag","0","1","11","12","Sub-category / Product","/shop/spirit/collection/gin/ ; /shop/spirit/collection/pink-gin/ ; /shop/spirit/bombay-sapphire-gin/"
"gin and tonic can","Informational, Commercial","Commercial","260","6","tag","0","0","12","12","Sub-category / Product","/shop/spirit/collection/gin/ ; /shop/spirit/collection/pink-gin/ ; /shop/spirit/bombay-sapphire-gin/"
"gin and tonic in a can","Commercial","Commercial","260","10","tag","0","0","11","11","Sub-category / Product","/shop/spirit/collection/gin/ ; /shop/spirit/collection/pink-gin/ ; /shop/spirit/bombay-sapphire-gin/"
"french cognac","Commercial","Commercial","260","19","tag","0","0","21","21","Sub-category / Product","/shop/spirit/collection/cognac-brandy/ ; /shop/spirit/louis-xiii-de-remy-martin-grande-champagne-cognac/ ; /shop/spirit/camus-borderies-mini-collection-cognac-brandy/"
"best coffee liqueur","Commercial","Commercial","260","22","secondary + tag","0","7","4","11","Sub-category / Product","/shop/spirit/collection/coffee-liqueur/ ; /shop/spirit/avion-espresso-tequila/ ; /shop/spirit/kahlua-16abv-coffee-liqueur/"
"kahlua 1l","Commercial","Commercial","260","14","secondary + tag","0","2","1","3","Sub-category / Product","/shop/spirit/collection/coffee-liqueur/ ; /shop/spirit/patron-xo-cafe-1l-coffee-liqueur/ ; /shop/spirit/sheridans-1l-coffee-liqueur/"
"cointreau 1 ltr","Commercial","Commercial","260","15","secondary","0","1","0","1","Sub-category","/shop/spirit/collection/orange-liqueur/"
"cointreau specials","Informational, Commercial","Commercial","260","10","secondary","0","6","0","6","Sub-category / Product","/shop/spirit/collection/orange-liqueur/ ; /shop/spirit/1800-guachimonton-orange-liqueur/ ; /shop/spirit/cointreau-50ml-orange-liqueur/"
"cointreau 1 litre best price","Commercial","Commercial","260","13","secondary","0","1","0","1","Sub-category","/shop/spirit/collection/orange-liqueur/"
"aperol aperitivo","Informational, Commercial","Commercial","260","12","secondary + tag","0","11","1","12","Sub-category / Product / Blog","/shop/spirit/collection/amaro/ ; /shop/spirit/chartreuse-vep-green-herbal-liqueur/ ; /shop/spirit/amaro-averna/"
"absinthe alcohol green fairy","Informational, Commercial","Commercial","260","8","secondary","0","11","0","11","Sub-category / Product","/shop/spirit/collection/absinthe/ ; /shop/spirit/absinthe-black-100-absinthe/ ; /shop/spirit/absinthe-black-700-absinthe/"
"green fairy drink absinthe","Informational, Commercial","Commercial","260","16","secondary","0","11","0","11","Sub-category / Product","/shop/spirit/collection/absinthe/ ; /shop/spirit/absinthe-black-100-absinthe/ ; /shop/spirit/absinthe-black-700-absinthe/"
"solbevi limoncello","Navigational, Commercial","Commercial","260","21","secondary","0","9","0","9","Sub-category / Product","/shop/spirit/collection/limoncello/ ; /shop/spirit/24-ice-frozen-cocktails-5pack-limoncello/ ; /shop/spirit/bottega-limoncino-limoncello/"
"brown snake ginger beer","Commercial","Commercial","260","15","tag","0","0","1","1","Sub-category","/shop/beer-premix-wine/collection/ginger-beer/"
"amply ginger beer","Commercial","Commercial","260","16","tag","0","0","1","1","Sub-category","/shop/beer-premix-wine/collection/ginger-beer/"
"amplys ginger beer","Informational, Commercial","Commercial","260","16","tag","0","0","1","1","Sub-category","/shop/beer-premix-wine/collection/ginger-beer/"
"red wine bottle","Informational, Commercial","Commercial","260","10","tag","0","0","11","11","Sub-category / Product","/shop/beer-premix-wine/collection/red-wine/ ; /shop/beer-premix-wine/penfolds-grange-2018-shiraz-australian-icon/ ; /shop/beer-premix-wine/stefani-estate-shirazcopy-red-wine/"
"red wine offers","Commercial","Commercial","260","10","tag","0","0","11","11","Sub-category / Product","/shop/beer-premix-wine/collection/red-wine/ ; /shop/beer-premix-wine/penfolds-grange-2018-shiraz-australian-icon/ ; /shop/beer-premix-wine/stefani-estate-shirazcopy-red-wine/"
"rosè wine","Commercial","Commercial","260","19","tag","0","0","11","11","Sub-category / Product","/shop/beer-premix-wine/collection/red-wine/ ; /shop/beer-premix-wine/penfolds-grange-2018-shiraz-australian-icon/ ; /shop/beer-premix-wine/stefani-estate-shirazcopy-red-wine/"
"chandon rose sparkling wine","Informational, Commercial","Commercial","260","10","secondary + tag","0","11","1","12","Sub-category / Product / Blog","/shop/beer-premix-wine/collection/rose-wine/ ; /shop/beer-premix-wine/batch-co-bondi-spritz-24pack-cans-rose-wine/ ; /shop/beer-premix-wine/batch-co-noosa-spritz-24pack-cans-rose-wine/"
"no sugar drinks","Informational, Commercial","Commercial","260","13","tag","0","0","6","6","Sub-category / Product","/shop/beer-premix-wine/collection/zero-sugar-seltzers/ ; /shop/beer-premix-wine/d9-sparkling-grape-zero-sugar/ ; /shop/beer-premix-wine/d9-strong-sparkling-grape-zero-sugar/"
"cocacola zero sugar","Commercial","Commercial","260","25","tag","0","0","7","7","Sub-category / Product / Blog","/shop/beer-premix-wine/collection/zero-sugar-seltzers/ ; /shop/beer-premix-wine/d9-sparkling-grape-zero-sugar/ ; /shop/beer-premix-wine/d9-strong-sparkling-grape-zero-sugar/"
"sugar free carbonated drinks","Informational, Commercial","Commercial","260","9","tag","0","0","6","6","Sub-category / Product","/shop/beer-premix-wine/collection/zero-sugar-seltzers/ ; /shop/beer-premix-wine/d9-sparkling-grape-zero-sugar/ ; /shop/beer-premix-wine/d9-strong-sparkling-grape-zero-sugar/"
"coca cola 0 sugar","Informational, Commercial","Commercial","260","24","tag","0","0","1","1","Sub-category","/shop/beer-premix-wine/collection/zero-sugar-seltzers/"
"red bull energy drink bottle","Informational, Commercial","Commercial","260","9","tag","0","0","12","12","Sub-category / Product","/shop/other/collection/mixers-water-condiments/ ; /shop/other/san-pel-plastic-1l-mixers-water-condiments/ ; /shop/other/san-pellegrino-500ml-plastic-mixers-water-condiments/"
"inline water meter","Informational, Commercial","Commercial","260","6","tag","0","0","12","12","Sub-category / Product","/shop/other/collection/mixers-water-condiments/ ; /shop/other/san-pel-plastic-1l-mixers-water-condiments/ ; /shop/other/san-pellegrino-500ml-plastic-mixers-water-condiments/"
"sweet champagne australia","Commercial","Commercial","260","10","secondary","0","7","0","7","Sub-category / Product","/shop/beer-premix-wine/collection/champagne/ ; /shop/beer-premix-wine/krug-grande-cuvee-brut-m-v-half-bottle-champagne/ ; /shop/beer-premix-wine/laurent-perrier-la-cuvee-brut-champagne-nv/"
"champagne on special","Commercial","Commercial","260","10","secondary","0","7","0","7","Sub-category / Product","/shop/beer-premix-wine/collection/champagne/ ; /shop/beer-premix-wine/krug-grande-cuvee-brut-m-v-half-bottle-champagne/ ; /shop/beer-premix-wine/laurent-perrier-la-cuvee-brut-champagne-nv/"
"sauvignon blanc dry white wine","Commercial","Commercial","260","16","secondary + tag","0","6","1","7","Sub-category / Product / Blog","/shop/beer-premix-wine/collection/sauvignon-blanc/ ; /shop/beer-premix-wine/gentleman-s-duel-south-australian-sauvignon-blanc/ ; /shop/beer-premix-wine/alexander-hill-premium-selection-sauvignon-blanc-big-rivers-riverina/"
"mid strength pale ale","Commercial","Commercial","260","10","tag","0","0","2","2","Sub-category / Product","/shop/beer-premix-wine/collection/low-carb-beer/ ; /shop/beer-premix-wine/pure-blonde-ultra-low-carb-lager-case-4-x-6-pack-bottles/"
"mid strength low carb beer","Informational, Commercial","Commercial","260","9","tag","0","0","2","2","Sub-category / Product","/shop/beer-premix-wine/collection/low-carb-beer/ ; /shop/beer-premix-wine/pure-blonde-ultra-low-carb-lager-case-4-x-6-pack-bottles/"
"cab sauv red wine","Informational, Commercial","Commercial","260","15","secondary + tag","0","7","10","17","Sub-category / Product","/shop/beer-premix-wine/collection/cabernet-sauvignon/ ; /shop/beer-premix-wine/penfolds-grange-2018-shiraz-australian-icon/ ; /shop/beer-premix-wine/stefani-estate-shirazcopy-red-wine/"
"fuji single malt japanese whisky","Commercial","Commercial","260","17","tag","0","0","23","23","Product","/shop/whisky/nikka-taketsuru-21-year-old-pure-malt/ ; /shop/whisky/yamazaki-18-year-old-single-malt-japanese-whisky/ ; /shop/whisky/nikka-12-japanese-whisky/"
"nikka from the barrel whisky","Informational, Commercial","Commercial","260","15","tag","0","0","23","23","Product","/shop/whisky/nikka-taketsuru-21-year-old-pure-malt/ ; /shop/whisky/yamazaki-18-year-old-single-malt-japanese-whisky/ ; /shop/whisky/nikka-12-japanese-whisky/"
"blue johnnie walker","Commercial","Commercial","260","10","tag","0","0","4","4","Product","/shop/whisky/johnnie-walker-king-george-v-rare-edition/ ; /shop/whisky/johnnie-walker-15yo-sherry-scotch-whisky/ ; /shop/whisky/johnnie-walker-black-50ml-scotch-whisky/"
"gold label reserve johnnie walker","Informational, Commercial","Commercial","260","21","tag","0","0","4","4","Product","/shop/whisky/johnnie-walker-king-george-v-rare-edition/ ; /shop/whisky/johnnie-walker-15yo-sherry-scotch-whisky/ ; /shop/whisky/johnnie-walker-black-50ml-scotch-whisky/"
"johnnie walker red cost","Informational, Commercial","Commercial","260","9","tag","0","0","4","4","Product","/shop/whisky/johnnie-walker-king-george-v-rare-edition/ ; /shop/whisky/johnnie-walker-15yo-sherry-scotch-whisky/ ; /shop/whisky/johnnie-walker-black-50ml-scotch-whisky/"
"armagnac brandy","Commercial","Commercial","260","20","tag","0","0","16","16","Product","/shop/spirit/louis-xiii-de-remy-martin-grande-champagne-cognac/ ; /shop/spirit/camus-special-dry-flask-cognac-brandy/ ; /shop/spirit/grand-marnier-50ml-cognac-brandy/"
"popular red wine","Informational, Commercial","Commercial","260","18","tag","0","0","10","10","Product","/shop/beer-premix-wine/penfolds-grange-2018-shiraz-australian-icon/ ; /shop/beer-premix-wine/stefani-estate-shirazcopy-red-wine/ ; /shop/beer-premix-wine/alexander-hill-cab-sav-red-wine/"
"macallan 12 year","Informational, Commercial","Commercial","260","9","secondary + tag","0","1","1","2","Product / Blog","/shop/whisky/macallan-12-sherry-oak-scotch-whisky/ ; /blog/macallan-sherry-cask-legacy/"
"johnnie walker black 700ml","Commercial","Commercial","260","14","tag","0","0","2","2","Product","/shop/whisky/johnnie-walker-15yo-sherry-scotch-whisky/ ; /shop/whisky/johnnie-walker-xr-scotch-whisky/"
"black label johnnie walker 700ml","Commercial","Commercial","260","11","tag","0","0","2","2","Product","/shop/whisky/johnnie-walker-15yo-sherry-scotch-whisky/ ; /shop/whisky/johnnie-walker-xr-scotch-whisky/"
"vodka types cheap","Commercial","Commercial","260","27","tag","0","0","11","11","Product","/shop/spirit/ciroc-pineapple-french-vodka/ ; /shop/spirit/belenkaya-vodka/ ; /shop/spirit/beluga-gold-leather-russian-vodka/"
"pre-mixed vodka","Commercial","Commercial","260","11","tag","0","0","12","12","Product / Blog","/shop/spirit/ciroc-pineapple-french-vodka/ ; /shop/spirit/belenkaya-vodka/ ; /shop/spirit/beluga-gold-leather-russian-vodka/"
"japanese vodka premix","Informational, Commercial","Commercial","260","8","tag","0","0","11","11","Product / Blog","/shop/spirit/belenkaya-vodka/ ; /shop/spirit/beluga-gold-leather-russian-vodka/ ; /shop/spirit/kalashnikov-100ml-russian-vodka/"
"700ml smirnoff vodka","Commercial","Commercial","260","10","secondary + tag","0","2","9","11","Product","/shop/spirit/belenkaya-vodka/ ; /shop/spirit/beluga-gold-leather-russian-vodka/ ; /shop/spirit/kalashnikov-premium-russian-vodka/"
"smirnoff cost","Informational, Commercial","Commercial","260","11","secondary","0","8","0","8","Product","/shop/spirit/smirnoff-50ml-russian-vodka/ ; /shop/spirit/smirnoff-blue-1l-russian-vodka/ ; /shop/spirit/smirnoff-blue-500ml-russian-vodka/"
"tequila cheap","Commercial","Commercial","260","18","tag","0","0","5","5","Product","/shop/spirit/cabo-wabo-anejo-gold-tequila/ ; /shop/spirit/clase-azul-day-of-dead-gold-tequila/ ; /shop/spirit/herradurra-anejo-gold-tequila/"
"captain morgan dark spiced rum","Commercial","Commercial","260","15","secondary","0","4","0","4","Product","/shop/spirit/captain-morgan-1l-spiced-rum/ ; /shop/spirit/captain-morgan-spiced-rum/ ; /shop/spirit/captain-morgan-spiced-rum-200ml/"
"kraken premix","Commercial","Commercial","260","10","secondary","0","5","0","5","Product","/shop/spirit/kraken-50ml-spiced-rum/ ; /shop/spirit/kraken-94-proof-spiced-rum/ ; /shop/spirit/kraken-black-cherry-vanilla-spiced-rum/"
"gin & tonic in a can","Commercial","Commercial","260","6","tag","0","0","8","8","Product","/shop/spirit/bombay-sapphire-gin/ ; /shop/spirit/def-leppard-animal-gin/ ; /shop/spirit/ghost-juniper-gin/"
"gin on special","Commercial","Commercial","260","17","tag","0","0","6","6","Product","/shop/spirit/def-leppard-animal-gin/ ; /shop/spirit/ghost-juniper-gin/ ; /shop/spirit/hendricks-amazonia-gin/"
"martell vs","Commercial","Commercial","260","17","secondary","0","5","0","5","Product","/shop/spirit/martell-blue-swift-cognac-brandy/ ; /shop/spirit/martell-chanteloup-xxo-cognac-brandy/ ; /shop/spirit/martell-cordon-bleu-cognac-brandy/"
"cognac xo hennessy","Informational, Commercial","Commercial","260","10","secondary","0","3","0","3","Product","/shop/spirit/hennessy-master-blender-no5-cognac-brandy/ ; /shop/spirit/hennessy-vsop-cognac-brandy/ ; /shop/spirit/hennessy-xo-cognac-brandy/"
"best price baileys irish cream 1 litre","Commercial","Commercial","260","15","secondary + tag","0","1","1","2","Product","/shop/spirit/baileys-1l-baileys-irish-cream/ ; /shop/spirit/sheridans-1l-baileys-irish-cream/"
"best price baileys irish cream","Commercial","Commercial","260","15","secondary + tag","0","9","3","12","Product","/shop/spirit/baileys-1l-baileys-irish-cream/ ; /shop/spirit/baileys-700-baileys-irish-cream/ ; /shop/spirit/baileys-apple-pie-baileys-irish-cream/"
"baileys cost","Informational, Commercial","Commercial","260","17","secondary + tag","0","8","4","12","Product","/shop/spirit/baileys-1l-baileys-irish-cream/ ; /shop/spirit/baileys-700-baileys-irish-cream/ ; /shop/spirit/baileys-apple-pie-baileys-irish-cream/"
"jameson irish whiskey 1 litre","Commercial","Commercial","260","15","tag","0","0","2","2","Product / Blog","/shop/spirit/sheridans-1l-baileys-irish-cream/ ; /blog/irish-whiskey-guide-bushmills-redbreast-how-its-made/"
"galliano amaretto","Informational, Commercial","Commercial","260","10","secondary","0","1","0","1","Product","/shop/spirit/galliano-authentico-sambuca/"
"galliano alcohol","Informational, Commercial","Commercial","260","28","secondary","0","1","0","1","Product","/shop/spirit/galliano-authentico-sambuca/"
"ginger beer vs ale","Informational, Commercial","Commercial","260","24","secondary","0","1","0","1","Product","/shop/beer-premix-wine/ginger-kid-ginger-beer/"
"chandon brut cost","Informational, Commercial","Commercial","260","10","secondary","0","1","0","1","Product","/shop/beer-premix-wine/chandon-sparkling-rose-rose-wine/"
"sparkling wine australia","Informational, Commercial","Commercial","260","9","tag","0","0","1","1","Product","/shop/beer-premix-wine/gh-mumm-corodn-rouge-brut-sparkling-wine/"
"cheap sparkling","Commercial","Commercial","260","12","tag","0","0","1","1","Product","/shop/beer-premix-wine/gh-mumm-corodn-rouge-brut-sparkling-wine/"
"best australian sparkling","Commercial","Commercial","260","9","tag","0","0","1","1","Product","/shop/beer-premix-wine/gh-mumm-corodn-rouge-brut-sparkling-wine/"
"zero sugar jelly","Commercial","Commercial","260","22","tag","0","0","6","6","Product / Blog","/shop/beer-premix-wine/d9-sparkling-grape-zero-sugar/ ; /shop/beer-premix-wine/d9-strong-sparkling-grape-zero-sugar/ ; /shop/beer-premix-wine/saint-d9-sparkling-lemon-zero-sugar/"
"chivas regal 12 year old","Commercial","Commercial","260","13","secondary","0","1","0","1","Product","/shop/whisky/chivas-regal-12-year-old-signature-blend-blended-scotch-whisky/"
"chivas regal cost","Informational, Commercial","Commercial","260","10","secondary","0","3","0","3","Product","/shop/whisky/chivas-regal-12-year-old-signature-blend-blended-scotch-whisky/ ; /shop/whisky/chivas-regal-18-year-old-gold-signature-scotch-whisky/ ; /shop/whisky/chivas-regal-18-year-old-pauillac-cask-finish-blended-scotch-whisky/"
"chivas regal 1 litre","Commercial","Commercial","260","12","secondary","0","2","0","2","Product","/shop/whisky/chivas-regal-12-year-old-signature-blend-blended-scotch-whisky/ ; /shop/whisky/chivas-regal-18-year-old-pauillac-cask-finish-blended-scotch-whisky/"
"glenlivet single malt","Informational, Commercial","Commercial","260","14","secondary","0","2","0","2","Product","/shop/whisky/glenlivet-18-year-old-43-single-malt-scotch-whisky/ ; /shop/whisky/glenlivet-25-year-old-the-sample-room-collection-single-malt-scotch-whisky/"
"700ml jim beam","Navigational, Commercial","Commercial","260","16","secondary","0","1","0","1","Product","/shop/whisky/jim-beam-white-label-kentucky-bourbon-whiskey/"
"1ltr jim beam","Commercial","Commercial","260","10","secondary","0","1","0","1","Product","/shop/whisky/jim-beam-white-label-40-kentucky-straight-bourbon-whiskey/"
"jim beam bourbon 1 litre","Commercial","Commercial","260","7","secondary","0","1","0","1","Product","/shop/whisky/jim-beam-white-label-40-kentucky-straight-bourbon-whiskey/"
"bushmills single malt","Informational, Commercial","Commercial","260","17","secondary + tag","0","3","1","4","Product / Blog","/shop/whisky/bushmills-original-blended-irish-whiskey/ ; /shop/whisky/bushmills-14-year-old-malaga-cask-finish-single-malt-irish-whiskey/ ; /shop/whisky/bushmills-21-year-old-madeira-finish-single-malt-irish-whiskey/"
"absolut price vodka","Commercial","Commercial","260","10","secondary","0","2","0","2","Product","/shop/spirit/absolut-swedish-vodka/ ; /shop/spirit/absolut-tabasco-chilli-pepper-flavoured-swedish-vodka/"
"1l absolut vodka","Commercial","Commercial","260","11","secondary","0","1","0","1","Product","/shop/spirit/absolut-tabasco-chilli-pepper-flavoured-swedish-vodka/"
"islay single malt","Informational","Informational","260","17","secondary","0","1","0","1","Blog","/blog/single-malt-vs-blended-scotch/"
"single malt isle of islay","Informational","Informational","260","13","secondary","0","1","0","1","Blog","/blog/single-malt-vs-blended-scotch/"
"scotch is","Informational","Informational","260","16","secondary","0","1","0","1","Blog","/blog/single-malt-vs-blended-scotch/"
"what is single malt whiskey","Informational","Informational","260","11","secondary","0","1","0","1","Blog","/blog/single-malt-vs-blended-scotch/"
"1792 bourbon whiskey","Informational","Informational","260","14","secondary","0","1","0","1","Blog","/blog/what-makes-bourbon-different/"
"bulleit rye whiskey","Informational, Commercial","Commercial","260","16","tag","0","0","1","1","Blog","/blog/beginners-guide-to-rye-whiskey/"
"suntory whisky hibiki","Informational","Informational","260","16","secondary","0","1","0","1","Blog","/blog/why-japanese-whisky-became-a-global-obsession/"
"suntory double peach","Informational","Informational","260","14","secondary","0","1","0","1","Blog","/blog/why-japanese-whisky-became-a-global-obsession/"
"tequila and mezcal","Informational","Informational","260","21","secondary","0","1","0","1","Blog","/blog/mezcal-vs-tequila-difference/"
"vittoria mezcal","Informational","Informational","260","17","secondary","0","1","0","1","Blog","/blog/mezcal-vs-tequila-difference/"
"apple and brandy","Informational","Informational","260","14","secondary","0","1","0","1","Blog","/blog/cognac-vs-brandy-explained/"
"cognac vsop","Informational","Informational","260","13","secondary","0","1","0","1","Blog","/blog/cognac-vs-brandy-explained/"
"drinks with brandy","Informational","Informational","260","28","secondary","0","1","0","1","Blog","/blog/cognac-vs-brandy-explained/"
"brandy cocktail recipe","Informational","Informational","260","28","secondary","0","1","0","1","Blog","/blog/cognac-vs-brandy-explained/"
"calvados brandy","Informational","Informational","260","24","secondary","0","1","0","1","Blog","/blog/cognac-vs-brandy-explained/"
"cordon bleu martell cognac","Informational","Informational","260","11","secondary","0","1","0","1","Blog","/blog/cognac-vs-brandy-explained/"
"amaro liqueur","Informational","Informational","260","18","secondary","0","1","0","1","Blog","/blog/amaro-101-italy-bittersweet-tradition/"
"soju and beer","Informational","Informational","260","8","secondary","0","1","0","1","Blog","/blog/soju-explained-koreas-spirit/"
"korean bbq soju","Informational","Informational","260","16","secondary","0","1","0","1","Blog","/blog/soju-explained-koreas-spirit/"
"goat lager","Informational","Informational","260","13","secondary","0","1","0","1","Blog","/blog/lager-vs-imported-beer-buyers-guide/"
"balter lager","Commercial","Commercial","260","10","tag","0","0","1","1","Blog","/blog/lager-vs-imported-beer-buyers-guide/"
"dark lager","Informational, Commercial","Commercial","260","11","tag","0","0","1","1","Blog","/blog/lager-vs-imported-beer-buyers-guide/"
"guinness non alcoholic beer","Informational","Informational","260","11","secondary","0","1","0","1","Blog","/blog/why-non-alcoholic-beer-is-booming/"
"pinot grigio italy","Informational","Informational","260","17","secondary","0","2","0","2","Blog","/blog/white-wine-styles-explained/ ; /blog/pinot-grigio-vs-pinot-gris-italy-guide/"
"premix king catalogue","Informational","Informational","260","10","secondary","0","1","0","1","Blog","/blog/ready-to-drink-premix-trend/"
"cocktail premix","Commercial","Commercial","260","16","tag","0","0","1","1","Blog","/blog/ready-to-drink-premix-trend/"
"jameson premix","Commercial","Commercial","260","14","tag","0","0","1","1","Blog","/blog/ready-to-drink-premix-trend/"
"pre mixed alcoholic drinks","Commercial","Commercial","260","17","tag","0","0","1","1","Blog","/blog/ready-to-drink-premix-trend/"
"hard rated zero sugar calories","Informational","Informational","260","15","secondary","0","1","0","1","Blog","/blog/rise-of-zero-sugar-seltzers/"
"bundaberg rum zero sugar","Informational, Commercial","Commercial","260","10","tag","0","0","1","1","Blog","/blog/rise-of-zero-sugar-seltzers/"
"vodka soda can","Informational, Commercial","Commercial","260","6","tag","0","0","1","1","Blog","/blog/rise-of-zero-sugar-seltzers/"
"the macallan 18","Informational, Commercial","Commercial","260","8","tag","0","0","1","1","Blog","/blog/macallan-sherry-cask-legacy/"
"macallan 18 year old","Commercial","Commercial","260","15","tag","0","0","1","1","Blog","/blog/macallan-sherry-cask-legacy/"
"macallan harmony collection","Commercial","Commercial","260","9","tag","0","0","1","1","Blog","/blog/macallan-sherry-cask-legacy/"
"macallan 18 sherry oak","Commercial","Commercial","260","9","tag","0","0","1","1","Blog","/blog/macallan-sherry-cask-legacy/"
"patron el cielo","Informational","Informational","260","15","secondary","0","1","0","1","Blog","/blog/don-julio-vs-patron-tequila-compared/"
"xo cafe patron","Informational","Informational","260","10","secondary","0","1","0","1","Blog","/blog/don-julio-vs-patron-tequila-compared/"
"can prosecco","Informational, Commercial","Commercial","260","9","tag","0","0","1","1","Blog","/blog/prosecco-guide-aperol-spritz-rose-mimosa/"
"prosecco good","Commercial","Commercial","260","27","tag","0","0","1","1","Blog","/blog/prosecco-guide-aperol-spritz-rose-mimosa/"
"martini rosso vermouth","Informational","Informational","260","15","secondary","0","1","0","1","Blog","/blog/what-is-vermouth-sweet-dry-cocktails/"
"italian pinot gris","Informational","Informational","260","17","secondary","0","1","0","1","Blog","/blog/pinot-grigio-vs-pinot-gris-italy-guide/"
"ouzo no 12","Commercial","Commercial","260","9","tag","0","0","1","1","Blog","/blog/what-is-ouzo-greek-drink-flavour-serving/"
"st hugo cabernet sauvignon 2018","Informational","Informational","260","15","secondary","0","1","0","1","Blog","/blog/cabernet-sauvignon-merlot-grenache-red-wine-grapes/"
"beer ipa","Commercial","Commercial","260","17","tag","0","0","1","1","Blog","/blog/what-is-ipa-beer-india-pale-ale-explained/"
"xpa vs ipa","Commercial","Commercial","260","10","tag","0","0","1","1","Blog","/blog/what-is-ipa-beer-india-pale-ale-explained/"
"german beer weissbier","Informational, Commercial","Commercial","260","18","tag","0","0","1","1","Blog","/blog/german-beer-guide-german-wheat-weissbier-pilsner/"
"gluten wheat free beer","Commercial","Commercial","260","17","tag","0","0","1","1","Blog","/blog/german-beer-guide-german-wheat-weissbier-pilsner/"
"best irish whiskey australia","Commercial","Commercial","260","9","tag","0","0","1","1","Blog","/blog/irish-whiskey-guide-bushmills-redbreast-how-its-made/"
"good irish whiskey","Informational, Commercial","Commercial","260","21","tag","0","0","1","1","Blog","/blog/irish-whiskey-guide-bushmills-redbreast-how-its-made/"
"top irish whiskey","Commercial","Commercial","260","9","tag","0","0","1","1","Blog","/blog/irish-whiskey-guide-bushmills-redbreast-how-its-made/"
"what is baileys irish cream","Informational","Informational","260","23","faq","0","0","0","1","FAQ","/faq/"
"buy single malt whisky online","Transactional","Transactional","210","23","primary + secondary","1","1","0","2","Page","/about/ ; /shipping/"
"buy bourbon online","Transactional","Transactional","210","6","primary + secondary","1","1","0","2","Page / Sub-category","/shipping/ ; /shop/whisky/collection/bourbon/"
"what is single malt whisky","Informational","Informational","210","15","primary + secondary","1","1","0","2","Page / Blog","/faq/ ; /blog/single-malt-vs-blended-scotch/"
"bourbon reserve woodford","Informational, Commercial","Commercial","210","14","primary + tag","1","0","14","15","Sub-category / Product","/shop/whisky/collection/bourbon/ ; /shop/whisky/pappy-van-winkle-15-year-old-family-reserve/ ; /shop/whisky/buffalo-trace-1l-bourbon-whiskey/"
"patron xo tequila","Commercial","Commercial","210","16","primary + secondary + tag","1","14","2","17","Sub-category / Product","/shop/spirit/collection/patron/ ; /shop/spirit/gran-patron-burdeos-extra-anejo-tequila/ ; /shop/spirit/patron-50ml-collection-patron/"
"jose cuervo silver","Informational, Commercial","Commercial","210","13","primary + secondary","1","7","0","8","Sub-category / Product","/shop/spirit/collection/jose-cuervo/ ; /shop/spirit/jose-cuervo-cristalino-anejo-jose-cuervo/ ; /shop/spirit/jose-cuervo-gold-50ml-jose-cuervo/"
"rum for sale","Transactional","Transactional","210","12","primary","1","0","0","1","Sub-category","/shop/spirit/collection/white-rum/"
"black absinthe","Informational, Commercial","Commercial","210","17","primary + secondary","1","10","0","11","Sub-category / Product","/shop/spirit/collection/absinthe/ ; /shop/spirit/absinthe-black-100-absinthe/ ; /shop/spirit/absinthe-black-700-absinthe/"
"buy ginger beer","Transactional","Transactional","210","12","primary","1","0","0","1","Sub-category","/shop/beer-premix-wine/collection/ginger-beer/"
"nikka black","Informational, Commercial","Commercial","210","11","primary + secondary","1","18","0","19","Product","/shop/whisky/nikka-taketsuru-21-year-old-pure-malt/ ; /shop/whisky/nikka-12-japanese-whisky/ ; /shop/whisky/nikka-barrel-2-1080x-1-japanese-whisky/"
"laphroaig scotch","Informational, Commercial","Commercial","210","16","primary + secondary","1","10","0","11","Product","/shop/whisky/laphroaig-30-year-old-ian-hunter-story-book-2/ ; /shop/whisky/laphroaig-10-glass-pack-scotch-whisky/ ; /shop/whisky/laphroaig-10-sherry-oak-scotch-whisky/"
"royal salute scotch","Informational, Commercial","Commercial","210","10","primary + secondary","1","9","0","10","Product","/shop/whisky/royal-salute-38-year-old-stone-of-destiny/ ; /shop/whisky/royal-salute-21-jodjpur-polo-50ml-scotch-whisky/ ; /shop/whisky/royal-salute-21yo-polo-estancia-edition-scotch-whisky/"
"rémy martin cognac","Navigational","Navigational","210","18","primary","1","0","0","1","Product","/shop/spirit/louis-xiii-de-remy-martin-grande-champagne-cognac/"
"glenfiddich 16","Commercial","Commercial","210","13","primary","1","0","0","1","Product","/shop/whisky/glenfiddich-16-aston-martin-no2-scotch-whisky/"
"belvedere liquor","Informational, Transactional","Transactional","210","17","primary","1","0","0","1","Product","/shop/spirit/belvedere-200ml-polish-vodka/"
"vodka chopin","Informational","Informational","210","20","primary","1","0","0","1","Product","/shop/spirit/chopin-potatovodka-750ml/"
"gray goose vodka price","Transactional","Transactional","210","9","primary","1","0","0","1","Product","/shop/spirit/grey-goose-essences-peach-rosemary-grey-goose/"
"buy grey goose","Transactional","Transactional","210","12","primary","1","0","0","1","Product","/shop/spirit/grey-goose-essences-strawberry-lemongrass-grey-goose/"
"grey goose price","Transactional","Transactional","210","15","primary","1","0","0","1","Product","/shop/spirit/grey-goose-essences-watermelon-basil-grey-goose/"
"belvedere vodka vodka","Navigational, Commercial","Commercial","210","17","primary","1","0","0","1","Product","/shop/spirit/belvedere-200ml-belvedere/"
"don julio price","Transactional","Transactional","210","12","primary","1","0","0","1","Product","/shop/spirit/don-julio-ceniza-don-julio/"
"kah tequila reposado","Informational","Informational","210","17","primary","1","0","0","1","Product","/shop/spirit/kah-blanco-tequila/"
"gordons gin 1l","Commercial","Commercial","210","11","primary","1","0","0","1","Product","/shop/spirit/gordons-gin-1l/"
"martell cognac vsop","Commercial","Commercial","210","10","primary + secondary","1","4","0","5","Product","/shop/spirit/martell-blue-swift-cognac-brandy/ ; /shop/spirit/martell-chanteloup-xxo-cognac-brandy/ ; /shop/spirit/martell-cordon-bleu-cognac-brandy/"
"baileys irish liqueur","Informational, Transactional","Transactional","210","25","primary","1","0","0","1","Product","/shop/spirit/baileys-river-mint-baileys-irish-cream/"
"chivas regal 18 price","Transactional","Transactional","210","7","primary","1","0","0","1","Product","/shop/whisky/chivas-regal-18-year-old-gold-signature-scotch-whisky/"
"the singleton single malt","Commercial","Commercial","210","10","primary","1","0","0","1","Product","/shop/whisky/singleton-of-glendullan-game-of-thrones-house-of-tully-single-malt-scotch-whisky/"
"aberlour scotch","Informational, Commercial","Commercial","210","12","primary + secondary","1","2","0","3","Product","/shop/whisky/aberlour-12-year-old-non-chill-filtered-single-malt-scotch-whisky/ ; /shop/whisky/aberlour-a-bunadh-batch-76-cask-strength-single-malt-scotch-whisky/ ; /shop/whisky/aberlour-16-year-old-2005-single-cask-sherry-butt-cask-strength-single-malt-scotch-whisky/"
"jim beam white label bourbon","Informational","Informational","210","17","primary + secondary","1","1","0","2","Product / Blog","/shop/whisky/jim-beam-white-label-40-kentucky-straight-bourbon-whiskey/ ; /blog/what-makes-bourbon-different/"
"buy absolut vodka","Transactional","Transactional","210","14","primary","1","0","0","1","Product","/shop/spirit/absolut-swedish-vodka/"
"zero sugar","Informational","Informational","210","10","primary","1","0","0","1","Blog","/blog/rise-of-zero-sugar-seltzers/"
"gin online","Commercial","Commercial","210","18","tag","0","0","1","1","Page","/shipping/"
"tequila online","Informational, Commercial","Commercial","210","8","tag","0","0","1","1","Page","/shipping/"
"order vodka online","Commercial","Commercial","210","12","tag","0","0","1","1","Page","/shipping/"
"what is cider drink","Informational","Informational","210","20","secondary + faq","0","1","0","1","Page / FAQ","/faq/"
"what is a absinthe","Informational","Informational","210","27","secondary + faq","0","1","0","1","Page / FAQ","/faq/"
"bourbon whisky","Commercial","Commercial","210","17","tag","0","0","15","15","Sub-category / Product","/shop/whisky/collection/bourbon/ ; /shop/whisky/pappy-van-winkle-15-year-old-family-reserve/ ; /shop/whisky/buffalo-trace-1l-bourbon-whiskey/"
"bourbon prices","Commercial","Commercial","210","10","tag","0","0","15","15","Sub-category / Product","/shop/whisky/collection/bourbon/ ; /shop/whisky/pappy-van-winkle-15-year-old-family-reserve/ ; /shop/whisky/buffalo-trace-1l-bourbon-whiskey/"
"jack daniels bourbon whiskey","Commercial","Commercial","210","10","tag","0","0","15","15","Sub-category / Product","/shop/whisky/collection/bourbon/ ; /shop/whisky/pappy-van-winkle-15-year-old-family-reserve/ ; /shop/whisky/buffalo-trace-1l-bourbon-whiskey/"
"rye bourbon","Informational, Commercial","Commercial","210","14","secondary + tag","0","10","2","12","Sub-category / Product / Blog","/shop/whisky/collection/rye-whiskey/ ; /shop/whisky/elijah-craig-rye-rye-whiskey/ ; /shop/whisky/high-west-midwinter-nights-dram-rye-whiskey/"
"high west double rye","Informational, Commercial","Commercial","210","8","secondary + tag","0","10","2","12","Sub-category / Product / Blog","/shop/whisky/collection/rye-whiskey/ ; /shop/whisky/elijah-craig-rye-rye-whiskey/ ; /shop/whisky/high-west-midwinter-nights-dram-rye-whiskey/"
"best australian whiskey","Commercial","Commercial","210","10","secondary + tag","0","12","1","13","Sub-category / Product / Blog","/shop/whisky/collection/australian-whisky/ ; /shop/whisky/lark-legacy-rare-cask-series-para-100-vintage/ ; /shop/whisky/dark-lark-2026-australian-whisky/"
"78 australian whiskey","Commercial","Commercial","210","9","tag","0","0","2","2","Sub-category / Blog","/shop/whisky/collection/australian-whisky/ ; /blog/rise-of-australian-single-malt-whisky/"
"litchi vodka","Informational, Commercial","Commercial","210","10","secondary + tag","0","1","9","10","Sub-category / Product","/shop/spirit/collection/polish-vodka/ ; /shop/spirit/belvedere-1l-polish-vodka/ ; /shop/spirit/belvedere-200ml-polish-vodka/"
"grass vodka zubrowka","Informational, Commercial","Commercial","210","13","secondary + tag","0","1","9","10","Sub-category / Product","/shop/spirit/collection/polish-vodka/ ; /shop/spirit/belvedere-1l-polish-vodka/ ; /shop/spirit/belvedere-200ml-polish-vodka/"
"200ml vodka","Informational, Commercial","Commercial","210","9","tag","0","0","2","2","Sub-category / Product","/shop/spirit/collection/polish-vodka/ ; /shop/spirit/belvedere-200ml-polish-vodka/"
"passion vodka","Commercial","Commercial","210","10","tag","0","0","10","10","Sub-category / Product","/shop/spirit/collection/polish-vodka/ ; /shop/spirit/belvedere-1l-polish-vodka/ ; /shop/spirit/belvedere-200ml-polish-vodka/"
"tangle vodka","Commercial","Commercial","210","8","tag","0","0","10","10","Sub-category / Product","/shop/spirit/collection/polish-vodka/ ; /shop/spirit/belvedere-1l-polish-vodka/ ; /shop/spirit/belvedere-200ml-polish-vodka/"
"grey goose vodka bottle","Commercial","Commercial","210","15","secondary + tag","0","14","1","15","Sub-category / Product","/shop/spirit/collection/grey-goose/ ; /shop/spirit/grey-goose-altius-ultra-premium-french-vodka/ ; /shop/spirit/grey-goose-700ml-french-vodka/"
"patron tequila alcohol","Informational, Commercial","Commercial","210","15","secondary + tag","0","11","11","22","Sub-category / Product","/shop/spirit/collection/patron/ ; /shop/spirit/gran-patron-burdeos-extra-anejo-tequila/ ; /shop/spirit/patron-50ml-collection-patron/"
"patron cafe xo","Informational, Commercial","Commercial","210","8","tag","0","0","12","12","Sub-category / Product","/shop/spirit/collection/patron/ ; /shop/spirit/gran-patron-burdeos-extra-anejo-tequila/ ; /shop/spirit/patron-50ml-collection-patron/"
"mini patron bottles","Commercial","Commercial","210","21","tag","0","0","12","12","Sub-category / Product","/shop/spirit/collection/patron/ ; /shop/spirit/gran-patron-burdeos-extra-anejo-tequila/ ; /shop/spirit/patron-50ml-collection-patron/"
"cuervo tequila","Informational, Commercial","Commercial","210","12","secondary + tag","0","4","6","10","Sub-category / Product","/shop/spirit/collection/jose-cuervo/ ; /shop/spirit/jose-cuervo-cristalino-anejo-jose-cuervo/ ; /shop/spirit/jose-cuervo-gold-50ml-jose-cuervo/"
"jose cuervo blue agave","Informational, Commercial","Commercial","210","11","secondary","0","8","0","8","Sub-category / Product","/shop/spirit/collection/jose-cuervo/ ; /shop/spirit/jose-cuervo-cristalino-anejo-jose-cuervo/ ; /shop/spirit/jose-cuervo-gold-50ml-jose-cuervo/"
"baijiu alcohol","Informational, Commercial","Commercial","210","27","secondary + tag","0","7","1","8","Sub-category / Product / Blog","/shop/spirit/collection/baijiu/ ; /shop/spirit/kweichow-moutai-flying-fairy-baijiu-53-percent/ ; /shop/spirit/moutai-by-camus-baijiu/"
"liqueur coffee","Informational, Commercial","Commercial","210","13","secondary + tag","0","7","8","15","Sub-category / Product","/shop/spirit/collection/coffee-liqueur/ ; /shop/spirit/collection/liqueur/ ; /shop/spirit/avion-espresso-tequila/"
"blood orange liqueur","Informational, Commercial","Commercial","210","11","secondary + tag","0","5","7","12","Sub-category / Product","/shop/spirit/collection/orange-liqueur/ ; /shop/spirit/collection/liqueur/ ; /shop/spirit/1800-guachimonton-orange-liqueur/"
"saint germain cafes","Commercial","Commercial","210","18","secondary + tag","0","5","1","6","Sub-category / Product","/shop/spirit/collection/orange-liqueur/ ; /shop/spirit/1800-guachimonton-orange-liqueur/ ; /shop/spirit/cointreau-50ml-orange-liqueur/"
"italian liqueur amaro","Commercial","Commercial","210","14","secondary + tag","0","11","1","12","Sub-category / Product / Blog","/shop/spirit/collection/amaro/ ; /shop/spirit/chartreuse-vep-green-herbal-liqueur/ ; /shop/spirit/amaro-averna/"
"aperol 700ml","Commercial","Commercial","210","10","secondary + tag","0","10","1","11","Sub-category / Product / Blog","/shop/spirit/collection/amaro/ ; /shop/spirit/amaro-averna/ ; /shop/spirit/amaro-lucano/"
"aperol spritz bottled","Commercial","Commercial","210","18","secondary + tag","0","11","1","12","Sub-category / Product / Blog","/shop/spirit/collection/amaro/ ; /shop/spirit/chartreuse-vep-green-herbal-liqueur/ ; /shop/spirit/amaro-averna/"
"aperol spritz in a bottle","Commercial","Commercial","210","15","secondary + tag","0","11","1","12","Sub-category / Product / Blog","/shop/spirit/collection/amaro/ ; /shop/spirit/chartreuse-vep-green-herbal-liqueur/ ; /shop/spirit/amaro-averna/"
"top rated limoncello","Informational, Commercial","Commercial","210","28","secondary","0","9","0","9","Sub-category / Product","/shop/spirit/collection/limoncello/ ; /shop/spirit/24-ice-frozen-cocktails-5pack-limoncello/ ; /shop/spirit/bottega-limoncino-limoncello/"
"best limoncello liqueur","Commercial","Commercial","210","16","secondary","0","9","0","9","Sub-category / Product","/shop/spirit/collection/limoncello/ ; /shop/spirit/24-ice-frozen-cocktails-5pack-limoncello/ ; /shop/spirit/bottega-limoncino-limoncello/"
"luxardo limoncello liqueur","Informational, Commercial","Commercial","210","10","secondary","0","9","0","9","Sub-category / Product","/shop/spirit/collection/limoncello/ ; /shop/spirit/24-ice-frozen-cocktails-5pack-limoncello/ ; /shop/spirit/bottega-limoncino-limoncello/"
"alcohol in sambuca","Informational, Commercial","Commercial","210","14","secondary","0","6","0","6","Sub-category / Product","/shop/spirit/collection/sambuca/ ; /shop/spirit/galliano-authentico-sambuca/ ; /shop/spirit/lucano-sambuca/"
"sambuca white","Informational, Commercial","Commercial","210","9","secondary + tag","0","5","1","6","Sub-category / Product","/shop/spirit/collection/sambuca/ ; /shop/spirit/galliano-authentico-sambuca/ ; /shop/spirit/lucano-sambuca/"
"soju flavour","Commercial","Commercial","210","15","secondary + tag","0","12","1","13","Sub-category / Product / Blog","/shop/other/collection/soju/ ; /shop/other/ilpoom-jinro-1924-heritage-premium-soju/ ; /shop/other/charm-malgeun-kiwiberry-soju/"
"soju flavors","Commercial","Commercial","210","22","secondary + tag","0","12","1","13","Sub-category / Product / Blog","/shop/other/collection/soju/ ; /shop/other/ilpoom-jinro-1924-heritage-premium-soju/ ; /shop/other/charm-malgeun-kiwiberry-soju/"
"rose prosecco","Commercial","Commercial","210","16","secondary + tag","0","13","3","16","Sub-category / Product / Blog","/shop/beer-premix-wine/collection/rose-wine/ ; /shop/beer-premix-wine/collection/prosecco/ ; /shop/beer-premix-wine/batch-co-bondi-spritz-24pack-cans-rose-wine/"
"energy drink australia","Informational, Commercial","Commercial","210","22","tag","0","0","12","12","Sub-category / Product","/shop/other/collection/mixers-water-condiments/ ; /shop/other/san-pel-plastic-1l-mixers-water-condiments/ ; /shop/other/san-pellegrino-500ml-plastic-mixers-water-condiments/"
"original monster energy","Informational, Commercial","Commercial","210","27","tag","0","0","12","12","Sub-category / Product","/shop/other/collection/mixers-water-condiments/ ; /shop/other/san-pel-plastic-1l-mixers-water-condiments/ ; /shop/other/san-pellegrino-500ml-plastic-mixers-water-condiments/"
"energy shot drinks","Informational, Commercial","Commercial","210","26","secondary + tag","0","1","9","10","Sub-category / Product","/shop/other/collection/mixers-water-condiments/ ; /shop/other/san-pel-plastic-1l-mixers-water-condiments/ ; /shop/other/san-pellegrino-500ml-plastic-mixers-water-condiments/"
"energy drinks sugar free","Informational, Commercial","Commercial","210","18","secondary + tag","0","1","8","9","Sub-category / Product","/shop/other/collection/mixers-water-condiments/ ; /shop/other/san-pel-plastic-1l-mixers-water-condiments/ ; /shop/other/san-pellegrino-500ml-plastic-mixers-water-condiments/"
"caffeine free energy drink","Commercial","Commercial","210","18","tag","0","0","9","9","Sub-category / Product","/shop/other/collection/mixers-water-condiments/ ; /shop/other/san-pel-plastic-1l-mixers-water-condiments/ ; /shop/other/san-pellegrino-500ml-plastic-mixers-water-condiments/"
"monster energy pink","Informational, Commercial","Commercial","210","17","tag","0","0","9","9","Sub-category / Product","/shop/other/collection/mixers-water-condiments/ ; /shop/other/san-pel-plastic-1l-mixers-water-condiments/ ; /shop/other/san-pellegrino-500ml-plastic-mixers-water-condiments/"
"miniature champagne","Commercial","Commercial","210","11","secondary","0","7","0","7","Sub-category / Product","/shop/beer-premix-wine/collection/champagne/ ; /shop/beer-premix-wine/krug-grande-cuvee-brut-m-v-half-bottle-champagne/ ; /shop/beer-premix-wine/laurent-perrier-la-cuvee-brut-champagne-nv/"
"caramel liqueur","Informational, Commercial","Commercial","210","10","secondary + tag","0","5","1","6","Sub-category / Product","/shop/spirit/collection/liqueur/ ; /shop/spirit/sour-puss-apple-blended-liqueur/ ; /shop/spirit/sour-puss-sour-peach-blended-liqueur/"
"sauvignon blanc for cooking","Informational, Commercial","Commercial","210","19","secondary + tag","0","6","1","7","Sub-category / Product / Blog","/shop/beer-premix-wine/collection/sauvignon-blanc/ ; /shop/beer-premix-wine/gentleman-s-duel-south-australian-sauvignon-blanc/ ; /shop/beer-premix-wine/alexander-hill-premium-selection-sauvignon-blanc-big-rivers-riverina/"
"sauvignon blanc wine price","Commercial","Commercial","210","10","secondary + tag","0","6","1","7","Sub-category / Product / Blog","/shop/beer-premix-wine/collection/sauvignon-blanc/ ; /shop/beer-premix-wine/gentleman-s-duel-south-australian-sauvignon-blanc/ ; /shop/beer-premix-wine/alexander-hill-premium-selection-sauvignon-blanc-big-rivers-riverina/"
"wine cabernet sauvignon","Informational, Commercial","Commercial","210","17","secondary + tag","0","12","2","14","Sub-category / Product / Blog","/shop/beer-premix-wine/collection/sauvignon-blanc/ ; /shop/beer-premix-wine/collection/cabernet-sauvignon/ ; /shop/beer-premix-wine/gentleman-s-duel-south-australian-sauvignon-blanc/"
"best low carb beers","Commercial","Commercial","210","21","tag","0","0","2","2","Sub-category / Product","/shop/beer-premix-wine/collection/low-carb-beer/ ; /shop/beer-premix-wine/pure-blonde-ultra-low-carb-lager-case-4-x-6-pack-bottles/"
"yamazaki malt whiskey","Commercial","Commercial","210","10","tag","0","0","5","5","Product","/shop/whisky/yamazaki-18-year-old-single-malt-japanese-whisky/ ; /shop/whisky/nikka-barrel-2-1080x-1-japanese-whisky/ ; /shop/whisky/nikka-coffey-grain-gb-japanese-whisky/"
"johnnie walker blue label cost","Informational, Commercial","Commercial","210","9","tag","0","0","2","2","Product","/shop/whisky/johnnie-walker-king-george-v-rare-edition/ ; /shop/whisky/johnnie-walker-black-50ml-scotch-whisky/"
"johnnie walker red label cost","Informational, Commercial","Commercial","210","8","tag","0","0","2","2","Product","/shop/whisky/johnnie-walker-king-george-v-rare-edition/ ; /shop/whisky/johnnie-walker-black-50ml-scotch-whisky/"
"price johnnie walker green label scotch","Commercial","Commercial","210","12","tag","0","0","2","2","Product","/shop/whisky/johnnie-walker-king-george-v-rare-edition/ ; /shop/whisky/johnnie-walker-black-50ml-scotch-whisky/"
"johnnie.walker red","Commercial","Commercial","210","13","tag","0","0","2","2","Product","/shop/whisky/johnnie-walker-king-george-v-rare-edition/ ; /shop/whisky/johnnie-walker-black-50ml-scotch-whisky/"
"best johnnie walker","Commercial","Commercial","210","23","tag","0","0","2","2","Product","/shop/whisky/johnnie-walker-king-george-v-rare-edition/ ; /shop/whisky/johnnie-walker-black-50ml-scotch-whisky/"
"jack daniels 700 ml","Commercial","Commercial","210","8","secondary","0","1","0","1","Product","/shop/whisky/jack-daniels-barrel-proof-rye-rye-whiskey/"
"jack daniels cost","Informational, Commercial","Commercial","210","13","secondary","0","4","0","4","Product","/shop/whisky/jack-daniels-barrel-proof-rye-rye-whiskey/ ; /shop/other/jack-daniels-honey-bbq-sauce-mixers-water-condiments/ ; /shop/other/jack-daniels-original-bbq-sauce/"
"vodka drink price","Commercial","Commercial","210","10","tag","0","0","9","9","Product","/shop/spirit/belenkaya-vodka/ ; /shop/spirit/beluga-gold-leather-russian-vodka/ ; /shop/spirit/kalashnikov-100ml-russian-vodka/"
"vodka drinks price","Commercial","Commercial","210","10","tag","0","0","4","4","Product","/shop/spirit/belenkaya-vodka/ ; /shop/spirit/beluga-gold-leather-russian-vodka/ ; /shop/spirit/kalashnikov-100ml-russian-vodka/"
"trivoski vodka","Commercial","Commercial","210","9","tag","0","0","1","1","Product","/shop/spirit/kalashnikov-100ml-russian-vodka/"
"smirnoff vodka double black","Informational, Commercial","Commercial","210","10","secondary + tag","0","5","4","9","Product","/shop/spirit/kalashnikov-100ml-russian-vodka/ ; /shop/spirit/smirnoff-50ml-russian-vodka/ ; /shop/spirit/smirnoff-blue-1l-russian-vodka/"
"budget vodka","Commercial","Commercial","210","26","tag","0","0","1","1","Product","/shop/spirit/kalashnikov-100ml-russian-vodka/"
"smirnoff double","Commercial","Commercial","210","10","secondary + tag","0","6","2","8","Product","/shop/spirit/smirnoff-50ml-russian-vodka/ ; /shop/spirit/smirnoff-blue-1l-russian-vodka/ ; /shop/spirit/smirnoff-blue-500ml-russian-vodka/"
"smirnoff bottle","Informational, Commercial","Commercial","210","11","secondary + tag","0","5","3","8","Product","/shop/spirit/smirnoff-50ml-russian-vodka/ ; /shop/spirit/smirnoff-blue-1l-russian-vodka/ ; /shop/spirit/smirnoff-blue-500ml-russian-vodka/"
"double smirnoff","Commercial","Commercial","210","11","secondary + tag","0","5","3","8","Product","/shop/spirit/smirnoff-50ml-russian-vodka/ ; /shop/spirit/smirnoff-blue-1l-russian-vodka/ ; /shop/spirit/smirnoff-blue-500ml-russian-vodka/"
"smirnoff can","Informational, Commercial","Commercial","210","11","secondary + tag","0","3","5","8","Product","/shop/spirit/smirnoff-50ml-russian-vodka/ ; /shop/spirit/smirnoff-blue-1l-russian-vodka/ ; /shop/spirit/smirnoff-blue-500ml-russian-vodka/"
"tequila drink price","Commercial","Commercial","210","16","tag","0","0","5","5","Product","/shop/spirit/cabo-wabo-anejo-gold-tequila/ ; /shop/spirit/clase-azul-day-of-dead-gold-tequila/ ; /shop/spirit/herradurra-anejo-gold-tequila/"
"john walker gold price","Commercial","Commercial","210","15","tag","0","0","5","5","Product","/shop/spirit/cabo-wabo-anejo-gold-tequila/ ; /shop/spirit/clase-azul-day-of-dead-gold-tequila/ ; /shop/spirit/herradurra-anejo-gold-tequila/"
"captain morgan can","Informational, Commercial","Commercial","210","11","secondary","0","4","0","4","Product","/shop/spirit/captain-morgan-1l-spiced-rum/ ; /shop/spirit/captain-morgan-spiced-rum/ ; /shop/spirit/captain-morgan-spiced-rum-200ml/"
"kraken rum spiced","Commercial","Commercial","210","24","tag","0","0","5","5","Product","/shop/spirit/kraken-50ml-spiced-rum/ ; /shop/spirit/kraken-94-proof-spiced-rum/ ; /shop/spirit/kraken-black-cherry-vanilla-spiced-rum/"
"martell xo cognac","Commercial","Commercial","210","13","secondary","0","5","0","5","Product","/shop/spirit/martell-blue-swift-cognac-brandy/ ; /shop/spirit/martell-chanteloup-xxo-cognac-brandy/ ; /shop/spirit/martell-cordon-bleu-cognac-brandy/"
"hennessy xo cognac 700ml","Commercial","Commercial","210","8","secondary","0","3","0","3","Product","/shop/spirit/hennessy-master-blender-no5-cognac-brandy/ ; /shop/spirit/hennessy-vsop-cognac-brandy/ ; /shop/spirit/hennessy-xo-cognac-brandy/"
"hennessy vs cognac 700ml","Commercial","Commercial","210","6","secondary","0","3","0","3","Product","/shop/spirit/hennessy-master-blender-no5-cognac-brandy/ ; /shop/spirit/hennessy-vsop-cognac-brandy/ ; /shop/spirit/hennessy-xo-cognac-brandy/"
"cognac xo remy martin","Commercial","Commercial","210","17","secondary","0","2","0","2","Product","/shop/spirit/remy-martin-club-exception-cognac-brandy/ ; /shop/spirit/remy-martin-vsop-50ml-cognac-brandy/"
"baileys irish cream bottle","Informational, Commercial","Commercial","210","14","secondary + tag","0","9","2","11","Product","/shop/spirit/baileys-1l-baileys-irish-cream/ ; /shop/spirit/baileys-700-baileys-irish-cream/ ; /shop/spirit/baileys-apple-pie-baileys-irish-cream/"
"cream baileys","Commercial","Commercial","210","22","secondary + tag","0","8","3","11","Product","/shop/spirit/baileys-1l-baileys-irish-cream/ ; /shop/spirit/baileys-700-baileys-irish-cream/ ; /shop/spirit/baileys-apple-pie-baileys-irish-cream/"
"1 litre baileys","Commercial","Commercial","210","16","tag","0","0","1","1","Product","/shop/spirit/baileys-1l-baileys-irish-cream/"
"baileys bottle","Commercial","Commercial","210","13","secondary + tag","0","1","10","11","Product","/shop/spirit/baileys-1l-baileys-irish-cream/ ; /shop/spirit/baileys-700-baileys-irish-cream/ ; /shop/spirit/baileys-apple-pie-baileys-irish-cream/"
"baileys original irish cream","Commercial","Commercial","210","26","tag","0","0","9","9","Product","/shop/spirit/baileys-700-baileys-irish-cream/ ; /shop/spirit/baileys-apple-pie-baileys-irish-cream/ ; /shop/spirit/baileys-cinnamon-scroll-baileys-irish-cream/"
"baileys original irish cream liqueur","Commercial","Commercial","210","22","tag","0","0","9","9","Product","/shop/spirit/baileys-700-baileys-irish-cream/ ; /shop/spirit/baileys-apple-pie-baileys-irish-cream/ ; /shop/spirit/baileys-cinnamon-scroll-baileys-irish-cream/"
"baileys irish cream flavors","Commercial","Commercial","210","28","tag","0","0","2","2","Product","/shop/spirit/maverick-cowboy-butterscotch-1750ml-baileys-irish-cream/ ; /shop/spirit/maverick-cowboy-butterscotch-750ml-baileys-irish-cream/"
"baileys strawberry","Informational, Commercial","Commercial","210","17","tag","0","0","2","2","Product","/shop/spirit/maverick-cowboy-butterscotch-1750ml-baileys-irish-cream/ ; /shop/spirit/maverick-cowboy-butterscotch-750ml-baileys-irish-cream/"
"alcoholic cream soda","Informational, Commercial","Commercial","210","12","tag","0","0","2","2","Product","/shop/spirit/maverick-cowboy-butterscotch-1750ml-baileys-irish-cream/ ; /shop/spirit/maverick-cowboy-butterscotch-750ml-baileys-irish-cream/"
"galliano amaretto liqueur","Commercial","Commercial","210","8","secondary","0","1","0","1","Product","/shop/spirit/galliano-authentico-sambuca/"
"can ginger beer","Commercial","Commercial","210","15","secondary","0","1","0","1","Product","/shop/beer-premix-wine/ginger-kid-ginger-beer/"
"ginger beer alcohol","Commercial","Commercial","210","20","secondary","0","1","0","1","Product","/shop/beer-premix-wine/ginger-kid-ginger-beer/"
"sparkling sweet","Commercial","Commercial","210","12","tag","0","0","1","1","Product","/shop/beer-premix-wine/gh-mumm-corodn-rouge-brut-sparkling-wine/"
"pinot sparkling wine","Informational, Commercial","Commercial","210","8","tag","0","0","1","1","Product","/shop/beer-premix-wine/gh-mumm-corodn-rouge-brut-sparkling-wine/"
"balvenie double","Commercial","Commercial","210","12","tag","0","0","3","3","Product","/shop/whisky/balvenie-12-year-old-golden-cask-rum-cask-finish-single-malt-scotch-whisky/ ; /shop/whisky/balvenie-16-year-old-french-oak-pineau-cask-single-malt-scotch-whisky/ ; /shop/whisky/balvenie-25-year-old-rare-marriages-single-malt-scotch-whisky/"
"jim beam white label 700ml","Commercial","Commercial","210","9","secondary","0","1","0","1","Product","/shop/whisky/jim-beam-white-label-kentucky-bourbon-whiskey/"
"jim beam white bourbon","Informational, Commercial","Commercial","210","8","secondary","0","3","0","3","Product","/shop/whisky/jim-beam-white-label-kentucky-bourbon-whiskey/ ; /shop/whisky/jim-beam-white-label-40-kentucky-straight-bourbon-whiskey/ ; /shop/whisky/jim-beam-8-year-old-pin-bottle-235th-anniversary-2025-limited-edition-kentucky-straight-bourbon-whiskey/"
"1l jim beam","Commercial","Commercial","210","10","secondary","0","1","0","1","Product","/shop/whisky/jim-beam-white-label-40-kentucky-straight-bourbon-whiskey/"
"vodka cruiser can","Informational, Commercial","Commercial","210","10","secondary","0","1","0","1","Product","/shop/beer-premix-wine/vodka-cruiser-sugar-free-mixed-berry-6-x-4-pack-bottles/"
"prosecco de bortoli","Commercial","Commercial","210","11","secondary + tag","0","1","1","2","Product / Blog","/shop/beer-premix-wine/de-bortoli-king-valley-prosecco/ ; /blog/prosecco-guide-aperol-spritz-rose-mimosa/"
"low calorie australian beer","Commercial","Commercial","210","11","tag","0","0","1","1","Product","/shop/beer-premix-wine/pure-blonde-ultra-low-carb-lager-case-4-x-6-pack-bottles/"
"rittenhouse rye","Informational","Informational","210","19","secondary","0","1","0","1","Blog","/blog/beginners-guide-to-rye-whiskey/"
"rye whisky","Informational","Informational","210","15","secondary","0","1","0","1","Blog","/blog/beginners-guide-to-rye-whiskey/"
"johnnie walker high rye","Commercial","Commercial","210","11","tag","0","0","1","1","Blog","/blog/beginners-guide-to-rye-whiskey/"
"beverages in japanese","Informational","Informational","210","25","secondary","0","1","0","1","Blog","/blog/why-japanese-whisky-became-a-global-obsession/"
"black nikka whisky","Informational","Informational","210","9","secondary","0","1","0","1","Blog","/blog/why-japanese-whisky-became-a-global-obsession/"
"peach suntory","Informational","Informational","210","7","secondary","0","1","0","1","Blog","/blog/why-japanese-whisky-became-a-global-obsession/"
"japanese lemonade alcohol","Informational","Informational","210","28","secondary","0","1","0","1","Blog","/blog/why-japanese-whisky-became-a-global-obsession/"
"dark lark whisky","Informational","Informational","210","11","secondary","0","1","0","1","Blog","/blog/rise-of-australian-single-malt-whisky/"
"lark asx","Informational","Informational","210","27","secondary","0","1","0","1","Blog","/blog/rise-of-australian-single-malt-whisky/"
"lark automobile","Informational","Informational","210","23","secondary","0","1","0","1","Blog","/blog/rise-of-australian-single-malt-whisky/"
"lark car","Informational","Informational","210","26","secondary","0","1","0","1","Blog","/blog/rise-of-australian-single-malt-whisky/"
"nant whiskey tasmania","Informational","Informational","210","10","secondary","0","1","0","1","Blog","/blog/rise-of-australian-single-malt-whisky/"
"china spirit","Informational","Informational","210","21","secondary","0","1","0","1","Blog","/blog/what-is-baijiu/"
"amaro alcohol","Informational","Informational","210","18","secondary","0","1","0","1","Blog","/blog/amaro-101-italy-bittersweet-tradition/"
"amaro italy","Informational","Informational","210","24","secondary","0","1","0","1","Blog","/blog/amaro-101-italy-bittersweet-tradition/"
"italian amaro","Informational","Informational","210","28","secondary","0","1","0","1","Blog","/blog/amaro-101-italy-bittersweet-tradition/"
"amaro italian drink","Informational","Informational","210","22","secondary","0","1","0","1","Blog","/blog/amaro-101-italy-bittersweet-tradition/"
"amaro in italian","Informational","Informational","210","28","secondary","0","1","0","1","Blog","/blog/amaro-101-italy-bittersweet-tradition/"
"del capo amaro","Informational","Informational","210","9","secondary","0","1","0","1","Blog","/blog/amaro-101-italy-bittersweet-tradition/"
"soju percentage","Informational","Informational","210","25","secondary","0","1","0","1","Blog","/blog/soju-explained-koreas-spirit/"
"soju alcohol percent","Informational","Informational","210","21","secondary","0","1","0","1","Blog","/blog/soju-explained-koreas-spirit/"
"balter black lager","Informational","Informational","210","16","secondary","0","1","0","1","Blog","/blog/lager-vs-imported-beer-buyers-guide/"
"rice lager","Informational","Informational","210","9","secondary","0","1","0","1","Blog","/blog/lager-vs-imported-beer-buyers-guide/"
"pils or lager","Informational","Informational","210","21","secondary","0","1","0","1","Blog","/blog/lager-vs-imported-beer-buyers-guide/"
"what is lager","Informational","Informational","210","28","secondary","0","1","0","1","Blog","/blog/lager-vs-imported-beer-buyers-guide/"
"hawkes lager","Informational","Informational","210","17","secondary","0","1","0","1","Blog","/blog/lager-vs-imported-beer-buyers-guide/"
"lager dark","Informational, Commercial","Commercial","210","9","tag","0","0","1","1","Blog","/blog/lager-vs-imported-beer-buyers-guide/"
"ale vs lager","Informational, Commercial","Commercial","210","22","tag","0","0","1","1","Blog","/blog/lager-vs-imported-beer-buyers-guide/"
"low carb lager","Informational, Commercial","Commercial","210","13","tag","0","0","1","1","Blog","/blog/lager-vs-imported-beer-buyers-guide/"
"low carb lager beer","Informational, Commercial","Commercial","210","10","tag","0","0","1","1","Blog","/blog/lager-vs-imported-beer-buyers-guide/"
"zero carb lager","Commercial","Commercial","210","12","tag","0","0","1","1","Blog","/blog/lager-vs-imported-beer-buyers-guide/"
"apple cider non alcoholic","Informational","Informational","210","7","secondary","0","1","0","1","Blog","/blog/why-non-alcoholic-beer-is-booming/"
"mocktail recipe non alcoholic","Informational","Informational","210","28","secondary","0","1","0","1","Blog","/blog/why-non-alcoholic-beer-is-booming/"
"non alcoholic spritz","Informational","Informational","210","16","secondary","0","1","0","1","Blog","/blog/why-non-alcoholic-beer-is-booming/"
"chardonnay vinegar","Informational","Informational","210","7","secondary","0","1","0","1","Blog","/blog/white-wine-styles-explained/"
"sweetness of white wine","Informational","Informational","210","9","secondary","0","1","0","1","Blog","/blog/white-wine-styles-explained/"
"low alcohol sauvignon blanc","Informational","Informational","210","9","secondary","0","2","0","2","Blog","/blog/white-wine-styles-explained/ ; /blog/sauvignon-blanc-guide-low-alcohol-cooking-pairing/"
"premium sparkling wine","Informational","Informational","210","19","secondary","0","2","0","2","Blog","/blog/everything-about-rose-wine/ ; /blog/champagne-vs-sparkling-wine-vs-port/"
"is sparkling wine champagne","Informational","Informational","210","13","secondary","0","3","0","3","Blog","/blog/everything-about-rose-wine/ ; /blog/champagne-vs-sparkling-wine-vs-port/ ; /blog/champagne-rose-brut-guide-veuve-clicquot-krug/"
"pinot noir sparkling wine","Informational","Informational","210","7","secondary","0","2","0","2","Blog","/blog/everything-about-rose-wine/ ; /blog/champagne-vs-sparkling-wine-vs-port/"
"oyster bay rose wine","Commercial","Commercial","210","10","tag","0","0","1","1","Blog","/blog/everything-about-rose-wine/"
"low alcohol champagne","Informational","Informational","210","9","secondary","0","2","0","2","Blog","/blog/champagne-vs-sparkling-wine-vs-port/ ; /blog/champagne-rose-brut-guide-veuve-clicquot-krug/"
"premix king ararat","Informational","Informational","210","11","secondary","0","1","0","1","Blog","/blog/ready-to-drink-premix-trend/"
"premix king ocean grove","Informational","Informational","210","7","secondary","0","1","0","1","Blog","/blog/ready-to-drink-premix-trend/"
"premix king leopold","Informational","Informational","210","7","secondary","0","1","0","1","Blog","/blog/ready-to-drink-premix-trend/"
"premix king lakes entrance","Informational","Informational","210","23","secondary","0","1","0","1","Blog","/blog/ready-to-drink-premix-trend/"
"premix king kingswood park","Informational","Informational","210","16","secondary","0","1","0","1","Blog","/blog/ready-to-drink-premix-trend/"
"zero sugar snacks","Informational","Informational","210","18","secondary","0","1","0","1","Blog","/blog/rise-of-zero-sugar-seltzers/"
"zero sugar beverages","Informational, Commercial","Commercial","210","15","tag","0","0","1","1","Blog","/blog/rise-of-zero-sugar-seltzers/"
"zero sugar coke","Informational, Commercial","Commercial","210","23","tag","0","0","1","1","Blog","/blog/rise-of-zero-sugar-seltzers/"
"zero sugar chocolate","Commercial","Commercial","210","17","tag","0","0","1","1","Blog","/blog/rise-of-zero-sugar-seltzers/"
"zero sugar lollies","Commercial","Commercial","210","11","tag","0","0","1","1","Blog","/blog/rise-of-zero-sugar-seltzers/"
"powerade zero sugar","Informational, Commercial","Commercial","210","21","tag","0","0","1","1","Blog","/blog/rise-of-zero-sugar-seltzers/"
"prosecco cans","Commercial","Commercial","210","8","tag","0","0","1","1","Blog","/blog/prosecco-guide-aperol-spritz-rose-mimosa/"
"is cinzano vermouth","Informational","Informational","210","9","secondary","0","1","0","1","Blog","/blog/what-is-vermouth-sweet-dry-cocktails/"
"vermouth dolin dry","Informational, Commercial","Commercial","210","13","tag","0","0","1","1","Blog","/blog/what-is-vermouth-sweet-dry-cocktails/"
"pink gin soda","Informational, Commercial","Commercial","210","8","tag","0","0","1","1","Blog","/blog/pink-gin-and-soda-what-is-pink-gin/"
"gordons pink gin and soda","Commercial","Commercial","210","9","tag","0","0","1","1","Blog","/blog/pink-gin-and-soda-what-is-pink-gin/"
"wine grenache","Informational, Commercial","Commercial","210","11","tag","0","0","1","1","Blog","/blog/cabernet-sauvignon-merlot-grenache-red-wine-grapes/"
"india pale ale beers","Commercial","Commercial","210","14","tag","0","0","1","1","Blog","/blog/what-is-ipa-beer-india-pale-ale-explained/"
"beer with ipa","Commercial","Commercial","210","16","tag","0","0","1","1","Blog","/blog/what-is-ipa-beer-india-pale-ale-explained/"
"german weiss beer","Informational","Informational","210","13","secondary","0","1","0","1","Blog","/blog/german-beer-guide-german-wheat-weissbier-pilsner/"
"german weissbier","Informational","Informational","210","19","secondary","0","1","0","1","Blog","/blog/german-beer-guide-german-wheat-weissbier-pilsner/"
"whats pilsner beer","Informational, Commercial","Commercial","210","18","tag","0","0","1","1","Blog","/blog/german-beer-guide-german-wheat-weissbier-pilsner/"
"irish honey whiskey","Informational","Informational","210","19","secondary","0","1","0","1","Blog","/blog/irish-whiskey-guide-bushmills-redbreast-how-its-made/"
"irish whiskey blended","Informational, Commercial","Commercial","210","10","tag","0","0","1","1","Blog","/blog/irish-whiskey-guide-bushmills-redbreast-how-its-made/"
"irish whiskey blends","Informational, Commercial","Commercial","210","14","tag","0","0","1","1","Blog","/blog/irish-whiskey-guide-bushmills-redbreast-how-its-made/"
"finest irish whiskey","Commercial","Commercial","210","16","tag","0","0","1","1","Blog","/blog/irish-whiskey-guide-bushmills-redbreast-how-its-made/"
"buy soju","Transactional","Transactional","170","17","primary","1","0","0","1","Category","/shop/other/"
"wild turkey bourbon australia","Navigational, Commercial","Commercial","170","15","primary + secondary + tag","1","2","13","16","Sub-category / Product","/shop/whisky/collection/bourbon/ ; /shop/whisky/pappy-van-winkle-15-year-old-family-reserve/ ; /shop/whisky/buffalo-trace-1l-bourbon-whiskey/"
"belvedere vodka price","Transactional","Transactional","170","9","primary","1","0","0","1","Sub-category","/shop/spirit/collection/belvedere/"
"patron xo coffee tequila","Informational, Commercial","Commercial","170","14","primary + secondary + tag","1","9","7","17","Sub-category / Product","/shop/spirit/collection/patron/ ; /shop/spirit/gran-patron-burdeos-extra-anejo-tequila/ ; /shop/spirit/patron-50ml-collection-patron/"
"opal nera black sambuca","Commercial","Commercial","170","6","primary + secondary + tag","1","4","1","6","Sub-category / Product","/shop/spirit/collection/sambuca/ ; /shop/spirit/galliano-authentico-sambuca/ ; /shop/spirit/lucano-sambuca/"
"buy australian beer online","Transactional","Transactional","170","15","primary","1","0","0","1","Sub-category","/shop/beer-premix-wine/collection/imported-beer/"
"champagne for sale","Transactional","Transactional","170","19","primary","1","0","0","1","Sub-category","/shop/beer-premix-wine/collection/champagne/"
"glenfiddich 30","Commercial","Commercial","170","15","primary","1","0","0","1","Product","/shop/whisky/glenfiddich-30-year-old-suspended-time/"
"gray goose price","Transactional","Transactional","170","10","primary","1","0","0","1","Product","/shop/spirit/grey-goose-la-collection-grey-goose/"
"gray goose bottle","Informational, Transactional","Transactional","170","26","primary","1","0","0","1","Product","/shop/spirit/grey-goose-la-vanille-grey-goose/"
"patron alcohol price","Transactional","Transactional","170","9","primary","1","0","0","1","Product","/shop/spirit/patron-50ml-collection-patron/"
"xo patron","Informational","Informational","170","12","primary","1","0","0","1","Product","/shop/spirit/patron-xo-cafe-50ml-patron/"
"don julio tequila cost","Informational, Transactional","Transactional","170","7","primary","1","0","0","1","Product","/shop/spirit/don-julio-peggy-gou-don-julio/"
"tequila jose","Informational, Transactional","Transactional","170","16","primary","1","0","0","1","Product","/shop/spirit/jose-familia-reserva-anejo-2023-jose-cuervo/"
"pinot def","Informational","Informational","170","21","primary","1","0","0","1","Product","/shop/spirit/def-leppard-animal-gin/"
"baileys cream","Informational, Transactional","Transactional","170","28","primary","1","0","0","1","Product","/shop/spirit/baileys-strawberry-cream/"
"cointreau orange","Informational","Informational","170","15","primary","1","0","0","1","Product","/shop/spirit/cointreau-50ml-orange-liqueur/"
"jagermeister alcohol price","Transactional","Transactional","170","9","primary","1","0","0","1","Product","/shop/spirit/jagermeister-orange-orange-liqueur/"
"amaro lucano","Informational","Informational","170","11","primary","1","0","0","1","Product","/shop/spirit/amaro-lucano/"
"beer modelo especial","Informational, Commercial","Commercial","170","13","primary + secondary","1","1","0","2","Product","/shop/beer-premix-wine/modelo-especial-lager/ ; /shop/beer-premix-wine/modelo-especial-imported-beer/"
"brut sparkling wine","Informational, Commercial","Commercial","170","9","primary","1","0","0","1","Product","/shop/beer-premix-wine/gh-mumm-corodn-rouge-brut-sparkling-wine/"
"premix vodka","Commercial","Commercial","170","11","primary + secondary","1","7","0","8","Product","/shop/beer-premix-wine/24-ice-frozen-cocktails-5pack-vodka-premix/ ; /shop/beer-premix-wine/24-ice-gin-tonic/ ; /shop/beer-premix-wine/24-ice-limoncello/"
"baileys irish liquor","Informational, Transactional","Transactional","170","19","primary","1","0","0","1","Product","/shop/spirit/baileys-australian-river-mint-and-chocolate-limited-edition-irish-cream-liqueur/"
"champagne rose","Informational","Informational","170","11","primary + secondary","1","2","0","2","Blog","/blog/champagne-vs-sparkling-wine-vs-port/ ; /blog/champagne-rose-brut-guide-veuve-clicquot-krug/"
"vodka online","Commercial","Commercial","170","6","tag","0","0","1","1","Page","/shipping/"
"aperol gift pack","Informational, Commercial","Commercial","170","10","secondary + tag","0","10","3","13","Page / Sub-category / Product / Blog","/contact/ ; /shop/spirit/collection/amaro/ ; /shop/spirit/chartreuse-vep-green-herbal-liqueur/"
"baileys irish cream gift set","Commercial","Commercial","170","8","tag","0","0","3","3","Page / Product","/contact/ ; /shop/spirit/maverick-cowboy-butterscotch-1750ml-baileys-irish-cream/ ; /shop/spirit/maverick-cowboy-butterscotch-750ml-baileys-irish-cream/"
"gin gift","Commercial","Commercial","170","9","tag","0","0","1","1","Page","/contact/"
"american bourbon whiskey","Commercial","Commercial","170","9","tag","0","0","15","15","Sub-category / Product","/shop/whisky/collection/bourbon/ ; /shop/whisky/pappy-van-winkle-15-year-old-family-reserve/ ; /shop/whisky/buffalo-trace-1l-bourbon-whiskey/"
"bourbon alcohol","Commercial","Commercial","170","14","tag","0","0","15","15","Sub-category / Product","/shop/whisky/collection/bourbon/ ; /shop/whisky/pappy-van-winkle-15-year-old-family-reserve/ ; /shop/whisky/buffalo-trace-1l-bourbon-whiskey/"
"whisky bourbon jack daniels","Informational, Commercial","Commercial","170","17","tag","0","0","15","15","Sub-category / Product","/shop/whisky/collection/bourbon/ ; /shop/whisky/pappy-van-winkle-15-year-old-family-reserve/ ; /shop/whisky/buffalo-trace-1l-bourbon-whiskey/"
"rye whiskeys","Commercial","Commercial","170","19","secondary + tag","0","10","2","12","Sub-category / Product / Blog","/shop/whisky/collection/rye-whiskey/ ; /shop/whisky/elijah-craig-rye-rye-whiskey/ ; /shop/whisky/high-west-midwinter-nights-dram-rye-whiskey/"
"the gospel straight rye whiskey","Commercial","Commercial","170","8","secondary + tag","0","10","2","12","Sub-category / Product / Blog","/shop/whisky/collection/rye-whiskey/ ; /shop/whisky/elijah-craig-rye-rye-whiskey/ ; /shop/whisky/high-west-midwinter-nights-dram-rye-whiskey/"
"canadian rye whiskey","Commercial","Commercial","170","18","secondary + tag","0","10","2","12","Sub-category / Product / Blog","/shop/whisky/collection/rye-whiskey/ ; /shop/whisky/elijah-craig-rye-rye-whiskey/ ; /shop/whisky/high-west-midwinter-nights-dram-rye-whiskey/"
"australian single malt","Informational, Commercial","Commercial","170","16","secondary + tag","0","11","2","13","Sub-category / Product / Blog","/shop/whisky/collection/australian-whisky/ ; /shop/whisky/lark-legacy-rare-cask-series-para-100-vintage/ ; /shop/whisky/dark-lark-2026-australian-whisky/"
"100 vodka proof","Informational, Commercial","Commercial","170","15","tag","0","0","1","1","Sub-category","/shop/spirit/collection/polish-vodka/"
"grey goose 1 liter","Informational, Commercial","Commercial","170","17","secondary + tag","0","1","1","2","Sub-category / Product","/shop/spirit/collection/grey-goose/ ; /shop/spirit/grey-goose-1l-grey-goose/"
"grey goose one litre","Commercial","Commercial","170","17","secondary + tag","0","10","2","12","Sub-category / Product","/shop/spirit/collection/grey-goose/ ; /shop/spirit/grey-goose-altius-ultra-premium-french-vodka/ ; /shop/spirit/grey-goose-1l-grey-goose/"
"bottle of gray goose","Commercial","Commercial","170","9","secondary + tag","0","10","2","12","Sub-category / Product","/shop/spirit/collection/grey-goose/ ; /shop/spirit/grey-goose-altius-ultra-premium-french-vodka/ ; /shop/spirit/grey-goose-1l-grey-goose/"
"grey goose vodka 200ml","Commercial","Commercial","170","10","tag","0","0","1","1","Sub-category","/shop/spirit/collection/grey-goose/"
"grey grouse whiskey","Informational, Commercial","Commercial","170","15","secondary + tag","0","2","10","12","Sub-category / Product","/shop/spirit/collection/grey-goose/ ; /shop/spirit/grey-goose-altius-ultra-premium-french-vodka/ ; /shop/spirit/grey-goose-1l-grey-goose/"
"giant grey goose bottle","Commercial","Commercial","170","25","secondary + tag","0","1","11","12","Sub-category / Product","/shop/spirit/collection/grey-goose/ ; /shop/spirit/grey-goose-altius-ultra-premium-french-vodka/ ; /shop/spirit/grey-goose-1l-grey-goose/"
"belvedere organic vodka","Informational, Commercial","Commercial","170","16","secondary","0","8","0","8","Sub-category / Product","/shop/spirit/collection/belvedere/ ; /shop/spirit/belvedere-1l-belvedere/ ; /shop/spirit/belvedere-200ml-belvedere/"
"belvedere rd","Commercial","Commercial","170","20","secondary","0","8","0","8","Sub-category / Product","/shop/spirit/collection/belvedere/ ; /shop/spirit/belvedere-1l-belvedere/ ; /shop/spirit/belvedere-200ml-belvedere/"
"400 conejos mezcal","Informational, Commercial","Commercial","170","14","secondary + tag","0","1","1","2","Sub-category / Blog","/shop/spirit/collection/mezcal/ ; /blog/mezcal-vs-tequila-difference/"
"patron cost","Informational, Commercial","Commercial","170","10","secondary + tag","0","8","9","17","Sub-category / Product","/shop/spirit/collection/patron/ ; /shop/spirit/gran-patron-burdeos-extra-anejo-tequila/ ; /shop/spirit/patron-50ml-collection-patron/"
"patron tequila cost","Informational, Commercial","Commercial","170","10","secondary + tag","0","8","9","17","Sub-category / Product","/shop/spirit/collection/patron/ ; /shop/spirit/gran-patron-burdeos-extra-anejo-tequila/ ; /shop/spirit/patron-50ml-collection-patron/"
"patron liquor cost","Informational, Commercial","Commercial","170","8","secondary + tag","0","6","11","17","Sub-category / Product","/shop/spirit/collection/patron/ ; /shop/spirit/gran-patron-burdeos-extra-anejo-tequila/ ; /shop/spirit/patron-50ml-collection-patron/"
"patron cafe tequila","Informational, Commercial","Commercial","170","15","tag","0","0","11","11","Sub-category / Product","/shop/spirit/collection/patron/ ; /shop/spirit/gran-patron-burdeos-extra-anejo-tequila/ ; /shop/spirit/patron-50ml-collection-patron/"
"tequila 1942 don julio","Informational, Commercial","Commercial","170","9","secondary + tag","0","3","1","4","Sub-category / Product","/shop/spirit/collection/don-julio/ ; /shop/spirit/don-julio-1942-ultima-reserva-extra-anejo/ ; /shop/spirit/don-julio-1942-50ml-don-julio/"
"cost of don julio","Informational, Commercial","Commercial","170","10","tag","0","0","12","12","Sub-category / Product","/shop/spirit/collection/don-julio/ ; /shop/spirit/don-julio-1942-ultima-reserva-extra-anejo/ ; /shop/spirit/don-julio-1942-50ml-don-julio/"
"jose cuervo tequila silver","Informational, Commercial","Commercial","170","18","secondary","0","8","0","8","Sub-category / Product","/shop/spirit/collection/jose-cuervo/ ; /shop/spirit/jose-cuervo-cristalino-anejo-jose-cuervo/ ; /shop/spirit/jose-cuervo-gold-50ml-jose-cuervo/"
"jose cuervo especial blue agave","Informational, Commercial","Commercial","170","15","secondary","0","8","0","8","Sub-category / Product","/shop/spirit/collection/jose-cuervo/ ; /shop/spirit/jose-cuervo-cristalino-anejo-jose-cuervo/ ; /shop/spirit/jose-cuervo-gold-50ml-jose-cuervo/"
"coffee liquour","Informational, Commercial","Commercial","170","19","secondary + tag","0","7","2","9","Sub-category / Product","/shop/spirit/collection/coffee-liqueur/ ; /shop/spirit/avion-espresso-tequila/ ; /shop/spirit/kahlua-16abv-coffee-liqueur/"
"mr black coffee liqueur 700ml","Commercial","Commercial","170","15","secondary","0","5","0","5","Sub-category / Product","/shop/spirit/collection/coffee-liqueur/ ; /shop/spirit/avion-espresso-tequila/ ; /shop/spirit/kahlua-16abv-coffee-liqueur/"
"amaro capo","Informational, Commercial","Commercial","170","12","secondary + tag","0","11","1","12","Sub-category / Product / Blog","/shop/spirit/collection/amaro/ ; /shop/spirit/chartreuse-vep-green-herbal-liqueur/ ; /shop/spirit/amaro-averna/"
"cost of aperol","Informational, Commercial","Commercial","170","14","secondary + tag","0","10","2","12","Sub-category / Product / Blog","/shop/spirit/collection/amaro/ ; /shop/spirit/chartreuse-vep-green-herbal-liqueur/ ; /shop/spirit/amaro-averna/"
"aperol 1 litre","Commercial","Commercial","170","15","tag","0","0","3","3","Sub-category / Product / Blog","/shop/spirit/collection/amaro/ ; /shop/spirit/chartreuse-vep-green-herbal-liqueur/ ; /blog/amaro-101-italy-bittersweet-tradition/"
"aperol spritz standard drinks","Commercial","Commercial","170","28","tag","0","0","12","12","Sub-category / Product / Blog","/shop/spirit/collection/amaro/ ; /shop/spirit/chartreuse-vep-green-herbal-liqueur/ ; /shop/spirit/amaro-averna/"
"aperol spritz premix","Commercial","Commercial","170","12","tag","0","0","12","12","Sub-category / Product / Blog","/shop/spirit/collection/amaro/ ; /shop/spirit/chartreuse-vep-green-herbal-liqueur/ ; /shop/spirit/amaro-averna/"
"campari au","Commercial","Commercial","170","14","tag","0","0","12","12","Sub-category / Product / Blog","/shop/spirit/collection/amaro/ ; /shop/spirit/chartreuse-vep-green-herbal-liqueur/ ; /shop/spirit/amaro-averna/"
"chartreuse green liqueur","Informational, Commercial","Commercial","170","20","secondary + tag","0","2","15","17","Sub-category / Product","/shop/spirit/collection/amaro/ ; /shop/spirit/collection/liqueur/ ; /shop/spirit/chartreuse-vep-green-herbal-liqueur/"
"jagermeister 700ml","Commercial","Commercial","170","9","secondary + tag","0","1","10","11","Sub-category / Product","/shop/spirit/collection/amaro/ ; /shop/spirit/jagermeister-orange-orange-liqueur/ ; /shop/spirit/amaro-averna/"
"chartreuse wine","Informational, Commercial","Commercial","170","20","secondary + tag","0","1","10","11","Sub-category / Product","/shop/spirit/collection/amaro/ ; /shop/spirit/chartreuse-vep-green-herbal-liqueur/ ; /shop/spirit/amaro-averna/"
"small limoncello bottles","Informational, Commercial","Commercial","170","12","secondary","0","9","0","9","Sub-category / Product","/shop/spirit/collection/limoncello/ ; /shop/spirit/24-ice-frozen-cocktails-5pack-limoncello/ ; /shop/spirit/bottega-limoncino-limoncello/"
"soju japanese drink","Informational, Commercial","Commercial","170","19","secondary + tag","0","12","1","13","Sub-category / Product / Blog","/shop/other/collection/soju/ ; /shop/other/ilpoom-jinro-1924-heritage-premium-soju/ ; /shop/other/charm-malgeun-kiwiberry-soju/"
"soju beer","Commercial","Commercial","170","23","secondary + tag","0","12","1","13","Sub-category / Product / Blog","/shop/other/collection/soju/ ; /shop/other/ilpoom-jinro-1924-heritage-premium-soju/ ; /shop/other/charm-malgeun-kiwiberry-soju/"
"soju drink price","Commercial","Commercial","170","17","secondary + tag","0","10","3","13","Sub-category / Product / Blog","/shop/other/collection/soju/ ; /shop/other/ilpoom-jinro-1924-heritage-premium-soju/ ; /shop/other/charm-malgeun-kiwiberry-soju/"
"lemon soju","Informational, Commercial","Commercial","170","9","tag","0","0","13","13","Sub-category / Product / Blog","/shop/other/collection/soju/ ; /shop/other/ilpoom-jinro-1924-heritage-premium-soju/ ; /shop/other/charm-malgeun-kiwiberry-soju/"
"prosecco rose wine","Informational, Commercial","Commercial","170","19","secondary + tag","0","13","4","17","Sub-category / Product / Blog","/shop/beer-premix-wine/collection/rose-wine/ ; /shop/beer-premix-wine/collection/prosecco/ ; /shop/beer-premix-wine/batch-co-bondi-spritz-24pack-cans-rose-wine/"
"sugarless energy drinks","Commercial","Commercial","170","23","tag","0","0","9","9","Sub-category / Product","/shop/other/collection/mixers-water-condiments/ ; /shop/other/san-pel-plastic-1l-mixers-water-condiments/ ; /shop/other/san-pellegrino-500ml-plastic-mixers-water-condiments/"
"champagne australia","Informational, Commercial","Commercial","170","15","secondary","0","7","0","7","Sub-category / Product","/shop/beer-premix-wine/collection/champagne/ ; /shop/beer-premix-wine/krug-grande-cuvee-brut-m-v-half-bottle-champagne/ ; /shop/beer-premix-wine/laurent-perrier-la-cuvee-brut-champagne-nv/"
"small bottle of champagne","Commercial","Commercial","170","13","secondary + tag","0","1","6","7","Sub-category / Product","/shop/beer-premix-wine/collection/champagne/ ; /shop/beer-premix-wine/krug-grande-cuvee-brut-m-v-half-bottle-champagne/ ; /shop/beer-premix-wine/laurent-perrier-la-cuvee-brut-champagne-nv/"
"bols curacao liqueur","Navigational, Commercial","Commercial","170","16","secondary + tag","0","1","5","6","Sub-category / Product","/shop/spirit/collection/liqueur/ ; /shop/spirit/sour-puss-apple-blended-liqueur/ ; /shop/spirit/sour-puss-sour-peach-blended-liqueur/"
"chocolate mint liqueur","Informational, Commercial","Commercial","170","6","secondary + tag","0","1","5","6","Sub-category / Product","/shop/spirit/collection/liqueur/ ; /shop/spirit/sour-puss-apple-blended-liqueur/ ; /shop/spirit/sour-puss-sour-peach-blended-liqueur/"
"whisky liqueur","Informational, Commercial","Commercial","170","13","secondary + tag","0","1","5","6","Sub-category / Product","/shop/spirit/collection/liqueur/ ; /shop/spirit/sour-puss-apple-blended-liqueur/ ; /shop/spirit/sour-puss-sour-peach-blended-liqueur/"
"amarula cream liqueur","Commercial","Commercial","170","6","secondary + tag","0","1","5","6","Sub-category / Product","/shop/spirit/collection/liqueur/ ; /shop/spirit/sour-puss-apple-blended-liqueur/ ; /shop/spirit/sour-puss-sour-peach-blended-liqueur/"
"white wine pinot grigio","Informational, Commercial","Commercial","170","8","secondary + tag","0","3","1","4","Sub-category / Product / Blog","/shop/beer-premix-wine/collection/pinot-grigio/ ; /shop/beer-premix-wine/three-trails-south-eastern-australian-pinot-grigio/ ; /shop/beer-premix-wine/farmer-and-the-scientist-heathcote-pinot-grigio-2021/"
"pinot noir wine price","Commercial","Commercial","170","17","secondary","0","3","0","3","Sub-category / Product","/shop/beer-premix-wine/collection/pinot-grigio/ ; /shop/beer-premix-wine/three-trails-south-eastern-australian-pinot-grigio/ ; /shop/beer-premix-wine/farmer-and-the-scientist-heathcote-pinot-grigio-2021/"
"red sauvignon wine","Commercial","Commercial","170","18","secondary","0","6","0","6","Sub-category / Product","/shop/beer-premix-wine/collection/sauvignon-blanc/ ; /shop/beer-premix-wine/gentleman-s-duel-south-australian-sauvignon-blanc/ ; /shop/beer-premix-wine/alexander-hill-premium-selection-sauvignon-blanc-big-rivers-riverina/"
"dry red wine cabernet sauvignon","Commercial","Commercial","170","13","secondary + tag","0","12","2","14","Sub-category / Product / Blog","/shop/beer-premix-wine/collection/sauvignon-blanc/ ; /shop/beer-premix-wine/collection/cabernet-sauvignon/ ; /shop/beer-premix-wine/gentleman-s-duel-south-australian-sauvignon-blanc/"
"cab sav red wine","Informational, Commercial","Commercial","170","15","secondary","0","7","0","7","Sub-category / Product","/shop/beer-premix-wine/collection/cabernet-sauvignon/ ; /shop/beer-premix-wine/alexander-hill-premium-selection-cabernet-sauvignon-big-river-riverina/ ; /shop/beer-premix-wine/holy-cab-victorian-cabernet-sauvignon-red-wine-magnum/"
"cabernet dry red wine","Informational, Commercial","Commercial","170","10","secondary + tag","0","7","1","8","Sub-category / Product / Blog","/shop/beer-premix-wine/collection/cabernet-sauvignon/ ; /shop/beer-premix-wine/alexander-hill-premium-selection-cabernet-sauvignon-big-river-riverina/ ; /shop/beer-premix-wine/holy-cab-victorian-cabernet-sauvignon-red-wine-magnum/"
"lager pilsner","Commercial","Commercial","170","13","secondary + tag","0","4","2","6","Sub-category / Product / Blog","/shop/beer-premix-wine/collection/pilsner/ ; /shop/beer-premix-wine/carlsberg-green-pilsner-beer-case-cans/ ; /shop/beer-premix-wine/pilsner-urquell-imported-beer-case-cans/"
"johnnie walker label gold","Informational, Commercial","Commercial","170","17","tag","0","0","2","2","Product","/shop/whisky/johnnie-walker-king-george-v-rare-edition/ ; /shop/whisky/johnnie-walker-black-50ml-scotch-whisky/"
"johnnie walker blue label 750ml","Informational, Commercial","Commercial","170","15","tag","0","0","1","1","Product","/shop/whisky/johnnie-walker-king-george-v-rare-edition/"
"platinum label johnnie walker","Commercial","Commercial","170","10","tag","0","0","2","2","Product","/shop/whisky/johnnie-walker-king-george-v-rare-edition/ ; /shop/whisky/johnnie-walker-black-50ml-scotch-whisky/"
"nice bourbon whiskey","Commercial","Commercial","170","9","tag","0","0","12","12","Product","/shop/whisky/pappy-van-winkle-15-year-old-family-reserve/ ; /shop/whisky/buffalo-trace-1l-bourbon-whiskey/ ; /shop/whisky/colonel-eh-bourbon-whiskey/"
"vodka smirnoff 700ml","Commercial","Commercial","170","10","tag","0","0","2","2","Product","/shop/spirit/smirnoff-red-russian-vodka/ ; /shop/spirit/smirnoff-white-russian-vodka/"
"rum spiced black captain morgan","Informational, Commercial","Commercial","170","9","secondary","0","4","0","4","Product","/shop/spirit/captain-morgan-1l-spiced-rum/ ; /shop/spirit/captain-morgan-spiced-rum/ ; /shop/spirit/captain-morgan-spiced-rum-200ml/"
"vsop cognac martell","Commercial","Commercial","170","13","secondary","0","5","0","5","Product","/shop/spirit/martell-blue-swift-cognac-brandy/ ; /shop/spirit/martell-chanteloup-xxo-cognac-brandy/ ; /shop/spirit/martell-cordon-bleu-cognac-brandy/"
"martell cognac vs","Commercial","Commercial","170","16","secondary","0","5","0","5","Product","/shop/spirit/martell-blue-swift-cognac-brandy/ ; /shop/spirit/martell-chanteloup-xxo-cognac-brandy/ ; /shop/spirit/martell-cordon-bleu-cognac-brandy/"
"vsop martell","Commercial","Commercial","170","14","secondary","0","5","0","5","Product","/shop/spirit/martell-blue-swift-cognac-brandy/ ; /shop/spirit/martell-chanteloup-xxo-cognac-brandy/ ; /shop/spirit/martell-cordon-bleu-cognac-brandy/"
"liqueurs baileys","Commercial","Commercial","170","28","tag","0","0","2","2","Product","/shop/spirit/maverick-cowboy-butterscotch-1750ml-baileys-irish-cream/ ; /shop/spirit/maverick-cowboy-butterscotch-750ml-baileys-irish-cream/"
"jameson irish whisky","Informational, Commercial","Commercial","170","17","tag","0","0","2","2","Product","/shop/spirit/maverick-cowboy-butterscotch-1750ml-baileys-irish-cream/ ; /shop/spirit/maverick-cowboy-butterscotch-750ml-baileys-irish-cream/"
"baileys irish cream chocolate luxe","Navigational, Commercial","Commercial","170","19","tag","0","0","2","2","Product","/shop/spirit/maverick-cowboy-butterscotch-1750ml-baileys-irish-cream/ ; /shop/spirit/maverick-cowboy-butterscotch-750ml-baileys-irish-cream/"
"baileys alcohol chocolate","Commercial","Commercial","170","24","tag","0","0","2","2","Product","/shop/spirit/maverick-cowboy-butterscotch-1750ml-baileys-irish-cream/ ; /shop/spirit/maverick-cowboy-butterscotch-750ml-baileys-irish-cream/"
"baileys irish cream salted caramel","Commercial","Commercial","170","12","tag","0","0","2","2","Product","/shop/spirit/maverick-cowboy-butterscotch-1750ml-baileys-irish-cream/ ; /shop/spirit/maverick-cowboy-butterscotch-750ml-baileys-irish-cream/"
"1800 tequila blanco","Informational, Commercial","Commercial","170","13","secondary","0","1","0","1","Product","/shop/spirit/1800-guachimonton-orange-liqueur/"
"1800 blanco tequila","Informational, Commercial","Commercial","170","9","secondary","0","1","0","1","Product","/shop/spirit/1800-guachimonton-orange-liqueur/"
"ginger beer australia","Informational, Commercial","Commercial","170","10","secondary","0","1","0","1","Product","/shop/beer-premix-wine/ginger-kid-ginger-beer/"
"chandon sparkling brut","Informational, Commercial","Commercial","170","26","secondary","0","1","0","1","Product","/shop/beer-premix-wine/chandon-sparkling-rose-rose-wine/"
"red sparkling wine","Informational, Commercial","Commercial","170","10","tag","0","0","1","1","Product","/shop/beer-premix-wine/gh-mumm-corodn-rouge-brut-sparkling-wine/"
"sparkling pinot","Informational, Commercial","Commercial","170","7","tag","0","0","1","1","Product","/shop/beer-premix-wine/gh-mumm-corodn-rouge-brut-sparkling-wine/"
"champagne moet","Commercial","Commercial","170","21","secondary","0","2","0","2","Product","/shop/beer-premix-wine/moet-chandon-imperial-bottle-sparkling-wine/ ; /shop/beer-premix-wine/moet-rose-imperial-sparkling-wine/"
"somersby cider 24 pack","Commercial","Commercial","170","8","secondary","0","1","0","1","Product","/shop/beer-premix-wine/somersby-apple-cider-bottles/"
"sports energy drink","Informational, Commercial","Commercial","170","11","tag","0","0","8","8","Product","/shop/other/san-pel-plastic-1l-mixers-water-condiments/ ; /shop/other/san-pellegrino-500ml-plastic-mixers-water-condiments/ ; /shop/other/san-pelligrino-sparkling-250ml-mixers-water-condiments/"
"sports energy drinks","Informational, Commercial","Commercial","170","12","tag","0","0","8","8","Product","/shop/other/san-pel-plastic-1l-mixers-water-condiments/ ; /shop/other/san-pellegrino-500ml-plastic-mixers-water-condiments/ ; /shop/other/san-pelligrino-sparkling-250ml-mixers-water-condiments/"
"branded energy drinks","Informational, Commercial","Commercial","170","10","tag","0","0","7","7","Product","/shop/other/san-pel-plastic-1l-mixers-water-condiments/ ; /shop/other/san-pellegrino-500ml-plastic-mixers-water-condiments/ ; /shop/other/san-pelligrino-sparkling-250ml-mixers-water-condiments/"
"sugar free monster energy drink","Commercial","Commercial","170","25","tag","0","0","6","6","Product","/shop/other/san-pel-plastic-1l-mixers-water-condiments/ ; /shop/other/san-pelligrino-sparkling-250ml-mixers-water-condiments/ ; /shop/other/mtv-up-energy-drink-sugar-free-mixers-water-condiments/"
"brown brothers sparkling wine","Commercial","Commercial","170","9","secondary","0","1","0","1","Product","/shop/beer-premix-wine/brown-brothers-king-valley-prosecco-nv/"
"fuji japanese whisky","Informational","Informational","170","17","secondary","0","1","0","1","Blog","/blog/why-japanese-whisky-became-a-global-obsession/"
"nikka coffey grain whisky","Informational","Informational","170","17","secondary","0","1","0","1","Blog","/blog/why-japanese-whisky-became-a-global-obsession/"
"magpie lark call","Informational","Informational","170","27","secondary","0","1","0","1","Blog","/blog/rise-of-australian-single-malt-whisky/"
"tasmanian cider","Commercial","Commercial","170","22","tag","0","0","1","1","Blog","/blog/rise-of-australian-single-malt-whisky/"
"ilegal mezcal","Informational","Informational","170","21","secondary","0","1","0","1","Blog","/blog/mezcal-vs-tequila-difference/"
"mezcal cocktails","Informational","Informational","170","28","secondary","0","1","0","1","Blog","/blog/mezcal-vs-tequila-difference/"
"difference between mezcal and tequila","Informational","Informational","170","22","secondary","0","1","0","1","Blog","/blog/mezcal-vs-tequila-difference/"
"casamigos mezcal","Commercial","Commercial","170","11","tag","0","0","1","1","Blog","/blog/mezcal-vs-tequila-difference/"
"australian pale lager","Informational","Informational","170","10","secondary","0","1","0","1","Blog","/blog/lager-vs-imported-beer-buyers-guide/"
"lager tiger","Informational","Informational","170","18","secondary","0","1","0","1","Blog","/blog/lager-vs-imported-beer-buyers-guide/"
"tiger lager","Informational","Informational","170","18","secondary","0","1","0","1","Blog","/blog/lager-vs-imported-beer-buyers-guide/"
"mountain goat lager","Informational, Commercial","Commercial","170","26","tag","0","0","1","1","Blog","/blog/lager-vs-imported-beer-buyers-guide/"
"lager dark beer","Commercial","Commercial","170","9","tag","0","0","1","1","Blog","/blog/lager-vs-imported-beer-buyers-guide/"
"beer dark lager","Informational, Commercial","Commercial","170","8","tag","0","0","1","1","Blog","/blog/lager-vs-imported-beer-buyers-guide/"
"dark lager beer","Informational, Commercial","Commercial","170","9","tag","0","0","1","1","Blog","/blog/lager-vs-imported-beer-buyers-guide/"
"lager vs pale ale","Informational, Commercial","Commercial","170","21","tag","0","0","1","1","Blog","/blog/lager-vs-imported-beer-buyers-guide/"
"cognac fine champagne","Informational","Informational","170","15","secondary","0","2","0","2","Blog","/blog/champagne-vs-sparkling-wine-vs-port/ ; /blog/champagne-rose-brut-guide-veuve-clicquot-krug/"
"yellow tail champagne","Informational","Informational","170","13","secondary","0","2","0","2","Blog","/blog/champagne-vs-sparkling-wine-vs-port/ ; /blog/champagne-rose-brut-guide-veuve-clicquot-krug/"
"prosecco and limoncello drink","Informational","Informational","170","23","secondary","0","2","0","2","Blog","/blog/champagne-vs-sparkling-wine-vs-port/ ; /blog/prosecco-guide-aperol-spritz-rose-mimosa/"
"prosecco mimosa","Informational","Informational","170","26","secondary","0","2","0","2","Blog","/blog/champagne-vs-sparkling-wine-vs-port/ ; /blog/prosecco-guide-aperol-spritz-rose-mimosa/"
"premix king portland","Informational","Informational","170","7","secondary","0","1","0","1","Blog","/blog/ready-to-drink-premix-trend/"
"newport premix","Navigational","Navigational","170","22","secondary","0","1","0","1","Blog","/blog/ready-to-drink-premix-trend/"
"premix king stoneville","Informational","Informational","170","6","secondary","0","1","0","1","Blog","/blog/ready-to-drink-premix-trend/"
"premixed drinks bendigo","Informational","Informational","170","17","secondary","0","1","0","1","Blog","/blog/ready-to-drink-premix-trend/"
"yoplait zero sugar yoghurt","Informational","Informational","170","13","secondary","0","1","0","1","Blog","/blog/rise-of-zero-sugar-seltzers/"
"prosecco price","Commercial","Commercial","170","14","tag","0","0","1","1","Blog","/blog/prosecco-guide-aperol-spritz-rose-mimosa/"
"prosecco australia","Commercial","Commercial","170","12","tag","0","0","1","1","Blog","/blog/prosecco-guide-aperol-spritz-rose-mimosa/"
"cheap prosecco wine","Commercial","Commercial","170","15","tag","0","0","1","1","Blog","/blog/prosecco-guide-aperol-spritz-rose-mimosa/"
"yellow tail wine pinot grigio","Informational, Commercial","Commercial","170","11","tag","0","0","1","1","Blog","/blog/pinot-grigio-vs-pinot-gris-italy-guide/"
"pinot grigio yellow tail","Informational, Commercial","Commercial","170","15","tag","0","0","1","1","Blog","/blog/pinot-grigio-vs-pinot-gris-italy-guide/"
"yellow tail wine sauvignon blanc","Informational, Commercial","Commercial","170","15","tag","0","0","1","1","Blog","/blog/sauvignon-blanc-guide-low-alcohol-cooking-pairing/"
"mountain goat pink gin and soda","Informational","Informational","170","4","secondary","0","1","0","1","Blog","/blog/pink-gin-and-soda-what-is-pink-gin/"
"gordons gin and soda","Informational","Informational","170","8","secondary","0","1","0","1","Blog","/blog/pink-gin-and-soda-what-is-pink-gin/"
"pink gin gordons","Commercial","Commercial","170","10","tag","0","0","1","1","Blog","/blog/pink-gin-and-soda-what-is-pink-gin/"
"cabernet sauvignon vineyard","Informational","Informational","170","21","secondary","0","1","0","1","Blog","/blog/cabernet-sauvignon-merlot-grenache-red-wine-grapes/"
"yellow tail wine merlot","Informational, Commercial","Commercial","170","16","tag","0","0","1","1","Blog","/blog/cabernet-sauvignon-merlot-grenache-red-wine-grapes/"
"mountain culture cult ipa","Commercial","Commercial","170","17","tag","0","0","1","1","Blog","/blog/what-is-ipa-beer-india-pale-ale-explained/"
"what is amaro","Informational","Informational","170","36","faq","0","0","0","1","FAQ","/faq/"
"700ml grey goose","Informational, Commercial","Commercial","140","10","primary + secondary + tag","1","11","1","13","Sub-category / Product","/shop/spirit/collection/grey-goose/ ; /shop/spirit/grey-goose-altius-ultra-premium-french-vodka/ ; /shop/spirit/grey-goose-700ml-french-vodka/"
"700ml grey goose vodka","Commercial","Commercial","140","8","primary + secondary + tag","1","11","1","13","Sub-category / Product","/shop/spirit/collection/grey-goose/ ; /shop/spirit/grey-goose-altius-ultra-premium-french-vodka/ ; /shop/spirit/grey-goose-700ml-french-vodka/"
"belvedere cost","Informational, Commercial","Commercial","140","10","primary + secondary","1","15","0","16","Sub-category / Product","/shop/spirit/collection/belvedere/ ; /shop/spirit/belvedere-1l-polish-vodka/ ; /shop/spirit/belvedere-200ml-polish-vodka/"
"belvedere 700ml","Commercial","Commercial","140","9","primary + secondary","1","10","0","11","Sub-category / Product","/shop/spirit/collection/belvedere/ ; /shop/spirit/belvedere-700-polish-vodka/ ; /shop/spirit/belvedere-citrus-polish-vodka/"
"belvedere vodka cost","Informational, Commercial","Commercial","140","10","primary + secondary","1","15","0","16","Sub-category / Product","/shop/spirit/collection/belvedere/ ; /shop/spirit/belvedere-1l-polish-vodka/ ; /shop/spirit/belvedere-200ml-polish-vodka/"
"patron price","Transactional","Transactional","140","10","primary","1","0","0","1","Sub-category","/shop/spirit/collection/patron/"
"xo coffee patron","Commercial","Commercial","140","12","primary + secondary + tag","1","7","9","17","Sub-category / Product","/shop/spirit/collection/patron/ ; /shop/spirit/gran-patron-burdeos-extra-anejo-tequila/ ; /shop/spirit/patron-50ml-collection-patron/"
"cointreau liqueur orange","Informational, Commercial","Commercial","140","9","primary + secondary + tag","1","4","7","12","Sub-category / Product","/shop/spirit/collection/orange-liqueur/ ; /shop/spirit/collection/liqueur/ ; /shop/spirit/1800-guachimonton-orange-liqueur/"
"royal salute scotch price","Commercial","Commercial","140","9","primary + secondary","1","9","0","10","Product","/shop/whisky/royal-salute-38-year-old-stone-of-destiny/ ; /shop/whisky/royal-salute-21-jodjpur-polo-50ml-scotch-whisky/ ; /shop/whisky/royal-salute-21yo-polo-estancia-edition-scotch-whisky/"
"royal salute price","Commercial","Commercial","140","10","primary + secondary","1","9","0","10","Product","/shop/whisky/royal-salute-38-year-old-stone-of-destiny/ ; /shop/whisky/royal-salute-21-jodjpur-polo-50ml-scotch-whisky/ ; /shop/whisky/royal-salute-21yo-polo-estancia-edition-scotch-whisky/"
"royal salute cost","Informational, Commercial","Commercial","140","10","primary + secondary","1","9","0","10","Product","/shop/whisky/royal-salute-38-year-old-stone-of-destiny/ ; /shop/whisky/royal-salute-21-jodjpur-polo-50ml-scotch-whisky/ ; /shop/whisky/royal-salute-21yo-polo-estancia-edition-scotch-whisky/"
"macallan 12 price","Transactional","Transactional","140","8","primary","1","0","0","1","Product","/shop/whisky/macallan-12-sherry-oak-scotch-whisky/"
"glenfiddich gift pack","Informational, Transactional","Transactional","140","6","primary","1","0","0","1","Product","/shop/whisky/glenfiddich-18yo-perpetual-vat-scotch-whisky/"
"royal salute 21 year old price","Transactional","Transactional","140","13","primary","1","0","0","1","Product","/shop/whisky/royal-salute-21-jodjpur-polo-50ml-scotch-whisky/"
"belvedere price vodka","Transactional","Transactional","140","11","primary","1","0","0","1","Product","/shop/spirit/belvedere-citrus-polish-vodka/"
"sheridans liqueur","Informational, Commercial","Commercial","140","14","primary + secondary","1","3","0","4","Product","/shop/spirit/sheridans-1l-baileys-irish-cream/ ; /shop/spirit/sheridans-1l-coffee-liqueur/ ; /shop/spirit/sheridans-500ml-coffee-liqueur/"
"buy limoncello","Transactional","Transactional","140","7","primary","1","0","0","1","Product","/shop/spirit/24-ice-frozen-cocktails-5pack-limoncello/"
"glenmorangie scotch","Navigational, Commercial","Commercial","140","17","primary + secondary","1","2","0","3","Product","/shop/whisky/glenmorangie-14-year-old-the-quinta-ruban-port-cask-single-malt-scotch-whisky/ ; /shop/whisky/glenmorangie-18-year-old-extremely-rare-single-malt-scotch-whisky/ ; /shop/whisky/glenmorangie-1996-grand-vintage-23-year-old-single-malt-scotch-whisky/"
"hibiki scotch","Commercial","Commercial","140","16","primary + secondary","1","2","0","3","Product","/shop/whisky/hibiki-harmony-suntory-japanese-blended-whisky/ ; /shop/whisky/hibiki-blossom-harmony-limited-edition-2021-suntory-whisky/ ; /shop/whisky/hibiki-30-year-old-blended-japanese-suntory-whisky/"
"what is rye whiskey","Informational","Informational","140","17","primary","1","0","0","1","Blog","/blog/beginners-guide-to-rye-whiskey/"
"order gin online","Commercial","Commercial","140","15","tag","0","0","1","1","Page","/shipping/"
"red wine delivered","Commercial","Commercial","140","6","tag","0","0","1","1","Page","/shipping/"
"great whiskey gifts","Commercial","Commercial","140","17","tag","0","0","1","1","Page","/contact/"
"johnnie walker blue label gift set","Commercial","Commercial","140","8","tag","0","0","1","1","Page","/contact/"
"red wine gift","Commercial","Commercial","140","9","tag","0","0","1","1","Page","/contact/"
"red wine for gift","Informational, Commercial","Commercial","140","8","tag","0","0","1","1","Page","/contact/"
"corporate wine gifts","Informational, Commercial","Commercial","140","11","tag","0","0","1","1","Page","/contact/"
"minor case rye whiskey","Commercial","Commercial","140","9","secondary + tag","0","10","2","12","Sub-category / Product / Blog","/shop/whisky/collection/rye-whiskey/ ; /shop/whisky/elijah-craig-rye-rye-whiskey/ ; /shop/whisky/high-west-midwinter-nights-dram-rye-whiskey/"
"whiskey in the rye","Informational, Commercial","Commercial","140","9","secondary + tag","0","10","2","12","Sub-category / Product / Blog","/shop/whisky/collection/rye-whiskey/ ; /shop/whisky/elijah-craig-rye-rye-whiskey/ ; /shop/whisky/high-west-midwinter-nights-dram-rye-whiskey/"
"rye whiskey brands","Commercial","Commercial","140","22","secondary + tag","0","9","3","12","Sub-category / Product / Blog","/shop/whisky/collection/rye-whiskey/ ; /shop/whisky/elijah-craig-rye-rye-whiskey/ ; /shop/whisky/high-west-midwinter-nights-dram-rye-whiskey/"
"jack daniels rye","Commercial","Commercial","140","12","secondary + tag","0","12","3","15","Sub-category / Product / Blog","/shop/whisky/collection/rye-whiskey/ ; /shop/whisky/elijah-craig-rye-rye-whiskey/ ; /shop/whisky/high-west-midwinter-nights-dram-rye-whiskey/"
"best rye whiskey","Commercial","Commercial","140","10","secondary + tag","0","1","11","12","Sub-category / Product / Blog","/shop/whisky/collection/rye-whiskey/ ; /shop/whisky/elijah-craig-rye-rye-whiskey/ ; /shop/whisky/high-west-midwinter-nights-dram-rye-whiskey/"
"lark whisky price","Commercial","Commercial","140","16","tag","0","0","13","13","Sub-category / Product / Blog","/shop/whisky/collection/australian-whisky/ ; /shop/whisky/lark-legacy-rare-cask-series-para-100-vintage/ ; /shop/whisky/dark-lark-2026-australian-whisky/"
"polish wodka","Informational, Commercial","Commercial","140","14","tag","0","0","10","10","Sub-category / Product","/shop/spirit/collection/polish-vodka/ ; /shop/spirit/belvedere-1l-polish-vodka/ ; /shop/spirit/belvedere-200ml-polish-vodka/"
"absolut vodka miniature","Commercial","Commercial","140","15","tag","0","0","10","10","Sub-category / Product","/shop/spirit/collection/polish-vodka/ ; /shop/spirit/belvedere-1l-polish-vodka/ ; /shop/spirit/belvedere-200ml-polish-vodka/"
"absolut vodka mini","Commercial","Commercial","140","11","tag","0","0","10","10","Sub-category / Product","/shop/spirit/collection/polish-vodka/ ; /shop/spirit/belvedere-1l-polish-vodka/ ; /shop/spirit/belvedere-200ml-polish-vodka/"
"bulk vodka","Commercial","Commercial","140","4","tag","0","0","10","10","Sub-category / Product","/shop/spirit/collection/polish-vodka/ ; /shop/spirit/belvedere-1l-polish-vodka/ ; /shop/spirit/belvedere-200ml-polish-vodka/"
"chopin potato vodka","Informational, Commercial","Commercial","140","13","tag","0","0","10","10","Sub-category / Product","/shop/spirit/collection/polish-vodka/ ; /shop/spirit/belvedere-1l-polish-vodka/ ; /shop/spirit/belvedere-200ml-polish-vodka/"
"tito's vodka handmade","Commercial","Commercial","140","8","tag","0","0","9","9","Sub-category / Product","/shop/spirit/collection/polish-vodka/ ; /shop/spirit/belvedere-200ml-polish-vodka/ ; /shop/spirit/belvedere-700-polish-vodka/"
"200ml grey goose","Commercial","Commercial","140","10","tag","0","0","1","1","Sub-category","/shop/spirit/collection/grey-goose/"
"grey goose vodka 1.75 l","Commercial","Commercial","140","8","tag","0","0","1","1","Sub-category","/shop/spirit/collection/grey-goose/"
"grey goose vodka 4.5 litre","Informational, Commercial","Commercial","140","6","tag","0","0","1","1","Sub-category","/shop/spirit/collection/grey-goose/"
"belvedere 1 litre","Commercial","Commercial","140","10","secondary","0","3","0","3","Sub-category / Product","/shop/spirit/collection/belvedere/ ; /shop/spirit/belvedere-1l-polish-vodka/ ; /shop/spirit/belvedere-1l-belvedere/"
"1l belvedere vodka","Commercial","Commercial","140","11","secondary","0","3","0","3","Sub-category / Product","/shop/spirit/collection/belvedere/ ; /shop/spirit/belvedere-1l-polish-vodka/ ; /shop/spirit/belvedere-1l-belvedere/"
"kimo sabe mezcal","Informational, Commercial","Commercial","140","8","secondary + tag","0","6","1","7","Sub-category / Product / Blog","/shop/spirit/collection/mezcal/ ; /shop/spirit/guerrero-mezcal-50ml/ ; /shop/spirit/guerrero-mezcal/"
"madre mezcal","Commercial","Commercial","140","8","secondary + tag","0","6","1","7","Sub-category / Product / Blog","/shop/spirit/collection/mezcal/ ; /shop/spirit/guerrero-mezcal-50ml/ ; /shop/spirit/guerrero-mezcal/"
"drinking patron","Informational, Commercial","Commercial","140","24","tag","0","0","5","5","Sub-category / Product","/shop/spirit/collection/patron/ ; /shop/spirit/patron-cafe-xo-750ml-patron/ ; /shop/spirit/patron-citronge-1l-patron/"
"don hulio 1942","Informational, Commercial","Commercial","140","15","tag","0","0","4","4","Sub-category / Product","/shop/spirit/collection/don-julio/ ; /shop/spirit/don-julio-1942-ultima-reserva-extra-anejo/ ; /shop/spirit/don-julio-1942-50ml-don-julio/"
"donjulio 1942","Informational, Commercial","Commercial","140","9","tag","0","0","4","4","Sub-category / Product","/shop/spirit/collection/don-julio/ ; /shop/spirit/don-julio-1942-ultima-reserva-extra-anejo/ ; /shop/spirit/don-julio-1942-50ml-don-julio/"
"don julio rosado","Informational, Commercial","Commercial","140","13","tag","0","0","12","12","Sub-category / Product","/shop/spirit/collection/don-julio/ ; /shop/spirit/don-julio-1942-ultima-reserva-extra-anejo/ ; /shop/spirit/don-julio-1942-50ml-don-julio/"
"jose cuervo marg","Informational, Commercial","Commercial","140","11","secondary + tag","0","4","1","5","Sub-category / Product","/shop/spirit/collection/jose-cuervo/ ; /shop/spirit/jose-cuervo-cristalino-anejo-jose-cuervo/ ; /shop/spirit/jose-cuervo-gold-50ml-jose-cuervo/"
"alcohol percentage kahlua","Informational, Commercial","Commercial","140","12","secondary","0","7","0","7","Sub-category / Product","/shop/spirit/collection/coffee-liqueur/ ; /shop/spirit/avion-espresso-tequila/ ; /shop/spirit/kahlua-16abv-coffee-liqueur/"
"kahlua liqueur alcohol content","Commercial","Commercial","140","9","secondary","0","7","0","7","Sub-category / Product","/shop/spirit/collection/coffee-liqueur/ ; /shop/spirit/avion-espresso-tequila/ ; /shop/spirit/kahlua-16abv-coffee-liqueur/"
"kahlua 1 litre best price","Commercial","Commercial","140","15","secondary + tag","0","1","1","2","Sub-category / Product","/shop/spirit/collection/coffee-liqueur/ ; /shop/spirit/sheridans-1l-coffee-liqueur/"
"kahlua espresso martini cans","Commercial","Commercial","140","13","secondary + tag","0","5","2","7","Sub-category / Product","/shop/spirit/collection/coffee-liqueur/ ; /shop/spirit/avion-espresso-tequila/ ; /shop/spirit/kahlua-16abv-coffee-liqueur/"
"percent alcohol kahlua","Informational, Commercial","Commercial","140","17","secondary + tag","0","4","3","7","Sub-category / Product","/shop/spirit/collection/coffee-liqueur/ ; /shop/spirit/avion-espresso-tequila/ ; /shop/spirit/kahlua-16abv-coffee-liqueur/"
"cointreau 1 litre","Commercial","Commercial","140","10","secondary","0","1","0","1","Sub-category","/shop/spirit/collection/orange-liqueur/"
"alcohol orange","Informational, Commercial","Commercial","140","21","secondary + tag","0","4","2","6","Sub-category / Product","/shop/spirit/collection/orange-liqueur/ ; /shop/spirit/1800-guachimonton-orange-liqueur/ ; /shop/spirit/cointreau-50ml-orange-liqueur/"
"blood orange beverage","Informational, Commercial","Commercial","140","15","secondary + tag","0","3","3","6","Sub-category / Product","/shop/spirit/collection/orange-liqueur/ ; /shop/spirit/1800-guachimonton-orange-liqueur/ ; /shop/spirit/cointreau-50ml-orange-liqueur/"
"aperol spritz kits","Commercial","Commercial","140","9","tag","0","0","12","12","Sub-category / Product / Blog","/shop/spirit/collection/amaro/ ; /shop/spirit/chartreuse-vep-green-herbal-liqueur/ ; /shop/spirit/amaro-averna/"
"aperol spritz can","Commercial","Commercial","140","17","tag","0","0","12","12","Sub-category / Product / Blog","/shop/spirit/collection/amaro/ ; /shop/spirit/chartreuse-vep-green-herbal-liqueur/ ; /shop/spirit/amaro-averna/"
"premixed aperol spritz","Commercial","Commercial","140","14","tag","0","0","12","12","Sub-category / Product / Blog","/shop/spirit/collection/amaro/ ; /shop/spirit/chartreuse-vep-green-herbal-liqueur/ ; /shop/spirit/amaro-averna/"
"chartreuse yellow","Informational, Commercial","Commercial","140","11","tag","0","0","11","11","Sub-category / Product","/shop/spirit/collection/amaro/ ; /shop/spirit/chartreuse-vep-green-herbal-liqueur/ ; /shop/spirit/amaro-averna/"
"jagermeister alcohol volume","Informational, Commercial","Commercial","140","15","tag","0","0","11","11","Sub-category / Product","/shop/spirit/collection/amaro/ ; /shop/spirit/chartreuse-vep-green-herbal-liqueur/ ; /shop/spirit/amaro-averna/"
"absinthe fountain","Informational, Commercial","Commercial","140","13","secondary","0","11","0","11","Sub-category / Product","/shop/spirit/collection/absinthe/ ; /shop/spirit/absinthe-black-100-absinthe/ ; /shop/spirit/absinthe-black-700-absinthe/"
"the green fairy absinthe","Informational, Commercial","Commercial","140","11","secondary","0","11","0","11","Sub-category / Product","/shop/spirit/collection/absinthe/ ; /shop/spirit/absinthe-black-100-absinthe/ ; /shop/spirit/absinthe-black-700-absinthe/"
"best limoncello australia","Commercial","Commercial","140","11","secondary","0","9","0","9","Sub-category / Product","/shop/spirit/collection/limoncello/ ; /shop/spirit/24-ice-frozen-cocktails-5pack-limoncello/ ; /shop/spirit/bottega-limoncino-limoncello/"
"mini limoncello bottles","Commercial","Commercial","140","11","secondary + tag","0","8","1","9","Sub-category / Product","/shop/spirit/collection/limoncello/ ; /shop/spirit/24-ice-frozen-cocktails-5pack-limoncello/ ; /shop/spirit/bottega-limoncino-limoncello/"
"sambuca galliano","Informational, Commercial","Commercial","140","11","secondary","0","6","0","6","Sub-category / Product","/shop/spirit/collection/sambuca/ ; /shop/spirit/galliano-authentico-sambuca/ ; /shop/spirit/lucano-sambuca/"
"soju peach","Informational, Commercial","Commercial","140","7","tag","0","0","13","13","Sub-category / Product / Blog","/shop/other/collection/soju/ ; /shop/other/ilpoom-jinro-1924-heritage-premium-soju/ ; /shop/other/charm-malgeun-kiwiberry-soju/"
"price soju","Commercial","Commercial","140","8","tag","0","0","13","13","Sub-category / Product / Blog","/shop/other/collection/soju/ ; /shop/other/ilpoom-jinro-1924-heritage-premium-soju/ ; /shop/other/charm-malgeun-kiwiberry-soju/"
"soju bottles","Commercial","Commercial","140","22","tag","0","0","13","13","Sub-category / Product / Blog","/shop/other/collection/soju/ ; /shop/other/ilpoom-jinro-1924-heritage-premium-soju/ ; /shop/other/charm-malgeun-kiwiberry-soju/"
"japan soju","Informational, Commercial","Commercial","140","25","tag","0","0","13","13","Sub-category / Product / Blog","/shop/other/collection/soju/ ; /shop/other/ilpoom-jinro-1924-heritage-premium-soju/ ; /shop/other/charm-malgeun-kiwiberry-soju/"
"best soju flavour","Commercial","Commercial","140","10","tag","0","0","12","12","Sub-category / Product","/shop/other/collection/soju/ ; /shop/other/ilpoom-jinro-1924-heritage-premium-soju/ ; /shop/other/charm-malgeun-kiwiberry-soju/"
"sparkiling rose","Commercial","Commercial","140","10","secondary + tag","0","10","1","11","Sub-category / Product","/shop/beer-premix-wine/collection/rose-wine/ ; /shop/beer-premix-wine/batch-co-bondi-spritz-24pack-cans-rose-wine/ ; /shop/beer-premix-wine/batch-co-noosa-spritz-24pack-cans-rose-wine/"
"french champagne wine","Informational, Commercial","Commercial","140","15","secondary + tag","0","1","6","7","Sub-category / Product","/shop/beer-premix-wine/collection/champagne/ ; /shop/beer-premix-wine/krug-grande-cuvee-brut-m-v-half-bottle-champagne/ ; /shop/beer-premix-wine/laurent-perrier-la-cuvee-brut-champagne-nv/"
"champagne brut","Commercial","Commercial","140","10","secondary + tag","0","1","6","7","Sub-category / Product","/shop/beer-premix-wine/collection/champagne/ ; /shop/beer-premix-wine/krug-grande-cuvee-brut-m-v-half-bottle-champagne/ ; /shop/beer-premix-wine/laurent-perrier-la-cuvee-brut-champagne-nv/"
"wine champagne","Commercial","Commercial","140","18","secondary + tag","0","1","6","7","Sub-category / Product","/shop/beer-premix-wine/collection/champagne/ ; /shop/beer-premix-wine/krug-grande-cuvee-brut-m-v-half-bottle-champagne/ ; /shop/beer-premix-wine/laurent-perrier-la-cuvee-brut-champagne-nv/"
"aperitif liqueur","Commercial","Commercial","140","23","secondary + tag","0","1","5","6","Sub-category / Product","/shop/spirit/collection/liqueur/ ; /shop/spirit/sour-puss-apple-blended-liqueur/ ; /shop/spirit/sour-puss-sour-peach-blended-liqueur/"
"blue coloured liqueur","Informational, Commercial","Commercial","140","10","secondary + tag","0","1","5","6","Sub-category / Product","/shop/spirit/collection/liqueur/ ; /shop/spirit/sour-puss-apple-blended-liqueur/ ; /shop/spirit/sour-puss-sour-peach-blended-liqueur/"
"strawberry and cream liqueur","Commercial","Commercial","140","10","secondary + tag","0","1","5","6","Sub-category / Product","/shop/spirit/collection/liqueur/ ; /shop/spirit/sour-puss-apple-blended-liqueur/ ; /shop/spirit/sour-puss-sour-peach-blended-liqueur/"
"souvenir blanc wine","Commercial","Commercial","140","21","secondary","0","6","0","6","Sub-category / Product","/shop/beer-premix-wine/collection/sauvignon-blanc/ ; /shop/beer-premix-wine/gentleman-s-duel-south-australian-sauvignon-blanc/ ; /shop/beer-premix-wine/alexander-hill-premium-selection-sauvignon-blanc-big-rivers-riverina/"
"macallan 25 year old","Informational, Commercial","Commercial","140","11","secondary","0","1","0","1","Product","/shop/whisky/macallan-25-year-old-sherry-oak-single-malt/"
"green johnnie walker","Commercial","Commercial","140","10","tag","0","0","2","2","Product","/shop/whisky/johnnie-walker-king-george-v-rare-edition/ ; /shop/whisky/johnnie-walker-black-50ml-scotch-whisky/"
"johnnie walker gold label cost","Informational, Commercial","Commercial","140","14","tag","0","0","1","1","Product","/shop/whisky/johnnie-walker-king-george-v-rare-edition/"
"glenfiddich 30 year old","Commercial","Commercial","140","12","secondary","0","1","0","1","Product","/shop/whisky/glenfiddich-30-year-old-suspended-time/"
"glenfiddich single malt scotch","Commercial","Commercial","140","18","secondary","0","6","0","6","Product","/shop/whisky/glenfiddich-30-year-old-suspended-time/ ; /shop/whisky/glenfiddich-16-aston-martin-no2-scotch-whisky/ ; /shop/whisky/glenfiddich-18yo-200ml-scotch-whisky/"
"glenfiddich cost","Informational, Commercial","Commercial","140","10","secondary","0","6","0","6","Product","/shop/whisky/glenfiddich-30-year-old-suspended-time/ ; /shop/whisky/glenfiddich-16-aston-martin-no2-scotch-whisky/ ; /shop/whisky/glenfiddich-18yo-200ml-scotch-whisky/"
"macallan 12 year old","Informational, Commercial","Commercial","140","11","secondary","0","1","0","1","Product","/shop/whisky/macallan-12-sherry-oak-scotch-whisky/"
"12 year old macallan","Informational, Commercial","Commercial","140","9","secondary","0","1","0","1","Product","/shop/whisky/macallan-12-sherry-oak-scotch-whisky/"
"jack daniels single malt","Commercial","Commercial","140","10","secondary","0","4","0","4","Product","/shop/whisky/jack-daniels-barrel-proof-rye-rye-whiskey/ ; /shop/other/jack-daniels-honey-bbq-sauce-mixers-water-condiments/ ; /shop/other/jack-daniels-original-bbq-sauce/"
"smirnoff vodka premix","Commercial","Commercial","140","10","secondary + tag","0","3","5","8","Product","/shop/spirit/smirnoff-50ml-russian-vodka/ ; /shop/spirit/smirnoff-blue-1l-russian-vodka/ ; /shop/spirit/smirnoff-blue-500ml-russian-vodka/"
"vodka smirnoff price","Commercial","Commercial","140","10","secondary + tag","0","1","7","8","Product","/shop/spirit/smirnoff-50ml-russian-vodka/ ; /shop/spirit/smirnoff-blue-1l-russian-vodka/ ; /shop/spirit/smirnoff-blue-500ml-russian-vodka/"
"bacardi gold","Informational, Commercial","Commercial","140","13","secondary","0","4","0","4","Product","/shop/spirit/bacardi-cuarto-sherry-spiced-rum/ ; /shop/spirit/bacardi-oakheart-spiced-rum/ ; /shop/spirit/bacardi-blanca-200-white-rum/"
"captain morgan spiced rum dark","Informational, Commercial","Commercial","140","12","secondary","0","4","0","4","Product","/shop/spirit/captain-morgan-1l-spiced-rum/ ; /shop/spirit/captain-morgan-spiced-rum/ ; /shop/spirit/captain-morgan-spiced-rum-200ml/"
"spiced rum captain morgan","Informational, Commercial","Commercial","140","15","secondary","0","4","0","4","Product","/shop/spirit/captain-morgan-1l-spiced-rum/ ; /shop/spirit/captain-morgan-spiced-rum/ ; /shop/spirit/captain-morgan-spiced-rum-200ml/"
"tanqueray gin cost","Commercial","Commercial","140","10","secondary","0","1","0","1","Product","/shop/spirit/tanqueray-50ml-gin/"
"cognac martell vs","Commercial","Commercial","140","11","secondary","0","5","0","5","Product","/shop/spirit/martell-blue-swift-cognac-brandy/ ; /shop/spirit/martell-chanteloup-xxo-cognac-brandy/ ; /shop/spirit/martell-cordon-bleu-cognac-brandy/"
"xo martell","Commercial","Commercial","140","11","secondary","0","5","0","5","Product","/shop/spirit/martell-blue-swift-cognac-brandy/ ; /shop/spirit/martell-chanteloup-xxo-cognac-brandy/ ; /shop/spirit/martell-cordon-bleu-cognac-brandy/"
"heineken beer bottle","Commercial","Commercial","140","20","secondary","0","4","0","4","Product","/shop/beer-premix-wine/heineken-500ml-lager/ ; /shop/beer-premix-wine/heineken-500ml-imported-beer/ ; /shop/beer-premix-wine/heineken-zero-cans-330ml-non-alcoholic-beer/"
"ginger beer brands","Commercial","Commercial","140","25","secondary","0","1","0","1","Product","/shop/beer-premix-wine/ginger-kid-ginger-beer/"
"chandon brut best price","Commercial","Commercial","140","9","secondary","0","1","0","1","Product","/shop/beer-premix-wine/chandon-sparkling-rose-rose-wine/"
"brut chandon champagne","Commercial","Commercial","140","18","secondary","0","1","0","1","Product","/shop/beer-premix-wine/chandon-sparkling-rose-rose-wine/"
"dry sparkling wine","Informational, Commercial","Commercial","140","10","tag","0","0","1","1","Product","/shop/beer-premix-wine/gh-mumm-corodn-rouge-brut-sparkling-wine/"
"champagne moet brut","Informational, Commercial","Commercial","140","7","secondary","0","2","0","2","Product","/shop/beer-premix-wine/moet-chandon-imperial-bottle-sparkling-wine/ ; /shop/beer-premix-wine/moet-rose-imperial-sparkling-wine/"
"somersby cider cans","Commercial","Commercial","140","11","secondary","0","1","0","1","Product","/shop/beer-premix-wine/somersby-apple-cider-bottles/"
"drink somersby","Navigational, Commercial","Commercial","140","19","secondary","0","1","0","1","Product","/shop/beer-premix-wine/somersby-apple-cider-bottles/"
"somersby cans","Commercial","Commercial","140","10","secondary","0","1","0","1","Product","/shop/beer-premix-wine/somersby-apple-cider-bottles/"
"sport energy drinks","Informational, Commercial","Commercial","140","21","secondary","0","1","0","1","Product","/shop/other/red-bull-cans-250ml-mixers-water-condiments/"
"cheap energy drinks","Commercial","Commercial","140","23","secondary","0","1","0","1","Product","/shop/other/red-bull-cans-250ml-mixers-water-condiments/"
"glenmorangie 18 year old","Commercial","Commercial","140","7","secondary","0","1","0","1","Product","/shop/whisky/glenmorangie-18-year-old-extremely-rare-single-malt-scotch-whisky/"
"glenlivet 18 year old","Commercial","Commercial","140","10","secondary","0","1","0","1","Product","/shop/whisky/glenlivet-18-year-old-43-single-malt-scotch-whisky/"
"jim beam cost","Informational, Commercial","Commercial","140","9","secondary","0","3","0","3","Product","/shop/whisky/jim-beam-white-label-kentucky-bourbon-whiskey/ ; /shop/whisky/jim-beam-white-label-40-kentucky-straight-bourbon-whiskey/ ; /shop/whisky/jim-beam-8-year-old-pin-bottle-235th-anniversary-2025-limited-edition-kentucky-straight-bourbon-whiskey/"
"jim beam 1 ltr","Commercial","Commercial","140","9","secondary","0","1","0","1","Product","/shop/whisky/jim-beam-white-label-40-kentucky-straight-bourbon-whiskey/"
"double vodka cruiser","Commercial","Commercial","140","10","secondary","0","1","0","1","Product","/shop/beer-premix-wine/vodka-cruiser-sugar-free-mixed-berry-6-x-4-pack-bottles/"
"sparkling moscato brown brothers","Commercial","Commercial","140","9","secondary","0","1","0","1","Product","/shop/beer-premix-wine/brown-brothers-king-valley-prosecco-nv/"
"bourbon a whisky","Informational","Informational","140","17","secondary","0","1","0","1","Blog","/blog/what-makes-bourbon-different/"
"alcohol in bourbon","Informational","Informational","140","16","secondary","0","1","0","1","Blog","/blog/what-makes-bourbon-different/"
"bourbon and proof","Informational","Informational","140","16","secondary","0","1","0","1","Blog","/blog/what-makes-bourbon-different/"
"straight kentucky bourbon whiskey","Informational","Informational","140","6","secondary","0","1","0","1","Blog","/blog/what-makes-bourbon-different/"
"bulleit bourbon rye","Informational, Commercial","Commercial","140","12","tag","0","0","1","1","Blog","/blog/beginners-guide-to-rye-whiskey/"
"japanese scotch hibiki","Informational","Informational","140","17","secondary","0","1","0","1","Blog","/blog/why-japanese-whisky-became-a-global-obsession/"
"suntory kakubin","Informational","Informational","140","17","secondary","0","1","0","1","Blog","/blog/why-japanese-whisky-became-a-global-obsession/"
"nant distillery tasmania","Informational","Informational","140","11","secondary","0","1","0","1","Blog","/blog/rise-of-australian-single-malt-whisky/"
"whats mezcal","Informational","Informational","140","21","secondary","0","1","0","1","Blog","/blog/mezcal-vs-tequila-difference/"
"difference between tequila and mezcal","Informational","Informational","140","18","secondary","0","1","0","1","Blog","/blog/mezcal-vs-tequila-difference/"
"mezcal fabrication","Navigational","Navigational","140","27","secondary","0","1","0","1","Blog","/blog/mezcal-vs-tequila-difference/"
"lager beers","Commercial","Commercial","140","11","tag","0","0","1","1","Blog","/blog/lager-vs-imported-beer-buyers-guide/"
"non alcoholic gin and tonic","Informational","Informational","140","10","secondary","0","1","0","1","Blog","/blog/why-non-alcoholic-beer-is-booming/"
"non alcoholic limoncello","Informational","Informational","140","7","secondary","0","1","0","1","Blog","/blog/why-non-alcoholic-beer-is-booming/"
"non alcoholic recipes","Informational","Informational","140","27","secondary","0","1","0","1","Blog","/blog/why-non-alcoholic-beer-is-booming/"
"glass of sparkling wine","Informational","Informational","140","10","secondary","0","1","0","1","Blog","/blog/everything-about-rose-wine/"
"sparkling wine spumante","Informational","Informational","140","27","secondary","0","1","0","1","Blog","/blog/everything-about-rose-wine/"
"champagne chandon rose","Informational","Informational","140","10","secondary","0","2","0","2","Blog","/blog/champagne-vs-sparkling-wine-vs-port/ ; /blog/champagne-rose-brut-guide-veuve-clicquot-krug/"
"premix king wendouree","Informational","Informational","140","14","secondary","0","1","0","1","Blog","/blog/ready-to-drink-premix-trend/"
"cocktail vodka soda","Informational","Informational","140","22","secondary","0","1","0","1","Blog","/blog/rise-of-zero-sugar-seltzers/"
"drink vodka soda","Informational","Informational","140","14","secondary","0","1","0","1","Blog","/blog/rise-of-zero-sugar-seltzers/"
"recipe for vodka soda","Informational","Informational","140","26","secondary","0","1","0","1","Blog","/blog/rise-of-zero-sugar-seltzers/"
"vodka soda cocktail recipe","Informational","Informational","140","27","secondary","0","1","0","1","Blog","/blog/rise-of-zero-sugar-seltzers/"
"zero sugar soft drinks","Informational","Informational","140","18","secondary","0","1","0","1","Blog","/blog/rise-of-zero-sugar-seltzers/"
"zero sugar sprite","Informational","Informational","140","24","secondary","0","1","0","1","Blog","/blog/rise-of-zero-sugar-seltzers/"
"coca cola zero sugar calories","Informational","Informational","140","28","secondary","0","1","0","1","Blog","/blog/rise-of-zero-sugar-seltzers/"
"limoncello prosecco drink","Informational","Informational","140","10","secondary","0","1","0","1","Blog","/blog/prosecco-guide-aperol-spritz-rose-mimosa/"
"limoncello prosecco","Informational","Informational","140","15","secondary","0","1","0","1","Blog","/blog/prosecco-guide-aperol-spritz-rose-mimosa/"
"prosecco limoncello","Informational","Informational","140","28","secondary","0","1","0","1","Blog","/blog/prosecco-guide-aperol-spritz-rose-mimosa/"
"whats prosecco","Informational","Informational","140","20","secondary","0","1","0","1","Blog","/blog/prosecco-guide-aperol-spritz-rose-mimosa/"
"expensive prosecco wine","Commercial","Commercial","140","22","tag","0","0","1","1","Blog","/blog/prosecco-guide-aperol-spritz-rose-mimosa/"
"prosecco cost","Informational, Commercial","Commercial","140","11","tag","0","0","1","1","Blog","/blog/prosecco-guide-aperol-spritz-rose-mimosa/"
"prosecco wine price","Commercial","Commercial","140","15","tag","0","0","1","1","Blog","/blog/prosecco-guide-aperol-spritz-rose-mimosa/"
"brut prosecco","Commercial","Commercial","140","7","tag","0","0","1","1","Blog","/blog/prosecco-guide-aperol-spritz-rose-mimosa/"
"cinzano vermouth extra dry","Informational","Informational","140","6","secondary","0","1","0","1","Blog","/blog/what-is-vermouth-sweet-dry-cocktails/"
"bianco vermouth","Informational","Informational","140","7","secondary","0","1","0","1","Blog","/blog/what-is-vermouth-sweet-dry-cocktails/"
"noilly prat vermouth","Commercial","Commercial","140","19","tag","0","0","1","1","Blog","/blog/what-is-vermouth-sweet-dry-cocktails/"
"rosso antico vermouth","Informational, Commercial","Commercial","140","6","tag","0","0","1","1","Blog","/blog/what-is-vermouth-sweet-dry-cocktails/"
"best pinot gris australia","Commercial","Commercial","140","9","tag","0","0","1","1","Blog","/blog/pinot-grigio-vs-pinot-gris-italy-guide/"
"sauvignon blanc cooking","Informational","Informational","140","15","secondary","0","1","0","1","Blog","/blog/sauvignon-blanc-guide-low-alcohol-cooking-pairing/"
"paloma pink","Informational","Informational","140","20","secondary","0","1","0","1","Blog","/blog/pink-gin-and-soda-what-is-pink-gin/"
"ouzo flavour","Informational","Informational","140","9","secondary","0","1","0","1","Blog","/blog/what-is-ouzo-greek-drink-flavour-serving/"
"beers low in carbs","Informational","Informational","140","21","secondary","0","1","0","1","Blog","/blog/beer-with-least-carbs-lowest-carb-beer-australia/"
"non calorie alcohol","Informational","Informational","140","8","secondary","0","1","0","1","Blog","/blog/beer-with-least-carbs-lowest-carb-beer-australia/"
"cabernet court","Informational","Informational","140","14","secondary","0","1","0","1","Blog","/blog/cabernet-sauvignon-merlot-grenache-red-wine-grapes/"
"ipa vs xpa","Commercial","Commercial","140","10","tag","0","0","1","1","Blog","/blog/what-is-ipa-beer-india-pale-ale-explained/"
"ipa recruitment agency","Commercial","Commercial","140","14","tag","0","0","1","1","Blog","/blog/what-is-ipa-beer-india-pale-ale-explained/"
"glendalough irish whiskey","Informational","Informational","140","13","secondary","0","1","0","1","Blog","/blog/irish-whiskey-guide-bushmills-redbreast-how-its-made/"
"irish whiskey premium","Commercial","Commercial","140","6","tag","0","0","1","1","Blog","/blog/irish-whiskey-guide-bushmills-redbreast-how-its-made/"
"bushmills whisky","Informational, Commercial","Commercial","140","13","tag","0","0","1","1","Blog","/blog/irish-whiskey-guide-bushmills-redbreast-how-its-made/"
"high rye bourbon","Commercial","Commercial","110","17","primary + tag","1","0","10","11","Sub-category / Product","/shop/whisky/collection/rye-whiskey/ ; /shop/whisky/elijah-craig-rye-rye-whiskey/ ; /shop/whisky/high-west-midwinter-nights-dram-rye-whiskey/"
"moutai wine","Informational, Commercial","Commercial","110","10","primary + secondary + tag","1","6","1","8","Sub-category / Product / Blog","/shop/spirit/collection/baijiu/ ; /shop/spirit/kweichow-moutai-flying-fairy-baijiu-53-percent/ ; /shop/spirit/moutai-by-camus-baijiu/"
"cinnamon liqueur","Informational, Transactional","Transactional","110","10","primary","1","0","0","1","Sub-category","/shop/spirit/collection/cinnamon-liqueur/"
"water prices","Transactional","Transactional","110","14","primary","1","0","0","1","Sub-category","/shop/other/collection/mixers-water-condiments/"
"macallan sherry oak","Informational, Commercial","Commercial","110","11","primary + secondary","1","24","0","25","Product","/shop/whisky/macallan-25-year-old-sherry-oak-single-malt/ ; /shop/whisky/macallan-12-sherry-oak-scotch-whisky/ ; /shop/whisky/macallan-12yo-colour-collection-scotch-whisky/"
"lark scotch","Informational, Transactional","Transactional","110","19","primary","1","0","0","1","Product","/shop/whisky/lark-legacy-rare-cask-series-para-100-vintage/"
"russian vodka brands","Informational, Commercial","Commercial","110","12","primary + secondary","1","5","0","6","Product","/shop/spirit/red-ak47-russian-vodka/ ; /shop/spirit/red-army-ak47-grenade-russian-vodka/ ; /shop/spirit/russian-standard-gold-russian-vodka/"
"vodka belvedere price","Transactional","Transactional","110","9","primary","1","0","0","1","Product","/shop/spirit/belvedere-ginger-zest/"
"vodka grey goose price","Transactional","Transactional","110","11","primary","1","0","0","1","Product","/shop/spirit/grey-goose-vx-gb-grey-goose/"
"don julio 1942 tequila price","Transactional","Transactional","110","9","primary","1","0","0","1","Product","/shop/spirit/don-julio-1942-snake-don-julio/"
"bacardi cost","Informational, Transactional","Transactional","110","10","primary","1","0","0","1","Product","/shop/spirit/bacardi-cuarto-sherry-spiced-rum/"
"gin hendricks","Informational","Informational","110","17","primary","1","0","0","1","Product","/shop/spirit/hendricks-amazonia-gin/"
"heineken 330ml cans","Commercial","Commercial","110","6","primary + secondary","1","1","0","2","Product","/shop/beer-premix-wine/heineken-zero-cans-330ml-non-alcoholic-beer/ ; /shop/beer-premix-wine/heineken-zero-stubs-non-alcoholic-beer/"
"buy ginger beer online","Transactional","Transactional","110","13","primary","1","0","0","1","Product","/shop/beer-premix-wine/ginger-kid-ginger-beer/"
"brown brothers prosecco cans","Commercial","Commercial","110","8","primary","1","0","0","1","Product","/shop/beer-premix-wine/brown-brothers-king-valley-prosecco-nv/"
"ouzo greek drink","Informational","Informational","110","17","primary","1","0","0","1","Blog","/blog/what-is-ouzo-greek-drink-flavour-serving/"
"cabernet red wine","Informational","Informational","110","17","primary","1","0","0","1","Blog","/blog/cabernet-sauvignon-merlot-grenache-red-wine-grapes/"
"cider delivery","Commercial","Commercial","110","21","tag","0","0","1","1","Page","/shipping/"
"liqueurs online","Commercial","Commercial","110","15","tag","0","0","1","1","Page","/shipping/"
"beer in online","Commercial","Commercial","110","20","tag","0","0","1","1","Page","/shipping/"
"rum online","Commercial","Commercial","110","7","tag","0","0","1","1","Page","/shipping/"
"rotwein online","Commercial","Commercial","110","25","tag","0","0","1","1","Page","/shipping/"
"whisky gift pack australia","Commercial","Commercial","110","6","tag","0","0","1","1","Page","/contact/"
"whisky gifts australia","Commercial","Commercial","110","9","tag","0","0","1","1","Page","/contact/"
"whisky gift sets","Commercial","Commercial","110","6","tag","0","0","1","1","Page","/contact/"
"gin gift sets","Commercial","Commercial","110","13","tag","0","0","1","1","Page","/contact/"
"gin gift box","Commercial","Commercial","110","4","tag","0","0","1","1","Page","/contact/"
"glenfiddich gift set","Commercial","Commercial","110","11","tag","0","0","1","1","Page","/contact/"
"wines gifts","Informational, Commercial","Commercial","110","12","tag","0","0","1","1","Page","/contact/"
"rum gift pack","Commercial","Commercial","110","5","tag","0","0","1","1","Page","/contact/"
"australian rye whiskey","Commercial","Commercial","110","8","tag","0","0","24","24","Sub-category / Product / Blog","/shop/whisky/collection/rye-whiskey/ ; /shop/whisky/collection/australian-whisky/ ; /shop/whisky/lark-legacy-rare-cask-series-para-100-vintage/"
"rye liquor brands","Commercial","Commercial","110","21","tag","0","0","11","11","Sub-category / Product","/shop/whisky/collection/rye-whiskey/ ; /shop/whisky/elijah-craig-rye-rye-whiskey/ ; /shop/whisky/high-west-midwinter-nights-dram-rye-whiskey/"
"canadian rye whisky","Informational, Commercial","Commercial","110","20","tag","0","0","11","11","Sub-category / Product","/shop/whisky/collection/rye-whiskey/ ; /shop/whisky/elijah-craig-rye-rye-whiskey/ ; /shop/whisky/high-west-midwinter-nights-dram-rye-whiskey/"
"australian whisky brands","Informational, Commercial","Commercial","110","14","tag","0","0","13","13","Sub-category / Product / Blog","/shop/whisky/collection/australian-whisky/ ; /shop/whisky/lark-legacy-rare-cask-series-para-100-vintage/ ; /shop/whisky/dark-lark-2026-australian-whisky/"
"best australian single malt whiskey","Commercial","Commercial","110","16","tag","0","0","13","13","Sub-category / Product / Blog","/shop/whisky/collection/australian-whisky/ ; /shop/whisky/lark-legacy-rare-cask-series-para-100-vintage/ ; /shop/whisky/dark-lark-2026-australian-whisky/"
"australian distilleries","Commercial","Commercial","110","22","tag","0","0","12","12","Sub-category / Product","/shop/whisky/collection/australian-whisky/ ; /shop/whisky/lark-legacy-rare-cask-series-para-100-vintage/ ; /shop/whisky/dark-lark-2026-australian-whisky/"
"magpie lark male vs female","Informational, Commercial","Commercial","110","21","tag","0","0","13","13","Sub-category / Product / Blog","/shop/whisky/collection/australian-whisky/ ; /shop/whisky/lark-legacy-rare-cask-series-para-100-vintage/ ; /shop/whisky/dark-lark-2026-australian-whisky/"
"polish vodka australia","Informational, Commercial","Commercial","110","5","tag","0","0","9","9","Sub-category / Product","/shop/spirit/collection/polish-vodka/ ; /shop/spirit/belvedere-200ml-polish-vodka/ ; /shop/spirit/belvedere-700-polish-vodka/"
"polish cherry vodka","Informational, Commercial","Commercial","110","18","tag","0","0","9","9","Sub-category / Product","/shop/spirit/collection/polish-vodka/ ; /shop/spirit/belvedere-200ml-polish-vodka/ ; /shop/spirit/belvedere-700-polish-vodka/"
"vodka chopin potato","Informational, Commercial","Commercial","110","13","tag","0","0","9","9","Sub-category / Product","/shop/spirit/collection/polish-vodka/ ; /shop/spirit/belvedere-200ml-polish-vodka/ ; /shop/spirit/belvedere-700-polish-vodka/"
"grey goose 200ml","Commercial","Commercial","110","10","tag","0","0","1","1","Sub-category","/shop/spirit/collection/grey-goose/"
"grey goose 1.75 liter","Commercial","Commercial","110","8","tag","0","0","1","1","Sub-category","/shop/spirit/collection/grey-goose/"
"earl grey gin","Informational, Commercial","Commercial","110","6","tag","0","0","12","12","Sub-category / Product","/shop/spirit/collection/grey-goose/ ; /shop/spirit/grey-goose-altius-ultra-premium-french-vodka/ ; /shop/spirit/grey-goose-1l-grey-goose/"
"tequila vs mezcal","Informational, Commercial","Commercial","110","24","secondary + tag","0","6","1","7","Sub-category / Product / Blog","/shop/spirit/collection/mezcal/ ; /shop/spirit/guerrero-mezcal-50ml/ ; /shop/spirit/guerrero-mezcal/"
"coffee patron tequila","Informational, Commercial","Commercial","110","12","secondary + tag","0","4","13","17","Sub-category / Product","/shop/spirit/collection/patron/ ; /shop/spirit/gran-patron-burdeos-extra-anejo-tequila/ ; /shop/spirit/patron-50ml-collection-patron/"
"patron tequila xo cafe","Commercial","Commercial","110","14","tag","0","0","1","1","Sub-category","/shop/spirit/collection/patron/"
"tequila patron coffee","Informational, Commercial","Commercial","110","14","secondary + tag","0","4","13","17","Sub-category / Product","/shop/spirit/collection/patron/ ; /shop/spirit/gran-patron-burdeos-extra-anejo-tequila/ ; /shop/spirit/patron-50ml-collection-patron/"
"small patron bottle","Commercial","Commercial","110","27","tag","0","0","1","1","Sub-category","/shop/spirit/collection/patron/"
"little patron bottles","Commercial","Commercial","110","27","tag","0","0","1","1","Sub-category","/shop/spirit/collection/patron/"
"mini patron tequila bottles","Commercial","Commercial","110","20","tag","0","0","1","1","Sub-category","/shop/spirit/collection/patron/"
"1942 don julio cost","Commercial","Commercial","110","12","secondary + tag","0","3","1","4","Sub-category / Product","/shop/spirit/collection/don-julio/ ; /shop/spirit/don-julio-1942-ultima-reserva-extra-anejo/ ; /shop/spirit/don-julio-1942-50ml-don-julio/"
"don julio anejo tequila","Informational, Commercial","Commercial","110","12","secondary + tag","0","9","4","13","Sub-category / Product","/shop/spirit/collection/don-julio/ ; /shop/spirit/don-julio-1942-ultima-reserva-extra-anejo/ ; /shop/spirit/don-julio-1942-50ml-don-julio/"
"don julio 1942 tequila cost","Informational, Commercial","Commercial","110","7","secondary + tag","0","1","3","4","Sub-category / Product","/shop/spirit/collection/don-julio/ ; /shop/spirit/don-julio-1942-ultima-reserva-extra-anejo/ ; /shop/spirit/don-julio-1942-50ml-don-julio/"
"john cuervo tequila","Commercial","Commercial","110","13","secondary + tag","0","4","1","5","Sub-category / Product","/shop/spirit/collection/jose-cuervo/ ; /shop/spirit/jose-cuervo-cristalino-anejo-jose-cuervo/ ; /shop/spirit/jose-cuervo-gold-50ml-jose-cuervo/"
"josé cuervo","Informational, Commercial","Commercial","110","14","secondary + tag","0","2","3","5","Sub-category / Product","/shop/spirit/collection/jose-cuervo/ ; /shop/spirit/jose-cuervo-cristalino-anejo-jose-cuervo/ ; /shop/spirit/jose-cuervo-gold-50ml-jose-cuervo/"
"coffee liqueurs","Informational, Commercial","Commercial","110","11","secondary + tag","0","2","5","7","Sub-category / Product","/shop/spirit/collection/coffee-liqueur/ ; /shop/spirit/avion-espresso-tequila/ ; /shop/spirit/kahlua-16abv-coffee-liqueur/"
"st germain liquor","Informational, Commercial","Commercial","110","24","secondary + tag","0","2","4","6","Sub-category / Product","/shop/spirit/collection/orange-liqueur/ ; /shop/spirit/1800-guachimonton-orange-liqueur/ ; /shop/spirit/cointreau-50ml-orange-liqueur/"
"cointreau 1 liter","Informational, Commercial","Commercial","110","11","tag","0","0","1","1","Sub-category","/shop/spirit/collection/orange-liqueur/"
"angostura orange bitters","Informational, Commercial","Commercial","110","22","secondary + tag","0","1","5","6","Sub-category / Product","/shop/spirit/collection/orange-liqueur/ ; /shop/spirit/1800-guachimonton-orange-liqueur/ ; /shop/spirit/cointreau-50ml-orange-liqueur/"
"averna amaro siciliano","Informational, Commercial","Commercial","110","19","tag","0","0","11","11","Sub-category / Product","/shop/spirit/collection/amaro/ ; /shop/spirit/chartreuse-vep-green-herbal-liqueur/ ; /shop/spirit/amaro-averna/"
"aperol spritz kit","Commercial","Commercial","110","9","tag","0","0","11","11","Sub-category / Product","/shop/spirit/collection/amaro/ ; /shop/spirit/chartreuse-vep-green-herbal-liqueur/ ; /shop/spirit/amaro-averna/"
"cost of campari","Informational, Commercial","Commercial","110","11","tag","0","0","11","11","Sub-category / Product","/shop/spirit/collection/amaro/ ; /shop/spirit/chartreuse-vep-green-herbal-liqueur/ ; /shop/spirit/amaro-averna/"
"aperol spritz to go","Commercial","Commercial","110","11","tag","0","0","11","11","Sub-category / Product","/shop/spirit/collection/amaro/ ; /shop/spirit/chartreuse-vep-green-herbal-liqueur/ ; /shop/spirit/amaro-averna/"
"aperol to go","Informational, Commercial","Commercial","110","20","tag","0","0","11","11","Sub-category / Product","/shop/spirit/collection/amaro/ ; /shop/spirit/chartreuse-vep-green-herbal-liqueur/ ; /shop/spirit/amaro-averna/"
"canned aperol spritz","Commercial","Commercial","110","14","tag","0","0","11","11","Sub-category / Product","/shop/spirit/collection/amaro/ ; /shop/spirit/chartreuse-vep-green-herbal-liqueur/ ; /shop/spirit/amaro-averna/"
"aperol spritz in a can","Commercial","Commercial","110","16","tag","0","0","11","11","Sub-category / Product","/shop/spirit/collection/amaro/ ; /shop/spirit/chartreuse-vep-green-herbal-liqueur/ ; /shop/spirit/amaro-averna/"
"absinthe sydney","Commercial","Commercial","110","21","secondary","0","11","0","11","Sub-category / Product","/shop/spirit/collection/absinthe/ ; /shop/spirit/absinthe-black-100-absinthe/ ; /shop/spirit/absinthe-black-700-absinthe/"
"limoncello cans","Commercial","Commercial","110","9","secondary","0","9","0","9","Sub-category / Product","/shop/spirit/collection/limoncello/ ; /shop/spirit/24-ice-frozen-cocktails-5pack-limoncello/ ; /shop/spirit/bottega-limoncino-limoncello/"
"limoncello spritz de bortoli","Informational, Commercial","Commercial","110","14","secondary + tag","0","9","1","10","Sub-category / Product","/shop/spirit/collection/limoncello/ ; /shop/spirit/24-ice-frozen-cocktails-5pack-limoncello/ ; /shop/spirit/bottega-limoncino-limoncello/"
"japanese drink soju","Informational, Commercial","Commercial","110","19","tag","0","0","12","12","Sub-category / Product","/shop/other/collection/soju/ ; /shop/other/ilpoom-jinro-1924-heritage-premium-soju/ ; /shop/other/charm-malgeun-kiwiberry-soju/"
"japanese soju drink","Informational, Commercial","Commercial","110","24","tag","0","0","12","12","Sub-category / Product","/shop/other/collection/soju/ ; /shop/other/ilpoom-jinro-1924-heritage-premium-soju/ ; /shop/other/charm-malgeun-kiwiberry-soju/"
"flavour soju","Commercial","Commercial","110","21","tag","0","0","12","12","Sub-category / Product","/shop/other/collection/soju/ ; /shop/other/ilpoom-jinro-1924-heritage-premium-soju/ ; /shop/other/charm-malgeun-kiwiberry-soju/"
"soju pack","Commercial","Commercial","110","12","tag","0","0","12","12","Sub-category / Product","/shop/other/collection/soju/ ; /shop/other/ilpoom-jinro-1924-heritage-premium-soju/ ; /shop/other/charm-malgeun-kiwiberry-soju/"
"soju original","Informational, Commercial","Commercial","110","11","tag","0","0","12","12","Sub-category / Product","/shop/other/collection/soju/ ; /shop/other/ilpoom-jinro-1924-heritage-premium-soju/ ; /shop/other/charm-malgeun-kiwiberry-soju/"
"japanese soju","Informational, Commercial","Commercial","110","14","tag","0","0","12","12","Sub-category / Product","/shop/other/collection/soju/ ; /shop/other/ilpoom-jinro-1924-heritage-premium-soju/ ; /shop/other/charm-malgeun-kiwiberry-soju/"
"jinro chamisul","Commercial","Commercial","110","16","tag","0","0","12","12","Sub-category / Product","/shop/other/collection/soju/ ; /shop/other/ilpoom-jinro-1924-heritage-premium-soju/ ; /shop/other/charm-malgeun-kiwiberry-soju/"
"champagne sparkling wine","Informational, Commercial","Commercial","110","23","secondary + tag","0","1","7","8","Sub-category / Product","/shop/beer-premix-wine/collection/champagne/ ; /shop/beer-premix-wine/gh-mumm-corodn-rouge-brut-sparkling-wine/ ; /shop/beer-premix-wine/krug-grande-cuvee-brut-m-v-half-bottle-champagne/"
"cheap sparkling champagne","Commercial","Commercial","110","10","tag","0","0","7","7","Sub-category / Product","/shop/beer-premix-wine/collection/champagne/ ; /shop/beer-premix-wine/krug-grande-cuvee-brut-m-v-half-bottle-champagne/ ; /shop/beer-premix-wine/laurent-perrier-la-cuvee-brut-champagne-nv/"
"champagne prices","Commercial","Commercial","110","12","tag","0","0","7","7","Sub-category / Product","/shop/beer-premix-wine/collection/champagne/ ; /shop/beer-premix-wine/krug-grande-cuvee-brut-m-v-half-bottle-champagne/ ; /shop/beer-premix-wine/laurent-perrier-la-cuvee-brut-champagne-nv/"
"champagne vs sparkling","Informational, Commercial","Commercial","110","10","tag","0","0","7","7","Sub-category / Product","/shop/beer-premix-wine/collection/champagne/ ; /shop/beer-premix-wine/krug-grande-cuvee-brut-m-v-half-bottle-champagne/ ; /shop/beer-premix-wine/laurent-perrier-la-cuvee-brut-champagne-nv/"
"cheap french champagne","Commercial","Commercial","110","9","tag","0","0","7","7","Sub-category / Product","/shop/beer-premix-wine/collection/champagne/ ; /shop/beer-premix-wine/krug-grande-cuvee-brut-m-v-half-bottle-champagne/ ; /shop/beer-premix-wine/laurent-perrier-la-cuvee-brut-champagne-nv/"
"cheapest champagne","Commercial","Commercial","110","10","tag","0","0","7","7","Sub-category / Product","/shop/beer-premix-wine/collection/champagne/ ; /shop/beer-premix-wine/krug-grande-cuvee-brut-m-v-half-bottle-champagne/ ; /shop/beer-premix-wine/laurent-perrier-la-cuvee-brut-champagne-nv/"
"sauvignon blanc wine for cooking","Commercial","Commercial","110","8","secondary + tag","0","6","1","7","Sub-category / Product / Blog","/shop/beer-premix-wine/collection/sauvignon-blanc/ ; /shop/beer-premix-wine/gentleman-s-duel-south-australian-sauvignon-blanc/ ; /shop/beer-premix-wine/alexander-hill-premium-selection-sauvignon-blanc-big-rivers-riverina/"
"red wine cabernet sauvignon","Informational, Commercial","Commercial","110","17","secondary + tag","0","7","1","8","Sub-category / Product / Blog","/shop/beer-premix-wine/collection/cabernet-sauvignon/ ; /shop/beer-premix-wine/alexander-hill-premium-selection-cabernet-sauvignon-big-river-riverina/ ; /shop/beer-premix-wine/holy-cab-victorian-cabernet-sauvignon-red-wine-magnum/"
"campari price","Commercial","Commercial","110","9","tag","0","0","10","10","Product","/shop/spirit/chartreuse-vep-green-herbal-liqueur/ ; /shop/spirit/amaro-averna/ ; /shop/spirit/amaro-lucano/"
"aperol spritz pre mixed","Commercial","Commercial","110","12","tag","0","0","10","10","Product","/shop/spirit/chartreuse-vep-green-herbal-liqueur/ ; /shop/spirit/amaro-averna/ ; /shop/spirit/amaro-lucano/"
"10 laphroaig","Informational, Commercial","Commercial","110","15","secondary","0","2","0","2","Product","/shop/whisky/laphroaig-10-glass-pack-scotch-whisky/ ; /shop/whisky/laphroaig-10-sherry-oak-scotch-whisky/"
"blue label johnnie","Informational, Commercial","Commercial","110","13","secondary","0","2","0","2","Product","/shop/whisky/johnnie-blue-200ml-scotch-whisky/ ; /shop/whisky/johnnie-blue-700ml-scotch-whisky/"
"vodka smirnoff 1l","Commercial","Commercial","110","9","secondary","0","3","0","3","Product","/shop/spirit/smirnoff-blue-1l-russian-vodka/ ; /shop/spirit/smirnoff-gold-1l-russian-vodka/ ; /shop/spirit/smirnoff-gold-1l-cinnamon-liqueur/"
"mini absolut vodka","Commercial","Commercial","110","11","tag","0","0","2","2","Product","/shop/spirit/belvedere-200ml-polish-vodka/ ; /shop/spirit/chopin-potatovodka-750ml/"
"700ml of vodka","Commercial","Commercial","110","7","tag","0","0","2","2","Product","/shop/spirit/belvedere-intense-polish-vodka/ ; /shop/spirit/belvedere-smogory-forest-polish-vodka/"
"tequila kah reposado","Informational, Commercial","Commercial","110","9","secondary","0","1","0","1","Product","/shop/spirit/kah-blanco-tequila/"
"cognac martell","Commercial","Commercial","110","14","secondary","0","5","0","5","Product","/shop/spirit/martell-blue-swift-cognac-brandy/ ; /shop/spirit/martell-chanteloup-xxo-cognac-brandy/ ; /shop/spirit/martell-cordon-bleu-cognac-brandy/"
"martell xo cognac 700ml","Commercial","Commercial","110","6","secondary + tag","0","3","1","4","Product","/shop/spirit/martell-blue-swift-cognac-brandy/ ; /shop/spirit/martell-chanteloup-xxo-cognac-brandy/ ; /shop/spirit/martell-cordon-bleu-cognac-brandy/"
"cognac hennessy","Informational, Commercial","Commercial","110","11","secondary","0","3","0","3","Product","/shop/spirit/hennessy-master-blender-no5-cognac-brandy/ ; /shop/spirit/hennessy-vsop-cognac-brandy/ ; /shop/spirit/hennessy-xo-cognac-brandy/"
"xo hennessy cognac","Informational, Commercial","Commercial","110","9","secondary","0","3","0","3","Product","/shop/spirit/hennessy-master-blender-no5-cognac-brandy/ ; /shop/spirit/hennessy-vsop-cognac-brandy/ ; /shop/spirit/hennessy-xo-cognac-brandy/"
"hennessy vsop cognac 700ml","Informational, Commercial","Commercial","110","10","secondary","0","3","0","3","Product","/shop/spirit/hennessy-master-blender-no5-cognac-brandy/ ; /shop/spirit/hennessy-vsop-cognac-brandy/ ; /shop/spirit/hennessy-xo-cognac-brandy/"
"hennessy cognac cost","Informational, Commercial","Commercial","110","10","secondary","0","3","0","3","Product","/shop/spirit/hennessy-master-blender-no5-cognac-brandy/ ; /shop/spirit/hennessy-vsop-cognac-brandy/ ; /shop/spirit/hennessy-xo-cognac-brandy/"
"irish cream baileys","Commercial","Commercial","110","14","secondary","0","9","0","9","Product","/shop/spirit/baileys-1l-baileys-irish-cream/ ; /shop/spirit/baileys-700-baileys-irish-cream/ ; /shop/spirit/baileys-apple-pie-baileys-irish-cream/"
"baileys irish cream liqueur 700ml","Commercial","Commercial","110","6","secondary","0","8","0","8","Product","/shop/spirit/baileys-700-baileys-irish-cream/ ; /shop/spirit/baileys-apple-pie-baileys-irish-cream/ ; /shop/spirit/baileys-cinnamon-scroll-baileys-irish-cream/"
"ginger beer abv","Commercial","Commercial","110","10","secondary","0","1","0","1","Product","/shop/beer-premix-wine/ginger-kid-ginger-beer/"
"ginger beer sugar free","Informational, Commercial","Commercial","110","9","secondary","0","1","0","1","Product","/shop/beer-premix-wine/ginger-kid-ginger-beer/"
"ginger beer bottle","Commercial","Commercial","110","12","secondary","0","1","0","1","Product","/shop/beer-premix-wine/ginger-kid-ginger-beer/"
"chandon brut sparkling","Informational, Commercial","Commercial","110","16","secondary","0","1","0","1","Product","/shop/beer-premix-wine/chandon-sparkling-rose-rose-wine/"
"alcohol free sparkling","Commercial","Commercial","110","14","tag","0","0","1","1","Product","/shop/beer-premix-wine/gh-mumm-corodn-rouge-brut-sparkling-wine/"
"red sparkling","Informational, Commercial","Commercial","110","10","tag","0","0","1","1","Product","/shop/beer-premix-wine/gh-mumm-corodn-rouge-brut-sparkling-wine/"
"hard cider cans","Commercial","Commercial","110","12","secondary","0","1","0","1","Product","/shop/beer-premix-wine/hard-rated-30-pack-vodka-premix/"
"glenmorangie single malt scotch","Informational, Commercial","Commercial","110","9","secondary","0","3","0","3","Product","/shop/whisky/glenmorangie-14-year-old-the-quinta-ruban-port-cask-single-malt-scotch-whisky/ ; /shop/whisky/glenmorangie-18-year-old-extremely-rare-single-malt-scotch-whisky/ ; /shop/whisky/glenmorangie-1996-grand-vintage-23-year-old-single-malt-scotch-whisky/"
"glenmorangie malt scotch","Commercial","Commercial","110","11","secondary","0","3","0","3","Product","/shop/whisky/glenmorangie-14-year-old-the-quinta-ruban-port-cask-single-malt-scotch-whisky/ ; /shop/whisky/glenmorangie-18-year-old-extremely-rare-single-malt-scotch-whisky/ ; /shop/whisky/glenmorangie-1996-grand-vintage-23-year-old-single-malt-scotch-whisky/"
"bourbon jim beam white","Informational, Commercial","Commercial","110","8","secondary","0","3","0","3","Product","/shop/whisky/jim-beam-white-label-kentucky-bourbon-whiskey/ ; /shop/whisky/jim-beam-white-label-40-kentucky-straight-bourbon-whiskey/ ; /shop/whisky/jim-beam-8-year-old-pin-bottle-235th-anniversary-2025-limited-edition-kentucky-straight-bourbon-whiskey/"
"jim beam 1 liter","Commercial","Commercial","110","13","secondary","0","1","0","1","Product","/shop/whisky/jim-beam-white-label-40-kentucky-straight-bourbon-whiskey/"
"absolut vodka bottle","Commercial","Commercial","110","12","secondary","0","2","0","2","Product","/shop/spirit/absolut-swedish-vodka/ ; /shop/spirit/absolut-tabasco-chilli-pepper-flavoured-swedish-vodka/"
"vodka absolut price","Commercial","Commercial","110","9","secondary","0","2","0","2","Product","/shop/spirit/absolut-swedish-vodka/ ; /shop/spirit/absolut-tabasco-chilli-pepper-flavoured-swedish-vodka/"
"12 ouzo","Informational, Commercial","Commercial","110","11","secondary + tag","0","1","1","2","Product / Blog","/shop/spirit/ouzo-12/ ; /blog/what-is-ouzo-greek-drink-flavour-serving/"
"whiskey is bourbon","Informational","Informational","110","12","secondary","0","1","0","1","Blog","/blog/what-makes-bourbon-different/"
"willets bourbon","Navigational","Navigational","110","25","secondary","0","1","0","1","Blog","/blog/what-makes-bourbon-different/"
"straight bourbon whiskey","Informational","Informational","110","8","secondary","0","1","0","1","Blog","/blog/what-makes-bourbon-different/"
"what is in rye whiskey","Informational","Informational","110","16","secondary","0","1","0","1","Blog","/blog/beginners-guide-to-rye-whiskey/"
"bill lark","Informational","Informational","110","11","secondary","0","1","0","1","Blog","/blog/rise-of-australian-single-malt-whisky/"
"lark distilling co ltd","Navigational","Navigational","110","28","secondary","0","1","0","1","Blog","/blog/rise-of-australian-single-malt-whisky/"
"lark hill wiltshire","Informational","Informational","110","19","secondary","0","1","0","1","Blog","/blog/rise-of-australian-single-malt-whisky/"
"sparkling wine tasmania","Commercial","Commercial","110","10","tag","0","0","1","1","Blog","/blog/rise-of-australian-single-malt-whisky/"
"del maguey vida mezcal","Informational","Informational","110","9","secondary","0","1","0","1","Blog","/blog/mezcal-vs-tequila-difference/"
"gin and tonic non alcoholic","Informational","Informational","110","8","secondary","0","1","0","1","Blog","/blog/why-non-alcoholic-beer-is-booming/"
"alcohol free budweiser","Informational","Informational","110","22","secondary","0","1","0","1","Blog","/blog/why-non-alcoholic-beer-is-booming/"
"yellow tail rose sparkling wine","Informational","Informational","110","19","secondary","0","1","0","1","Blog","/blog/everything-about-rose-wine/"
"yellow tail rose sparkling","Informational","Informational","110","23","secondary","0","1","0","1","Blog","/blog/everything-about-rose-wine/"
"white sparkling wine","Informational","Informational","110","9","secondary","0","1","0","1","Blog","/blog/everything-about-rose-wine/"
"is chardonnay sparkling wine","Informational","Informational","110","8","secondary","0","1","0","1","Blog","/blog/everything-about-rose-wine/"
"moscato pink sparkling wine","Informational","Informational","110","7","secondary","0","2","0","2","Blog","/blog/everything-about-rose-wine/ ; /blog/pink-gin-and-soda-what-is-pink-gin/"
"sparkling wine and strawberry","Informational","Informational","110","11","secondary","0","1","0","1","Blog","/blog/everything-about-rose-wine/"
"bottles of rose wine","Commercial","Commercial","110","9","tag","0","0","1","1","Blog","/blog/everything-about-rose-wine/"
"zero sugar syrup","Informational","Informational","110","19","secondary","0","1","0","1","Blog","/blog/rise-of-zero-sugar-seltzers/"
"are zero sugar drinks bad for you","Informational","Informational","110","27","secondary","0","1","0","1","Blog","/blog/rise-of-zero-sugar-seltzers/"
"hard solo zero sugar calories","Informational","Informational","110","15","secondary","0","1","0","1","Blog","/blog/rise-of-zero-sugar-seltzers/"
"aperol spritz prosecco","Informational","Informational","110","25","secondary","0","1","0","1","Blog","/blog/prosecco-guide-aperol-spritz-rose-mimosa/"
"belena prosecco","Informational","Informational","110","7","secondary","0","1","0","1","Blog","/blog/prosecco-guide-aperol-spritz-rose-mimosa/"
"prosecco bellini","Informational","Informational","110","22","secondary","0","1","0","1","Blog","/blog/prosecco-guide-aperol-spritz-rose-mimosa/"
"antica vermouth","Informational, Commercial","Commercial","110","10","tag","0","0","1","1","Blog","/blog/what-is-vermouth-sweet-dry-cocktails/"
"cinzano rosso vermouth","Informational, Commercial","Commercial","110","21","tag","0","0","1","1","Blog","/blog/what-is-vermouth-sweet-dry-cocktails/"
"gin soda","Informational","Informational","110","19","secondary","0","1","0","1","Blog","/blog/pink-gin-and-soda-what-is-pink-gin/"
"sparkling pink moscato","Informational","Informational","110","6","secondary","0","1","0","1","Blog","/blog/pink-gin-and-soda-what-is-pink-gin/"
"gordon's pink gin cans","Commercial","Commercial","110","7","tag","0","0","1","1","Blog","/blog/pink-gin-and-soda-what-is-pink-gin/"
"pink gin bottle","Informational, Commercial","Commercial","110","7","tag","0","0","1","1","Blog","/blog/pink-gin-and-soda-what-is-pink-gin/"
"what is mid strength beer","Informational","Informational","110","17","secondary","0","1","0","1","Blog","/blog/beer-with-least-carbs-lowest-carb-beer-australia/"
"low carb beer calories","Informational","Informational","110","13","secondary","0","1","0","1","Blog","/blog/beer-with-least-carbs-lowest-carb-beer-australia/"
"st hugo coonawarra cabernet sauvignon","Informational","Informational","110","14","secondary","0","1","0","1","Blog","/blog/cabernet-sauvignon-merlot-grenache-red-wine-grapes/"
"cabernet sauvignon john","Informational","Informational","110","6","secondary","0","1","0","1","Blog","/blog/cabernet-sauvignon-merlot-grenache-red-wine-grapes/"
"grenache wine australia","Informational, Commercial","Commercial","110","9","tag","0","0","1","1","Blog","/blog/cabernet-sauvignon-merlot-grenache-red-wine-grapes/"
"beer india pale ale","Commercial","Commercial","110","9","tag","0","0","1","1","Blog","/blog/what-is-ipa-beer-india-pale-ale-explained/"
"ipa beer australia","Informational, Commercial","Commercial","110","8","tag","0","0","1","1","Blog","/blog/what-is-ipa-beer-india-pale-ale-explained/"
"red india pale ale","Commercial","Commercial","110","6","tag","0","0","1","1","Blog","/blog/what-is-ipa-beer-india-pale-ale-explained/"
"proper 12 irish whiskey","Informational","Informational","110","15","secondary","0","1","0","1","Blog","/blog/irish-whiskey-guide-bushmills-redbreast-how-its-made/"
"redbreast whisky","Commercial","Commercial","110","14","tag","0","0","1","1","Blog","/blog/irish-whiskey-guide-bushmills-redbreast-how-its-made/"
"champagne chardonnay","Informational","Informational","110","8","secondary","0","1","0","1","Blog","/blog/champagne-rose-brut-guide-veuve-clicquot-krug/"
"cognac fine champagne remy martin","Navigational","Navigational","110","22","secondary","0","1","0","1","Blog","/blog/champagne-rose-brut-guide-veuve-clicquot-krug/"
"remy martin cognac fine champagne vsop","Informational","Informational","110","14","secondary","0","1","0","1","Blog","/blog/champagne-rose-brut-guide-veuve-clicquot-krug/"
"champagne wine","Informational","Informational","110","28","secondary","0","1","0","1","Blog","/blog/champagne-rose-brut-guide-veuve-clicquot-krug/"
"chardonnay and champagne","Informational","Informational","110","6","secondary","0","1","0","1","Blog","/blog/champagne-rose-brut-guide-veuve-clicquot-krug/"
"buy japanese whisky online","Transactional","Transactional","90","5","primary","1","0","0","1","Sub-category","/shop/whisky/collection/japanese-whisky/"
"jose cuervo blue agave tequila","Informational, Transactional","Transactional","90","13","primary","1","0","0","1","Sub-category","/shop/spirit/collection/jose-cuervo/"
"buy sparkling rose online","Transactional","Transactional","90","8","primary","1","0","0","1","Sub-category","/shop/beer-premix-wine/collection/rose-wine/"
"johnnie walker special edition","Commercial","Commercial","90","14","primary","1","0","0","1","Product","/shop/whisky/johnnie-walker-king-george-v-rare-edition/"
"price royal salute","Transactional","Transactional","90","9","primary","1","0","0","1","Product","/shop/whisky/royal-salute-38-year-old-stone-of-destiny/"
"single malt scotch glenfiddich price","Transactional","Transactional","90","8","primary","1","0","0","1","Product","/shop/whisky/glenfiddich-malt-masters-scotch-whisky/"
"bourbon four roses","Commercial","Commercial","90","10","primary","1","0","0","1","Product","/shop/whisky/four-roses-single-barrel-bourbon-whiskey/"
"patron silver price","Transactional","Transactional","90","9","primary","1","0","0","1","Product","/shop/spirit/patron-cafe-patron/"
"don julio bottle","Informational, Transactional","Transactional","90","11","primary","1","0","0","1","Product","/shop/spirit/don-julio-real-don-julio/"
"price bacardi","Transactional","Transactional","90","8","primary","1","0","0","1","Product","/shop/spirit/bacardi-oakheart-spiced-rum/"
"alize liquor","Informational, Transactional","Transactional","90","12","primary","1","0","0","1","Product","/shop/spirit/alize-bleu-cognac-brandy/"
"amaro montengro","Informational","Informational","90","24","primary","1","0","0","1","Product","/shop/spirit/amaro-montengro/"
"buy budweiser beer","Transactional","Transactional","90","10","primary","1","0","0","1","Product","/shop/beer-premix-wine/budweiser-330ml-lager/"
"aberlour single malt scotch","Commercial","Commercial","90","16","primary + secondary","1","2","0","3","Product","/shop/whisky/aberlour-12-year-old-non-chill-filtered-single-malt-scotch-whisky/ ; /shop/whisky/aberlour-a-bunadh-batch-76-cask-strength-single-malt-scotch-whisky/ ; /shop/whisky/aberlour-16-year-old-2005-single-cask-sherry-butt-cask-strength-single-malt-scotch-whisky/"
"bushmills irish","Informational","Informational","90","11","primary + secondary","1","1","0","2","Product / Blog","/shop/whisky/bushmills-original-blended-irish-whiskey/ ; /blog/irish-whiskey-guide-bushmills-redbreast-how-its-made/"
"irish bushmills","Commercial","Commercial","90","18","primary + secondary","1","2","0","3","Product","/shop/whisky/bushmills-original-blended-irish-whiskey/ ; /shop/whisky/bushmills-14-year-old-malaga-cask-finish-single-malt-irish-whiskey/ ; /shop/whisky/bushmills-21-year-old-madeira-finish-single-malt-irish-whiskey/"
"absolut lemon vodka","Informational, Transactional","Transactional","90","13","primary","1","0","0","1","Product","/shop/spirit/absolut-tabasco-chilli-pepper-flavoured-swedish-vodka/"
"whisky online order","Commercial","Commercial","90","28","tag","0","0","1","1","Page","/shipping/"
"buy non alcoholic beer online","Commercial","Commercial","90","8","tag","0","0","1","1","Page","/shipping/"
"order bourbon online","Commercial","Commercial","90","8","tag","0","0","1","1","Page","/shipping/"
"order rum online","Commercial","Commercial","90","6","tag","0","0","1","1","Page","/shipping/"
"order rum","Commercial","Commercial","90","6","tag","0","0","1","1","Page","/shipping/"
"gin delivered","Commercial","Commercial","90","5","tag","0","0","1","1","Page","/shipping/"
"delivery gin","Informational, Commercial","Commercial","90","8","tag","0","0","1","1","Page","/shipping/"
"order tequila online","Informational, Commercial","Commercial","90","6","tag","0","0","1","1","Page","/shipping/"
"buy non alcoholic wine online","Commercial","Commercial","90","26","tag","0","0","1","1","Page","/shipping/"
"gift whisky","Commercial","Commercial","90","9","tag","0","0","1","1","Page","/contact/"
"whisky gift","Commercial","Commercial","90","9","tag","0","0","1","1","Page","/contact/"
"rye whiskey versus bourbon","Commercial","Commercial","90","18","tag","0","0","11","11","Sub-category / Product","/shop/whisky/collection/rye-whiskey/ ; /shop/whisky/elijah-craig-rye-rye-whiskey/ ; /shop/whisky/high-west-midwinter-nights-dram-rye-whiskey/"
"rye alcohol brands","Commercial","Commercial","90","28","tag","0","0","11","11","Sub-category / Product","/shop/whisky/collection/rye-whiskey/ ; /shop/whisky/elijah-craig-rye-rye-whiskey/ ; /shop/whisky/high-west-midwinter-nights-dram-rye-whiskey/"
"rye whiskey types","Commercial","Commercial","90","25","tag","0","0","11","11","Sub-category / Product","/shop/whisky/collection/rye-whiskey/ ; /shop/whisky/elijah-craig-rye-rye-whiskey/ ; /shop/whisky/high-west-midwinter-nights-dram-rye-whiskey/"
"straight rye whiskey","Informational, Commercial","Commercial","90","6","tag","0","0","11","11","Sub-category / Product","/shop/whisky/collection/rye-whiskey/ ; /shop/whisky/elijah-craig-rye-rye-whiskey/ ; /shop/whisky/high-west-midwinter-nights-dram-rye-whiskey/"
"whiskey bourbon rye","Commercial","Commercial","90","17","tag","0","0","10","10","Sub-category / Product","/shop/whisky/collection/rye-whiskey/ ; /shop/whisky/elijah-craig-rye-rye-whiskey/ ; /shop/whisky/high-west-midwinter-nights-dram-rye-whiskey/"
"piping shrike vs magpie lark","Commercial","Commercial","90","22","tag","0","0","12","12","Sub-category / Product","/shop/whisky/collection/australian-whisky/ ; /shop/whisky/lark-legacy-rare-cask-series-para-100-vintage/ ; /shop/whisky/dark-lark-2026-australian-whisky/"
"grey goose vodka 1 l","Commercial","Commercial","90","14","secondary + tag","0","1","1","2","Sub-category / Product","/shop/spirit/collection/grey-goose/ ; /shop/spirit/grey-goose-1l-grey-goose/"
"grey goose 1 l","Commercial","Commercial","90","18","secondary + tag","0","1","1","2","Sub-category / Product","/shop/spirit/collection/grey-goose/ ; /shop/spirit/grey-goose-1l-grey-goose/"
"1 l grey goose vodka","Informational, Commercial","Commercial","90","18","secondary + tag","0","1","1","2","Sub-category / Product","/shop/spirit/collection/grey-goose/ ; /shop/spirit/grey-goose-1l-grey-goose/"
"mezcal brands","Commercial","Commercial","90","13","secondary + tag","0","6","1","7","Sub-category / Product / Blog","/shop/spirit/collection/mezcal/ ; /shop/spirit/guerrero-mezcal-50ml/ ; /shop/spirit/guerrero-mezcal/"
"cost of patron silver tequila","Informational, Commercial","Commercial","90","7","tag","0","0","1","1","Sub-category","/shop/spirit/collection/patron/"
"tequila 1942","Informational, Commercial","Commercial","90","17","tag","0","0","4","4","Sub-category / Product","/shop/spirit/collection/don-julio/ ; /shop/spirit/don-julio-1942-ultima-reserva-extra-anejo/ ; /shop/spirit/don-julio-1942-50ml-don-julio/"
"tequila jose cuervo silver","Informational, Commercial","Commercial","90","9","secondary","0","8","0","8","Sub-category / Product","/shop/spirit/collection/jose-cuervo/ ; /shop/spirit/jose-cuervo-cristalino-anejo-jose-cuervo/ ; /shop/spirit/jose-cuervo-gold-50ml-jose-cuervo/"
"jose cuervo silver tequila","Informational, Commercial","Commercial","90","13","secondary","0","8","0","8","Sub-category / Product","/shop/spirit/collection/jose-cuervo/ ; /shop/spirit/jose-cuervo-cristalino-anejo-jose-cuervo/ ; /shop/spirit/jose-cuervo-gold-50ml-jose-cuervo/"
"jose cuervo agave","Informational, Commercial","Commercial","90","9","secondary","0","8","0","8","Sub-category / Product","/shop/spirit/collection/jose-cuervo/ ; /shop/spirit/jose-cuervo-cristalino-anejo-jose-cuervo/ ; /shop/spirit/jose-cuervo-gold-50ml-jose-cuervo/"
"tequila jose cuervo 1l","Commercial","Commercial","90","10","secondary","0","2","0","2","Sub-category / Product","/shop/spirit/collection/jose-cuervo/ ; /shop/spirit/jose-cuervo-reposado-1l-jose-cuervo/"
"jose cuervo tequila agave","Informational, Commercial","Commercial","90","16","secondary + tag","0","7","1","8","Sub-category / Product","/shop/spirit/collection/jose-cuervo/ ; /shop/spirit/jose-cuervo-cristalino-anejo-jose-cuervo/ ; /shop/spirit/jose-cuervo-gold-50ml-jose-cuervo/"
"blue agave tequila jose cuervo","Informational, Commercial","Commercial","90","14","secondary + tag","0","7","1","8","Sub-category / Product","/shop/spirit/collection/jose-cuervo/ ; /shop/spirit/jose-cuervo-cristalino-anejo-jose-cuervo/ ; /shop/spirit/jose-cuervo-gold-50ml-jose-cuervo/"
"tequila cuervo gold","Informational, Commercial","Commercial","90","10","tag","0","0","5","5","Sub-category / Product","/shop/spirit/collection/jose-cuervo/ ; /shop/spirit/jose-cuervo-cristalino-anejo-jose-cuervo/ ; /shop/spirit/jose-cuervo-gold-50ml-jose-cuervo/"
"kweichow moutai 500ml","Informational, Commercial","Commercial","90","12","secondary + tag","0","6","2","8","Sub-category / Product / Blog","/shop/spirit/collection/baijiu/ ; /shop/spirit/kweichow-moutai-flying-fairy-baijiu-53-percent/ ; /shop/spirit/moutai-by-camus-baijiu/"
"premium coffee liqueur","Commercial","Commercial","90","17","tag","0","0","13","13","Sub-category / Product","/shop/spirit/collection/coffee-liqueur/ ; /shop/spirit/collection/liqueur/ ; /shop/spirit/avion-espresso-tequila/"
"coffee flavored liqueur","Informational, Commercial","Commercial","90","15","tag","0","0","13","13","Sub-category / Product","/shop/spirit/collection/coffee-liqueur/ ; /shop/spirit/collection/liqueur/ ; /shop/spirit/avion-espresso-tequila/"
"good coffee liqueur","Commercial","Commercial","90","27","tag","0","0","13","13","Sub-category / Product","/shop/spirit/collection/coffee-liqueur/ ; /shop/spirit/collection/liqueur/ ; /shop/spirit/avion-espresso-tequila/"
"kahlúa coffee liqueur","Commercial","Commercial","90","13","tag","0","0","13","13","Sub-category / Product","/shop/spirit/collection/coffee-liqueur/ ; /shop/spirit/collection/liqueur/ ; /shop/spirit/avion-espresso-tequila/"
"kahlua on special","Commercial","Commercial","90","11","tag","0","0","7","7","Sub-category / Product","/shop/spirit/collection/coffee-liqueur/ ; /shop/spirit/avion-espresso-tequila/ ; /shop/spirit/kahlua-16abv-coffee-liqueur/"
"1 litre kahlua","Commercial","Commercial","90","15","tag","0","0","2","2","Sub-category / Product","/shop/spirit/collection/coffee-liqueur/ ; /shop/spirit/sheridans-1l-coffee-liqueur/"
"st germain liquer","Informational, Commercial","Commercial","90","20","tag","0","0","6","6","Sub-category / Product","/shop/spirit/collection/orange-liqueur/ ; /shop/spirit/1800-guachimonton-orange-liqueur/ ; /shop/spirit/cointreau-50ml-orange-liqueur/"
"saint germain elderflower","Informational, Commercial","Commercial","90","28","tag","0","0","6","6","Sub-category / Product","/shop/spirit/collection/orange-liqueur/ ; /shop/spirit/1800-guachimonton-orange-liqueur/ ; /shop/spirit/cointreau-50ml-orange-liqueur/"
"st. germain alcohol","Informational, Commercial","Commercial","90","25","tag","0","0","6","6","Sub-category / Product","/shop/spirit/collection/orange-liqueur/ ; /shop/spirit/1800-guachimonton-orange-liqueur/ ; /shop/spirit/cointreau-50ml-orange-liqueur/"
"what is grand marnier liqueur","Informational, Commercial","Commercial","90","19","secondary + tag","0","1","11","12","Sub-category / Product","/shop/spirit/collection/orange-liqueur/ ; /shop/spirit/collection/liqueur/ ; /shop/spirit/1800-guachimonton-orange-liqueur/"
"cointreau alcohol by volume","Informational, Commercial","Commercial","90","14","tag","0","0","6","6","Sub-category / Product","/shop/spirit/collection/orange-liqueur/ ; /shop/spirit/1800-guachimonton-orange-liqueur/ ; /shop/spirit/cointreau-50ml-orange-liqueur/"
"cointreau 700ml best price","Commercial","Commercial","90","9","secondary + tag","0","2","3","5","Sub-category / Product","/shop/spirit/collection/orange-liqueur/ ; /shop/spirit/1800-guachimonton-orange-liqueur/ ; /shop/spirit/cointreau-pourer-orange-liqueur/"
"orange vodka","Commercial","Commercial","90","11","tag","0","0","6","6","Sub-category / Product","/shop/spirit/collection/orange-liqueur/ ; /shop/spirit/1800-guachimonton-orange-liqueur/ ; /shop/spirit/cointreau-50ml-orange-liqueur/"
"absinthe in australia","Commercial","Commercial","90","15","secondary","0","11","0","11","Sub-category / Product","/shop/spirit/collection/absinthe/ ; /shop/spirit/absinthe-black-100-absinthe/ ; /shop/spirit/absinthe-black-700-absinthe/"
"absinthe la","Commercial","Commercial","90","6","secondary","0","11","0","11","Sub-category / Product","/shop/spirit/collection/absinthe/ ; /shop/spirit/absinthe-black-100-absinthe/ ; /shop/spirit/absinthe-black-700-absinthe/"
"limoncello price","Commercial","Commercial","90","6","secondary + tag","0","1","8","9","Sub-category / Product","/shop/spirit/collection/limoncello/ ; /shop/spirit/24-ice-frozen-cocktails-5pack-limoncello/ ; /shop/spirit/bottega-limoncino-limoncello/"
"limoncello mixers","Informational, Commercial","Commercial","90","25","tag","0","0","9","9","Sub-category / Product","/shop/spirit/collection/limoncello/ ; /shop/spirit/24-ice-frozen-cocktails-5pack-limoncello/ ; /shop/spirit/bottega-limoncino-limoncello/"
"miniature limoncello bottles","Commercial","Commercial","90","9","tag","0","0","9","9","Sub-category / Product","/shop/spirit/collection/limoncello/ ; /shop/spirit/24-ice-frozen-cocktails-5pack-limoncello/ ; /shop/spirit/bottega-limoncino-limoncello/"
"galliano black sambuca 700ml price","Commercial","Commercial","90","8","secondary","0","4","0","4","Sub-category / Product","/shop/spirit/collection/sambuca/ ; /shop/spirit/galliano-authentico-sambuca/ ; /shop/spirit/lucano-sambuca/"
"black sambuca 1 litre","Commercial","Commercial","90","12","secondary","0","1","0","1","Sub-category","/shop/spirit/collection/sambuca/"
"blue sambuca","Informational, Commercial","Commercial","90","8","secondary + tag","0","5","1","6","Sub-category / Product","/shop/spirit/collection/sambuca/ ; /shop/spirit/galliano-authentico-sambuca/ ; /shop/spirit/lucano-sambuca/"
"galliano white sambuca","Informational, Commercial","Commercial","90","8","secondary","0","6","0","6","Sub-category / Product","/shop/spirit/collection/sambuca/ ; /shop/spirit/galliano-authentico-sambuca/ ; /shop/spirit/lucano-sambuca/"
"sambuca alcohol volume","Informational, Commercial","Commercial","90","6","secondary + tag","0","5","1","6","Sub-category / Product","/shop/spirit/collection/sambuca/ ; /shop/spirit/galliano-authentico-sambuca/ ; /shop/spirit/lucano-sambuca/"
"soju korean wine","Informational, Commercial","Commercial","90","28","tag","0","0","12","12","Sub-category / Product","/shop/other/collection/soju/ ; /shop/other/ilpoom-jinro-1924-heritage-premium-soju/ ; /shop/other/charm-malgeun-kiwiberry-soju/"
"cheap soju","Commercial","Commercial","90","27","tag","0","0","12","12","Sub-category / Product","/shop/other/collection/soju/ ; /shop/other/ilpoom-jinro-1924-heritage-premium-soju/ ; /shop/other/charm-malgeun-kiwiberry-soju/"
"soju grape","Informational, Commercial","Commercial","90","8","tag","0","0","12","12","Sub-category / Product","/shop/other/collection/soju/ ; /shop/other/ilpoom-jinro-1924-heritage-premium-soju/ ; /shop/other/charm-malgeun-kiwiberry-soju/"
"soju apple","Informational, Commercial","Commercial","90","8","tag","0","0","12","12","Sub-category / Product","/shop/other/collection/soju/ ; /shop/other/ilpoom-jinro-1924-heritage-premium-soju/ ; /shop/other/charm-malgeun-kiwiberry-soju/"
"order soju","Informational, Commercial","Commercial","90","17","tag","0","0","12","12","Sub-category / Product","/shop/other/collection/soju/ ; /shop/other/ilpoom-jinro-1924-heritage-premium-soju/ ; /shop/other/charm-malgeun-kiwiberry-soju/"
"yoghurt soju","Informational, Commercial","Commercial","90","9","tag","0","0","12","12","Sub-category / Product","/shop/other/collection/soju/ ; /shop/other/ilpoom-jinro-1924-heritage-premium-soju/ ; /shop/other/charm-malgeun-kiwiberry-soju/"
"champagne bubbly","Commercial","Commercial","90","22","tag","0","0","7","7","Sub-category / Product","/shop/beer-premix-wine/collection/champagne/ ; /shop/beer-premix-wine/krug-grande-cuvee-brut-m-v-half-bottle-champagne/ ; /shop/beer-premix-wine/laurent-perrier-la-cuvee-brut-champagne-nv/"
"sparkling wine or champagne","Informational, Commercial","Commercial","90","13","tag","0","0","7","7","Sub-category / Product","/shop/beer-premix-wine/collection/champagne/ ; /shop/beer-premix-wine/krug-grande-cuvee-brut-m-v-half-bottle-champagne/ ; /shop/beer-premix-wine/laurent-perrier-la-cuvee-brut-champagne-nv/"
"champagne & sparkling wine","Informational, Commercial","Commercial","90","18","tag","0","0","7","7","Sub-category / Product","/shop/beer-premix-wine/collection/champagne/ ; /shop/beer-premix-wine/krug-grande-cuvee-brut-m-v-half-bottle-champagne/ ; /shop/beer-premix-wine/laurent-perrier-la-cuvee-brut-champagne-nv/"
"champagne in small bottles","Commercial","Commercial","90","16","tag","0","0","7","7","Sub-category / Product","/shop/beer-premix-wine/collection/champagne/ ; /shop/beer-premix-wine/krug-grande-cuvee-brut-m-v-half-bottle-champagne/ ; /shop/beer-premix-wine/laurent-perrier-la-cuvee-brut-champagne-nv/"
"mini sparkling champagne bottles","Commercial","Commercial","90","17","tag","0","0","7","7","Sub-category / Product","/shop/beer-premix-wine/collection/champagne/ ; /shop/beer-premix-wine/krug-grande-cuvee-brut-m-v-half-bottle-champagne/ ; /shop/beer-premix-wine/laurent-perrier-la-cuvee-brut-champagne-nv/"
"champagne in australia","Informational, Commercial","Commercial","90","21","tag","0","0","7","7","Sub-category / Product","/shop/beer-premix-wine/collection/champagne/ ; /shop/beer-premix-wine/krug-grande-cuvee-brut-m-v-half-bottle-champagne/ ; /shop/beer-premix-wine/laurent-perrier-la-cuvee-brut-champagne-nv/"
"champagne or sparkling wine","Informational, Commercial","Commercial","90","12","tag","0","0","7","7","Sub-category / Product","/shop/beer-premix-wine/collection/champagne/ ; /shop/beer-premix-wine/krug-grande-cuvee-brut-m-v-half-bottle-champagne/ ; /shop/beer-premix-wine/laurent-perrier-la-cuvee-brut-champagne-nv/"
"champagne drink price","Commercial","Commercial","90","18","tag","0","0","7","7","Sub-category / Product","/shop/beer-premix-wine/collection/champagne/ ; /shop/beer-premix-wine/krug-grande-cuvee-brut-m-v-half-bottle-champagne/ ; /shop/beer-premix-wine/laurent-perrier-la-cuvee-brut-champagne-nv/"
"fruit flavored liqueur","Commercial","Commercial","90","14","tag","0","0","6","6","Sub-category / Product","/shop/spirit/collection/liqueur/ ; /shop/spirit/sour-puss-apple-blended-liqueur/ ; /shop/spirit/sour-puss-sour-peach-blended-liqueur/"
"italian hazelnut liqueur","Informational, Commercial","Commercial","90","6","tag","0","0","6","6","Sub-category / Product","/shop/spirit/collection/liqueur/ ; /shop/spirit/sour-puss-apple-blended-liqueur/ ; /shop/spirit/sour-puss-sour-peach-blended-liqueur/"
"sauv blanc white wine","Informational, Commercial","Commercial","90","8","secondary","0","6","0","6","Sub-category / Product","/shop/beer-premix-wine/collection/sauvignon-blanc/ ; /shop/beer-premix-wine/gentleman-s-duel-south-australian-sauvignon-blanc/ ; /shop/beer-premix-wine/alexander-hill-premium-selection-sauvignon-blanc-big-rivers-riverina/"
"red cabernet wine","Informational, Commercial","Commercial","90","20","secondary + tag","0","7","1","8","Sub-category / Product / Blog","/shop/beer-premix-wine/collection/cabernet-sauvignon/ ; /shop/beer-premix-wine/alexander-hill-premium-selection-cabernet-sauvignon-big-river-riverina/ ; /shop/beer-premix-wine/holy-cab-victorian-cabernet-sauvignon-red-wine-magnum/"
"red wine cab sav","Commercial","Commercial","90","17","secondary","0","7","0","7","Sub-category / Product","/shop/beer-premix-wine/collection/cabernet-sauvignon/ ; /shop/beer-premix-wine/alexander-hill-premium-selection-cabernet-sauvignon-big-river-riverina/ ; /shop/beer-premix-wine/holy-cab-victorian-cabernet-sauvignon-red-wine-magnum/"
"gray goose alcohol content","Informational, Commercial","Commercial","90","13","tag","0","0","11","11","Product","/shop/spirit/grey-goose-altius-ultra-premium-french-vodka/ ; /shop/spirit/grey-goose-1l-grey-goose/ ; /shop/spirit/grey-goose-50ml-grey-goose/"
"grey goose alcohol percentage","Informational, Commercial","Commercial","90","13","tag","0","0","11","11","Product","/shop/spirit/grey-goose-altius-ultra-premium-french-vodka/ ; /shop/spirit/grey-goose-1l-grey-goose/ ; /shop/spirit/grey-goose-50ml-grey-goose/"
"grey goose vodka alcohol volume","Informational, Commercial","Commercial","90","13","tag","0","0","10","10","Product","/shop/spirit/grey-goose-altius-ultra-premium-french-vodka/ ; /shop/spirit/grey-goose-50ml-grey-goose/ ; /shop/spirit/grey-goose-700ml-grey-goose/"
"vodka grey goose alcohol percentage","Informational, Commercial","Commercial","90","13","tag","0","0","10","10","Product","/shop/spirit/grey-goose-altius-ultra-premium-french-vodka/ ; /shop/spirit/grey-goose-50ml-grey-goose/ ; /shop/spirit/grey-goose-700ml-grey-goose/"
"largest bottle of grey goose vodka","Informational, Commercial","Commercial","90","12","tag","0","0","10","10","Product","/shop/spirit/grey-goose-altius-ultra-premium-french-vodka/ ; /shop/spirit/grey-goose-50ml-grey-goose/ ; /shop/spirit/grey-goose-700ml-grey-goose/"
"grey goose alcohol by volume","Informational, Commercial","Commercial","90","14","tag","0","0","10","10","Product","/shop/spirit/grey-goose-altius-ultra-premium-french-vodka/ ; /shop/spirit/grey-goose-50ml-grey-goose/ ; /shop/spirit/grey-goose-700ml-grey-goose/"
"grey goose vodka alcohol percentage","Informational, Commercial","Commercial","90","13","tag","0","0","10","10","Product","/shop/spirit/grey-goose-altius-ultra-premium-french-vodka/ ; /shop/spirit/grey-goose-50ml-grey-goose/ ; /shop/spirit/grey-goose-700ml-grey-goose/"
"gray goose alcohol percentage","Informational, Commercial","Commercial","90","19","tag","0","0","10","10","Product","/shop/spirit/grey-goose-altius-ultra-premium-french-vodka/ ; /shop/spirit/grey-goose-50ml-grey-goose/ ; /shop/spirit/grey-goose-700ml-grey-goose/"
"grey goose vodka alcohol content","Informational, Commercial","Commercial","90","13","tag","0","0","10","10","Product","/shop/spirit/grey-goose-altius-ultra-premium-french-vodka/ ; /shop/spirit/grey-goose-50ml-grey-goose/ ; /shop/spirit/grey-goose-700ml-grey-goose/"
"grey goose vx","Informational, Commercial","Commercial","90","16","tag","0","0","10","10","Product","/shop/spirit/grey-goose-altius-ultra-premium-french-vodka/ ; /shop/spirit/grey-goose-50ml-grey-goose/ ; /shop/spirit/grey-goose-700ml-grey-goose/"
"gray goose vodka alcohol percentage","Informational, Commercial","Commercial","90","13","tag","0","0","10","10","Product","/shop/spirit/grey-goose-altius-ultra-premium-french-vodka/ ; /shop/spirit/grey-goose-50ml-grey-goose/ ; /shop/spirit/grey-goose-700ml-grey-goose/"
"gray goose vx","Informational, Commercial","Commercial","90","16","tag","0","0","10","10","Product","/shop/spirit/grey-goose-altius-ultra-premium-french-vodka/ ; /shop/spirit/grey-goose-50ml-grey-goose/ ; /shop/spirit/grey-goose-700ml-grey-goose/"
"glenfiddich 700ml","Commercial","Commercial","90","10","secondary","0","4","0","4","Product","/shop/whisky/glenfiddich-30-year-old-suspended-time/ ; /shop/whisky/glenfiddich-16-aston-martin-no2-scotch-whisky/ ; /shop/whisky/glenfiddich-18yo-perpetual-vat-scotch-whisky/"
"glenfiddich blue","Navigational, Commercial","Commercial","90","17","secondary","0","6","0","6","Product","/shop/whisky/glenfiddich-30-year-old-suspended-time/ ; /shop/whisky/glenfiddich-16-aston-martin-no2-scotch-whisky/ ; /shop/whisky/glenfiddich-18yo-200ml-scotch-whisky/"
"laphroaig 10 year old","Informational, Commercial","Commercial","90","11","secondary","0","2","0","2","Product","/shop/whisky/laphroaig-10-glass-pack-scotch-whisky/ ; /shop/whisky/laphroaig-10-sherry-oak-scotch-whisky/"
"johnnie walker scotch black label","Informational, Commercial","Commercial","90","12","secondary","0","1","0","1","Product","/shop/whisky/johnnie-walker-black-50ml-scotch-whisky/"
"johnnie walker double black cost","Informational, Commercial","Commercial","90","10","secondary","0","1","0","1","Product","/shop/whisky/johnnie-walker-black-50ml-scotch-whisky/"
"jack daniels & cola","Commercial","Commercial","90","7","secondary","0","4","0","4","Product","/shop/whisky/jack-daniels-barrel-proof-rye-rye-whiskey/ ; /shop/other/jack-daniels-honey-bbq-sauce-mixers-water-condiments/ ; /shop/other/jack-daniels-original-bbq-sauce/"
"smirnoff red vodka","Informational, Commercial","Commercial","90","9","tag","0","0","8","8","Product","/shop/spirit/smirnoff-50ml-russian-vodka/ ; /shop/spirit/smirnoff-blue-1l-russian-vodka/ ; /shop/spirit/smirnoff-blue-500ml-russian-vodka/"
"vodka bottle smirnoff","Commercial","Commercial","90","9","tag","0","0","8","8","Product","/shop/spirit/smirnoff-50ml-russian-vodka/ ; /shop/spirit/smirnoff-blue-1l-russian-vodka/ ; /shop/spirit/smirnoff-blue-500ml-russian-vodka/"
"smirnoff vodka black","Informational, Commercial","Commercial","90","14","tag","0","0","8","8","Product","/shop/spirit/smirnoff-50ml-russian-vodka/ ; /shop/spirit/smirnoff-blue-1l-russian-vodka/ ; /shop/spirit/smirnoff-blue-500ml-russian-vodka/"
"smirnoff 1l vodka","Commercial","Commercial","90","10","tag","0","0","3","3","Product","/shop/spirit/smirnoff-blue-1l-russian-vodka/ ; /shop/spirit/smirnoff-gold-1l-russian-vodka/ ; /shop/spirit/smirnoff-gold-1l-cinnamon-liqueur/"
"zubrowka vodka bison","Informational, Commercial","Commercial","90","8","tag","0","0","1","1","Product","/shop/spirit/chopin-potatovodka-750ml/"
"polish spirit","Informational, Commercial","Commercial","90","16","tag","0","0","1","1","Product","/shop/spirit/chopin-potatovodka-750ml/"
"vodka flavour","Informational, Commercial","Commercial","90","13","tag","0","0","1","1","Product","/shop/spirit/chopin-potatovodka-750ml/"
"miniature absolut vodka","Informational, Commercial","Commercial","90","11","tag","0","0","1","1","Product","/shop/spirit/chopin-potatovodka-750ml/"
"bacardi gold rum","Informational, Commercial","Commercial","90","15","secondary","0","4","0","4","Product","/shop/spirit/bacardi-cuarto-sherry-spiced-rum/ ; /shop/spirit/bacardi-oakheart-spiced-rum/ ; /shop/spirit/bacardi-blanca-200-white-rum/"
"vsop martell cognac","Commercial","Commercial","90","9","secondary + tag","0","4","1","5","Product","/shop/spirit/martell-blue-swift-cognac-brandy/ ; /shop/spirit/martell-chanteloup-xxo-cognac-brandy/ ; /shop/spirit/martell-cordon-bleu-cognac-brandy/"
"martell vs cognac","Commercial","Commercial","90","10","secondary + tag","0","3","2","5","Product","/shop/spirit/martell-blue-swift-cognac-brandy/ ; /shop/spirit/martell-chanteloup-xxo-cognac-brandy/ ; /shop/spirit/martell-cordon-bleu-cognac-brandy/"
"alize liqueur","Informational, Commercial","Commercial","90","8","tag","0","0","2","2","Product","/shop/spirit/alize-bleu-cognac-brandy/ ; /shop/spirit/alize-gold-750-cognac-brandy/"
"xo cognac hennessy","Informational, Commercial","Commercial","90","9","secondary","0","3","0","3","Product","/shop/spirit/hennessy-master-blender-no5-cognac-brandy/ ; /shop/spirit/hennessy-vsop-cognac-brandy/ ; /shop/spirit/hennessy-xo-cognac-brandy/"
"remy martin brandy","Informational, Commercial","Commercial","90","11","secondary","0","2","0","2","Product","/shop/spirit/remy-martin-club-exception-cognac-brandy/ ; /shop/spirit/remy-martin-vsop-50ml-cognac-brandy/"
"baileys australia","Commercial","Commercial","90","12","tag","0","0","9","9","Product","/shop/spirit/baileys-1l-baileys-irish-cream/ ; /shop/spirit/baileys-700-baileys-irish-cream/ ; /shop/spirit/baileys-apple-pie-baileys-irish-cream/"
"amaretto galliano","Commercial","Commercial","90","8","secondary","0","1","0","1","Product","/shop/spirit/galliano-authentico-sambuca/"
"hwayo soju","Informational, Commercial","Commercial","90","16","tag","0","0","10","10","Product","/shop/other/charm-malgeun-kiwiberry-soju/ ; /shop/other/charm-malgeun-lemon-lime-soju/ ; /shop/other/charm-malgeun-mango-soju/"
"hoegaarden white beer","Informational, Commercial","Commercial","90","19","secondary","0","1","0","1","Product","/shop/beer-premix-wine/hoegaarden-wheat-beer/"
"best ginger beer australia","Commercial","Commercial","90","17","secondary","0","1","0","1","Product","/shop/beer-premix-wine/ginger-kid-ginger-beer/"
"zero sugar ginger beer","Commercial","Commercial","90","9","tag","0","0","1","1","Product","/shop/beer-premix-wine/ginger-kid-ginger-beer/"
"hard moscato","Commercial","Commercial","90","7","secondary","0","1","0","1","Product","/shop/beer-premix-wine/hard-rated-30-pack-vodka-premix/"
"somersby cider beer","Commercial","Commercial","90","17","secondary","0","1","0","1","Product","/shop/beer-premix-wine/somersby-apple-cider-bottles/"
"somersby cider can","Commercial","Commercial","90","10","secondary","0","1","0","1","Product","/shop/beer-premix-wine/somersby-apple-cider-bottles/"
"somersby bottle","Informational, Commercial","Commercial","90","10","secondary","0","1","0","1","Product","/shop/beer-premix-wine/somersby-apple-cider-bottles/"
"energy drinks zero sugar","Informational, Commercial","Commercial","90","18","secondary","0","1","0","1","Product","/shop/other/red-bull-cans-250ml-mixers-water-condiments/"
"chivas regal 12 cost","Informational, Commercial","Commercial","90","6","secondary","0","1","0","1","Product","/shop/whisky/chivas-regal-12-year-old-signature-blend-blended-scotch-whisky/"
"chivas regal blended scotch","Commercial","Commercial","90","14","secondary","0","3","0","3","Product","/shop/whisky/chivas-regal-12-year-old-signature-blend-blended-scotch-whisky/ ; /shop/whisky/chivas-regal-18-year-old-gold-signature-scotch-whisky/ ; /shop/whisky/chivas-regal-18-year-old-pauillac-cask-finish-blended-scotch-whisky/"
"bourbon jim beam","Informational, Commercial","Commercial","90","11","secondary + tag","0","2","1","3","Product","/shop/whisky/jim-beam-white-label-kentucky-bourbon-whiskey/ ; /shop/whisky/jim-beam-white-label-40-kentucky-straight-bourbon-whiskey/ ; /shop/whisky/jim-beam-8-year-old-pin-bottle-235th-anniversary-2025-limited-edition-kentucky-straight-bourbon-whiskey/"
"white jim beam","Informational, Commercial","Commercial","90","7","secondary + tag","0","2","1","3","Product","/shop/whisky/jim-beam-white-label-kentucky-bourbon-whiskey/ ; /shop/whisky/jim-beam-white-label-40-kentucky-straight-bourbon-whiskey/ ; /shop/whisky/jim-beam-8-year-old-pin-bottle-235th-anniversary-2025-limited-edition-kentucky-straight-bourbon-whiskey/"
"jim beam white 700ml","Commercial","Commercial","90","14","secondary","0","1","0","1","Product","/shop/whisky/jim-beam-white-label-kentucky-bourbon-whiskey/"
"absolut 700ml","Commercial","Commercial","90","8","secondary","0","1","0","1","Product","/shop/spirit/absolut-swedish-vodka/"
"scotch liqueur","Informational, Commercial","Commercial","90","8","tag","0","0","5","5","Product","/shop/spirit/sour-puss-apple-blended-liqueur/ ; /shop/spirit/sour-puss-sour-peach-blended-liqueur/ ; /shop/spirit/sour-puss-sour-cola-blended-liqueur/"
"scotch whiskey liqueur","Informational, Commercial","Commercial","90","12","tag","0","0","4","4","Product","/shop/spirit/sour-puss-apple-blended-liqueur/ ; /shop/spirit/sour-puss-sour-peach-blended-liqueur/ ; /shop/spirit/sour-puss-sour-cola-blended-liqueur/"
"kirin vodka","Informational, Commercial","Commercial","90","10","secondary","0","1","0","1","Product","/shop/beer-premix-wine/kirin-ichiban-japanese-beer-case-4-x-6-bottles/"
"vodka cruiser 6 pack","Commercial","Commercial","90","8","secondary","0","1","0","1","Product","/shop/beer-premix-wine/vodka-cruiser-sugar-free-mixed-berry-6-x-4-pack-bottles/"
"vodka cruiser liqueur","Informational, Commercial","Commercial","90","24","tag","0","0","1","1","Product","/shop/beer-premix-wine/vodka-cruiser-sugar-free-mixed-berry-6-x-4-pack-bottles/"
"moscato wine brown brothers","Commercial","Commercial","90","9","secondary","0","1","0","1","Product","/shop/beer-premix-wine/brown-brothers-king-valley-prosecco-nv/"
"brown brothers wine moscato","Commercial","Commercial","90","12","secondary","0","1","0","1","Product","/shop/beer-premix-wine/brown-brothers-king-valley-prosecco-nv/"
"grolsch beer australia","Commercial","Commercial","90","7","secondary","0","1","0","1","Product","/shop/beer-premix-wine/grolsch-premium-pilsner-imported-beer-case-cans/"
"bourbon in japan","Informational","Informational","90","10","secondary","0","1","0","1","Blog","/blog/what-makes-bourbon-different/"
"jim beam is bourbon","Informational","Informational","90","12","secondary","0","1","0","1","Blog","/blog/what-makes-bourbon-different/"
"whisky bourbon jim beam","Informational","Informational","90","12","secondary","0","1","0","1","Blog","/blog/what-makes-bourbon-different/"
"rye booze","Informational","Informational","90","23","secondary","0","1","0","1","Blog","/blog/beginners-guide-to-rye-whiskey/"
"whiskey or rye","Informational","Informational","90","17","secondary","0","1","0","1","Blog","/blog/beginners-guide-to-rye-whiskey/"
"what are rye whiskeys","Informational","Informational","90","26","secondary","0","1","0","1","Blog","/blog/beginners-guide-to-rye-whiskey/"
"what is rye liquor","Informational","Informational","90","19","secondary","0","1","0","1","Blog","/blog/beginners-guide-to-rye-whiskey/"
"what is whiskey rye","Informational","Informational","90","13","secondary","0","1","0","1","Blog","/blog/beginners-guide-to-rye-whiskey/"
"what is rye alcohol","Informational","Informational","90","14","secondary","0","1","0","1","Blog","/blog/beginners-guide-to-rye-whiskey/"
"what is whiskey and rye","Informational","Informational","90","11","secondary","0","1","0","1","Blog","/blog/beginners-guide-to-rye-whiskey/"
"top class rye","Informational","Informational","90","17","secondary","0","1","0","1","Blog","/blog/beginners-guide-to-rye-whiskey/"
"illegal mezcal","Informational","Informational","90","19","secondary","0","1","0","1","Blog","/blog/mezcal-vs-tequila-difference/"
"is mezcal tequila","Informational","Informational","90","26","secondary","0","1","0","1","Blog","/blog/mezcal-vs-tequila-difference/"
"vida mezcal","Informational","Informational","90","10","secondary","0","1","0","1","Blog","/blog/mezcal-vs-tequila-difference/"
"oyster bay sparkling rose","Commercial","Commercial","90","6","tag","0","0","1","1","Blog","/blog/everything-about-rose-wine/"
"gerard bertrand rose wine","Commercial","Commercial","90","17","tag","0","0","1","1","Blog","/blog/everything-about-rose-wine/"
"macallan double cask 12","Informational","Informational","90","15","secondary","0","1","0","1","Blog","/blog/macallan-sherry-cask-legacy/"
"sherry fino","Informational","Informational","90","12","secondary","0","1","0","1","Blog","/blog/macallan-sherry-cask-legacy/"
"aperitif prosecco aperol","Informational","Informational","90","28","secondary","0","1","0","1","Blog","/blog/prosecco-guide-aperol-spritz-rose-mimosa/"
"prosecco cocktails bellini","Informational","Informational","90","17","secondary","0","1","0","1","Blog","/blog/prosecco-guide-aperol-spritz-rose-mimosa/"
"whats dry vermouth","Informational","Informational","90","23","secondary","0","1","0","1","Blog","/blog/what-is-vermouth-sweet-dry-cocktails/"
"vermouth cinzano","Informational","Informational","90","17","secondary","0","1","0","1","Blog","/blog/what-is-vermouth-sweet-dry-cocktails/"
"red sweet vermouth","Informational, Commercial","Commercial","90","20","tag","0","0","1","1","Blog","/blog/what-is-vermouth-sweet-dry-cocktails/"
"vermouth abv","Informational, Commercial","Commercial","90","23","tag","0","0","1","1","Blog","/blog/what-is-vermouth-sweet-dry-cocktails/"
"pinot grigio italian","Informational","Informational","90","20","secondary","0","1","0","1","Blog","/blog/pinot-grigio-vs-pinot-gris-italy-guide/"
"pinot gris australia","Informational, Commercial","Commercial","90","9","tag","0","0","1","1","Blog","/blog/pinot-grigio-vs-pinot-gris-italy-guide/"
"french sauvignon blanc","Informational","Informational","90","16","secondary","0","1","0","1","Blog","/blog/sauvignon-blanc-guide-low-alcohol-cooking-pairing/"
"non alcoholic sauvignon blanc","Informational","Informational","90","15","secondary","0","1","0","1","Blog","/blog/sauvignon-blanc-guide-low-alcohol-cooking-pairing/"
"bottle of pink gin","Informational, Commercial","Commercial","90","8","tag","0","0","1","1","Blog","/blog/pink-gin-and-soda-what-is-pink-gin/"
"ouzo flavoring","Informational","Informational","90","14","secondary","0","1","0","1","Blog","/blog/what-is-ouzo-greek-drink-flavour-serving/"
"ouzo greece drink","Informational","Informational","90","28","secondary","0","1","0","1","Blog","/blog/what-is-ouzo-greek-drink-flavour-serving/"
"ouzo liqueur","Informational","Informational","90","25","secondary","0","1","0","1","Blog","/blog/what-is-ouzo-greek-drink-flavour-serving/"
"liqueur ouzo","Informational, Commercial","Commercial","90","10","tag","0","0","1","1","Blog","/blog/what-is-ouzo-greek-drink-flavour-serving/"
"what is a mid strength beer","Informational","Informational","90","8","secondary","0","1","0","1","Blog","/blog/beer-with-least-carbs-lowest-carb-beer-australia/"
"zero calorie chocolate syrup","Informational","Informational","90","18","secondary","0","1","0","1","Blog","/blog/beer-with-least-carbs-lowest-carb-beer-australia/"
"cabernet street","Informational","Informational","90","13","secondary","0","1","0","1","Blog","/blog/cabernet-sauvignon-merlot-grenache-red-wine-grapes/"
"napa valley cabernet sauvignon","Informational","Informational","90","18","secondary","0","1","0","1","Blog","/blog/cabernet-sauvignon-merlot-grenache-red-wine-grapes/"
"red wine merlot","Informational, Commercial","Commercial","90","12","tag","0","0","1","1","Blog","/blog/cabernet-sauvignon-merlot-grenache-red-wine-grapes/"
"hoegaarden wheat beer","Informational","Informational","90","16","secondary","0","1","0","1","Blog","/blog/german-beer-guide-german-wheat-weissbier-pilsner/"
"german pils","Informational, Commercial","Commercial","90","18","tag","0","0","1","1","Blog","/blog/german-beer-guide-german-wheat-weissbier-pilsner/"
"what is pilsner beer","Informational, Commercial","Commercial","90","14","tag","0","0","1","1","Blog","/blog/german-beer-guide-german-wheat-weissbier-pilsner/"
"german beer weiss","Informational, Commercial","Commercial","90","14","tag","0","0","1","1","Blog","/blog/german-beer-guide-german-wheat-weissbier-pilsner/"
"cuvee champagne","Informational","Informational","90","9","secondary","0","1","0","1","Blog","/blog/champagne-rose-brut-guide-veuve-clicquot-krug/"
"champagne krug","Navigational","Navigational","90","25","secondary","0","1","0","1","Blog","/blog/champagne-rose-brut-guide-veuve-clicquot-krug/"
"remy martin cognac fine champagne","Informational","Informational","90","14","secondary","0","1","0","1","Blog","/blog/champagne-rose-brut-guide-veuve-clicquot-krug/"
"red champagne","Informational","Informational","90","14","secondary","0","1","0","1","Blog","/blog/champagne-rose-brut-guide-veuve-clicquot-krug/"
"lark gift pack","Informational, Transactional","Transactional","70","5","primary","1","0","0","1","Sub-category","/shop/whisky/collection/australian-whisky/"
"buy mezcal online australia","Transactional","Transactional","70","6","primary","1","0","0","1","Sub-category","/shop/spirit/collection/mezcal/"
"somersby cider bottle","Informational, Transactional","Transactional","70","10","primary","1","0","0","1","Sub-category","/shop/beer-premix-wine/collection/cider/"
"bottle of malibu rum","Informational, Transactional","Transactional","70","11","primary","1","0","0","1","Sub-category","/shop/spirit/collection/rum/"
"premium sauvignon blanc","Informational, Transactional","Transactional","70","11","primary","1","0","0","1","Sub-category","/shop/beer-premix-wine/collection/sauvignon-blanc/"
"scotch laphroaig","Navigational, Commercial","Commercial","70","20","primary + secondary","1","10","0","11","Product","/shop/whisky/laphroaig-30-year-old-ian-hunter-story-book-2/ ; /shop/whisky/laphroaig-10-glass-pack-scotch-whisky/ ; /shop/whisky/laphroaig-10-sherry-oak-scotch-whisky/"
"laphroaig single malt","Informational, Commercial","Commercial","70","19","primary + secondary","1","10","0","11","Product","/shop/whisky/laphroaig-30-year-old-ian-hunter-story-book-2/ ; /shop/whisky/laphroaig-10-glass-pack-scotch-whisky/ ; /shop/whisky/laphroaig-10-sherry-oak-scotch-whisky/"
"bourbon wild turkey","Informational, Commercial","Commercial","70","13","primary + secondary","1","2","0","3","Product","/shop/whisky/wild-turkey-kentucky-spirit-1l-bourbon-whiskey/ ; /shop/whisky/wild-turkey-rare-breed-1l-new-bourbon-whiskey/ ; /shop/whisky/wild-turkey-masters-keep-triumph-rye-whiskey/"
"beluga vodka australia","Commercial","Commercial","70","8","primary","1","0","0","1","Product","/shop/spirit/beluga-gold-leather-russian-vodka/"
"smirnoff vodka price 1 litre","Transactional","Transactional","70","9","primary","1","0","0","1","Product","/shop/spirit/smirnoff-gold-1l-russian-vodka/"
"bottle don julio","Informational, Transactional","Transactional","70","9","primary","1","0","0","1","Product","/shop/spirit/don-julio-rosado-don-julio/"
"gran patron","Commercial","Commercial","70","11","primary","1","0","0","1","Product","/shop/spirit/gran-patron-platinum-white-tequila/"
"price captain morgan rum","Transactional","Transactional","70","8","primary","1","0","0","1","Product","/shop/spirit/captain-morgan-1l-spiced-rum/"
"rum kraken price","Transactional","Transactional","70","8","primary","1","0","0","1","Product","/shop/spirit/kraken-94-proof-spiced-rum/"
"martell blue","Informational, Transactional","Transactional","70","13","primary","1","0","0","1","Product","/shop/spirit/martell-blue-swift-cognac-brandy/"
"cognac martell xo","Informational, Transactional","Transactional","70","9","primary","1","0","0","1","Product","/shop/spirit/martell-chanteloup-xxo-cognac-brandy/"
"xo camus cognac","Informational","Informational","70","6","primary","1","0","0","1","Product","/shop/spirit/camus-borderies-mini-collection-cognac-brandy/"
"xo cognac camus","Informational, Commercial","Commercial","70","8","primary + secondary","1","2","0","3","Product","/shop/spirit/camus-borderies-mini-collection-cognac-brandy/ ; /shop/spirit/camus-special-dry-flask-cognac-brandy/ ; /shop/spirit/camus-vsop-promopack-cognac-brandy/"
"courvoisier xo cognac","Commercial","Commercial","70","17","primary + secondary","1","6","0","7","Product","/shop/spirit/courvoisier-extra-nogb-cognac-brandy/ ; /shop/spirit/courvoisier-extra-red-cognac-brandy/ ; /shop/spirit/courvoisier-mizunara-2023-cognac-brandy/"
"absinthe liquor","Informational, Transactional","Transactional","70","28","primary","1","0","0","1","Product","/shop/spirit/absinthe-blue-700-absinthe/"
"sparkling rose jacobs creek","Commercial","Commercial","70","8","primary + secondary + tag","1","1","1","3","Product / Blog","/shop/beer-premix-wine/jacobs-creek-shiraz-case-red-wine/ ; /shop/beer-premix-wine/jacobs-creek-riesling-case-white-wine/ ; /blog/everything-about-rose-wine/"
"cider somersby","Informational, Transactional","Transactional","70","15","primary","1","0","0","1","Product","/shop/beer-premix-wine/somersby-apple-cider-bottles/"
"ardbeg scotch","Informational, Commercial","Commercial","70","13","primary + tag","1","0","2","3","Product","/shop/whisky/ardbeg-smoketrails-manzanilla-limited-edition-single-malt-scotch-whisky/ ; /shop/whisky/ardbeg-14-year-old-the-unicorn-s-tale-anthology-limited-edition-single-malt-scotch-whisky/ ; /shop/whisky/ardbeg-anthology-collection-limited-edition-single-malt-scotch-whisky/"
"jim beam premix","Informational, Transactional","Transactional","70","10","primary","1","0","0","1","Product","/shop/whisky/jim-beam-8-year-old-pin-bottle-235th-anniversary-2025-limited-edition-kentucky-straight-bourbon-whiskey/"
"43 licor","Informational, Commercial","Commercial","70","19","primary + secondary","1","1","0","2","Product","/shop/spirit/licor-43-horchata-spanish-cream-liqueur/ ; /shop/spirit/licor-43-spanish-liqueur/"
"wine chardonnay","Informational","Informational","70","20","primary","1","0","0","1","Blog","/blog/white-wine-styles-explained/"
"bourbon rye whiskey","Informational, Commercial","Commercial","70","18","tag","0","0","10","10","Sub-category / Product","/shop/whisky/collection/rye-whiskey/ ; /shop/whisky/elijah-craig-rye-rye-whiskey/ ; /shop/whisky/high-west-midwinter-nights-dram-rye-whiskey/"
"bourbon versus rye","Commercial","Commercial","70","14","tag","0","0","10","10","Sub-category / Product","/shop/whisky/collection/rye-whiskey/ ; /shop/whisky/elijah-craig-rye-rye-whiskey/ ; /shop/whisky/high-west-midwinter-nights-dram-rye-whiskey/"
"good rye whiskey","Commercial","Commercial","70","13","tag","0","0","10","10","Sub-category / Product","/shop/whisky/collection/rye-whiskey/ ; /shop/whisky/elijah-craig-rye-rye-whiskey/ ; /shop/whisky/high-west-midwinter-nights-dram-rye-whiskey/"
"rye whiskey recommendations","Commercial","Commercial","70","8","tag","0","0","10","10","Sub-category / Product","/shop/whisky/collection/rye-whiskey/ ; /shop/whisky/elijah-craig-rye-rye-whiskey/ ; /shop/whisky/high-west-midwinter-nights-dram-rye-whiskey/"
"best rye bourbon","Commercial","Commercial","70","16","tag","0","0","10","10","Sub-category / Product","/shop/whisky/collection/rye-whiskey/ ; /shop/whisky/elijah-craig-rye-rye-whiskey/ ; /shop/whisky/high-west-midwinter-nights-dram-rye-whiskey/"
"best australian whiskies","Commercial","Commercial","70","17","tag","0","0","12","12","Sub-category / Product","/shop/whisky/collection/australian-whisky/ ; /shop/whisky/lark-legacy-rare-cask-series-para-100-vintage/ ; /shop/whisky/dark-lark-2026-australian-whisky/"
"australian made whiskey","Informational, Commercial","Commercial","70","17","tag","0","0","12","12","Sub-category / Product","/shop/whisky/collection/australian-whisky/ ; /shop/whisky/lark-legacy-rare-cask-series-para-100-vintage/ ; /shop/whisky/dark-lark-2026-australian-whisky/"
"australian award winning whisky","Commercial","Commercial","70","17","tag","0","0","12","12","Sub-category / Product","/shop/whisky/collection/australian-whisky/ ; /shop/whisky/lark-legacy-rare-cask-series-para-100-vintage/ ; /shop/whisky/dark-lark-2026-australian-whisky/"
"tasmania best whisky","Commercial","Commercial","70","10","tag","0","0","12","12","Sub-category / Product","/shop/whisky/collection/australian-whisky/ ; /shop/whisky/lark-legacy-rare-cask-series-para-100-vintage/ ; /shop/whisky/dark-lark-2026-australian-whisky/"
"tasmanian whisky brands","Informational, Commercial","Commercial","70","13","tag","0","0","12","12","Sub-category / Product","/shop/whisky/collection/australian-whisky/ ; /shop/whisky/lark-legacy-rare-cask-series-para-100-vintage/ ; /shop/whisky/dark-lark-2026-australian-whisky/"
"lark chinotto citrus cask","Commercial","Commercial","70","6","tag","0","0","12","12","Sub-category / Product","/shop/whisky/collection/australian-whisky/ ; /shop/whisky/lark-legacy-rare-cask-series-para-100-vintage/ ; /shop/whisky/dark-lark-2026-australian-whisky/"
"lark classic cask single malt","Commercial","Commercial","70","7","tag","0","0","12","12","Sub-category / Product","/shop/whisky/collection/australian-whisky/ ; /shop/whisky/lark-legacy-rare-cask-series-para-100-vintage/ ; /shop/whisky/dark-lark-2026-australian-whisky/"
"lark whisky review","Commercial","Commercial","70","8","tag","0","0","12","12","Sub-category / Product","/shop/whisky/collection/australian-whisky/ ; /shop/whisky/lark-legacy-rare-cask-series-para-100-vintage/ ; /shop/whisky/dark-lark-2026-australian-whisky/"
"lark st","Informational, Commercial","Commercial","70","17","tag","0","0","12","12","Sub-category / Product","/shop/whisky/collection/australian-whisky/ ; /shop/whisky/lark-legacy-rare-cask-series-para-100-vintage/ ; /shop/whisky/dark-lark-2026-australian-whisky/"
"belvedere 1.75 l","Commercial","Commercial","70","6","secondary","0","1","0","1","Sub-category","/shop/spirit/collection/belvedere/"
"belvedere 1.75 liter","Commercial","Commercial","70","8","secondary","0","1","0","1","Sub-category","/shop/spirit/collection/belvedere/"
"belvedere vodka 1.75 liter","Commercial","Commercial","70","8","tag","0","0","1","1","Sub-category","/shop/spirit/collection/belvedere/"
"mezcal australia","Commercial","Commercial","70","8","secondary + tag","0","6","1","7","Sub-category / Product / Blog","/shop/spirit/collection/mezcal/ ; /shop/spirit/guerrero-mezcal-50ml/ ; /shop/spirit/guerrero-mezcal/"
"discover mezcal","Commercial","Commercial","70","9","secondary + tag","0","6","1","7","Sub-category / Product / Blog","/shop/spirit/collection/mezcal/ ; /shop/spirit/guerrero-mezcal-50ml/ ; /shop/spirit/guerrero-mezcal/"
"del maguey mezcal","Navigational, Commercial","Commercial","70","17","secondary + tag","0","6","1","7","Sub-category / Product / Blog","/shop/spirit/collection/mezcal/ ; /shop/spirit/guerrero-mezcal-50ml/ ; /shop/spirit/guerrero-mezcal/"
"don julio tequilla","Informational, Commercial","Commercial","70","10","tag","0","0","12","12","Sub-category / Product","/shop/spirit/collection/don-julio/ ; /shop/spirit/don-julio-1942-ultima-reserva-extra-anejo/ ; /shop/spirit/don-julio-1942-50ml-don-julio/"
"don julio cost","Informational, Commercial","Commercial","70","7","secondary + tag","0","9","4","13","Sub-category / Product","/shop/spirit/collection/don-julio/ ; /shop/spirit/don-julio-1942-ultima-reserva-extra-anejo/ ; /shop/spirit/don-julio-1942-50ml-don-julio/"
"don julio ultima reserva","Informational, Commercial","Commercial","70","9","tag","0","0","12","12","Sub-category / Product","/shop/spirit/collection/don-julio/ ; /shop/spirit/don-julio-1942-ultima-reserva-extra-anejo/ ; /shop/spirit/don-julio-1942-50ml-don-julio/"
"mini don julio","Commercial","Commercial","70","7","tag","0","0","11","11","Sub-category / Product","/shop/spirit/collection/don-julio/ ; /shop/spirit/don-julio-1942-ultima-reserva-extra-anejo/ ; /shop/spirit/don-julio-1942-snake-don-julio/"
"don julio mini","Commercial","Commercial","70","8","tag","0","0","11","11","Sub-category / Product","/shop/spirit/collection/don-julio/ ; /shop/spirit/don-julio-1942-ultima-reserva-extra-anejo/ ; /shop/spirit/don-julio-1942-snake-don-julio/"
"gold tequila jose cuervo","Informational, Commercial","Commercial","70","9","secondary + tag","0","6","2","8","Sub-category / Product","/shop/spirit/collection/jose-cuervo/ ; /shop/spirit/jose-cuervo-cristalino-anejo-jose-cuervo/ ; /shop/spirit/jose-cuervo-gold-50ml-jose-cuervo/"
"gold jose cuervo tequila","Informational, Commercial","Commercial","70","8","secondary + tag","0","6","2","8","Sub-category / Product","/shop/spirit/collection/jose-cuervo/ ; /shop/spirit/jose-cuervo-cristalino-anejo-jose-cuervo/ ; /shop/spirit/jose-cuervo-gold-50ml-jose-cuervo/"
"coffee liquier","Informational, Commercial","Commercial","70","13","tag","0","0","7","7","Sub-category / Product","/shop/spirit/collection/coffee-liqueur/ ; /shop/spirit/avion-espresso-tequila/ ; /shop/spirit/kahlua-16abv-coffee-liqueur/"
"coffee whisky","Informational, Commercial","Commercial","70","6","tag","0","0","7","7","Sub-category / Product","/shop/spirit/collection/coffee-liqueur/ ; /shop/spirit/avion-espresso-tequila/ ; /shop/spirit/kahlua-16abv-coffee-liqueur/"
"vodka coffee","Informational, Commercial","Commercial","70","14","tag","0","0","7","7","Sub-category / Product","/shop/spirit/collection/coffee-liqueur/ ; /shop/spirit/avion-espresso-tequila/ ; /shop/spirit/kahlua-16abv-coffee-liqueur/"
"kahlua specials","Commercial","Commercial","70","10","tag","0","0","7","7","Sub-category / Product","/shop/spirit/collection/coffee-liqueur/ ; /shop/spirit/avion-espresso-tequila/ ; /shop/spirit/kahlua-16abv-coffee-liqueur/"
"kahlua 200ml","Commercial","Commercial","70","11","tag","0","0","1","1","Sub-category","/shop/spirit/collection/coffee-liqueur/"
"cointreau on special","Informational, Commercial","Commercial","70","6","tag","0","0","6","6","Sub-category / Product","/shop/spirit/collection/orange-liqueur/ ; /shop/spirit/1800-guachimonton-orange-liqueur/ ; /shop/spirit/cointreau-50ml-orange-liqueur/"
"st germain elderflower liqueur 750ml","Commercial","Commercial","70","12","tag","0","0","1","1","Sub-category","/shop/spirit/collection/orange-liqueur/"
"st. germain elderflower liqueur","Informational, Commercial","Commercial","70","24","tag","0","0","6","6","Sub-category / Product","/shop/spirit/collection/orange-liqueur/ ; /shop/spirit/1800-guachimonton-orange-liqueur/ ; /shop/spirit/cointreau-50ml-orange-liqueur/"
"cost of grand marnier","Informational, Commercial","Commercial","70","14","tag","0","0","6","6","Sub-category / Product","/shop/spirit/collection/orange-liqueur/ ; /shop/spirit/1800-guachimonton-orange-liqueur/ ; /shop/spirit/cointreau-50ml-orange-liqueur/"
"grand marnier cost","Informational, Commercial","Commercial","70","15","tag","0","0","6","6","Sub-category / Product","/shop/spirit/collection/orange-liqueur/ ; /shop/spirit/1800-guachimonton-orange-liqueur/ ; /shop/spirit/cointreau-50ml-orange-liqueur/"
"cinnamon flavored whiskey","Informational, Commercial","Commercial","70","18","secondary + tag","0","9","2","11","Sub-category / Product","/shop/spirit/collection/cinnamon-liqueur/ ; /shop/spirit/baileys-cinnamon-scroll-cinnamon-liqueur/ ; /shop/spirit/fireball-1l-cinnamon-liqueur/"
"cinnamon whisky cocktail","Informational, Commercial","Commercial","70","18","secondary + tag","0","9","2","11","Sub-category / Product","/shop/spirit/collection/cinnamon-liqueur/ ; /shop/spirit/baileys-cinnamon-scroll-cinnamon-liqueur/ ; /shop/spirit/fireball-1l-cinnamon-liqueur/"
"limoncello australia pty ltd reviews","Commercial","Commercial","70","17","tag","0","0","9","9","Sub-category / Product","/shop/spirit/collection/limoncello/ ; /shop/spirit/24-ice-frozen-cocktails-5pack-limoncello/ ; /shop/spirit/bottega-limoncino-limoncello/"
"limoncello australia","Informational, Commercial","Commercial","70","11","secondary + tag","0","1","8","9","Sub-category / Product","/shop/spirit/collection/limoncello/ ; /shop/spirit/24-ice-frozen-cocktails-5pack-limoncello/ ; /shop/spirit/bottega-limoncino-limoncello/"
"mini limoncello","Commercial","Commercial","70","9","tag","0","0","9","9","Sub-category / Product","/shop/spirit/collection/limoncello/ ; /shop/spirit/24-ice-frozen-cocktails-5pack-limoncello/ ; /shop/spirit/bottega-limoncino-limoncello/"
"sambuca drink price","Commercial","Commercial","70","6","secondary + tag","0","5","1","6","Sub-category / Product","/shop/spirit/collection/sambuca/ ; /shop/spirit/galliano-authentico-sambuca/ ; /shop/spirit/lucano-sambuca/"
"alcohol content sambuca","Informational, Commercial","Commercial","70","17","secondary + tag","0","4","2","6","Sub-category / Product","/shop/spirit/collection/sambuca/ ; /shop/spirit/galliano-authentico-sambuca/ ; /shop/spirit/lucano-sambuca/"
"black sambuca 700ml","Commercial","Commercial","70","10","secondary + tag","0","2","2","4","Sub-category / Product","/shop/spirit/collection/sambuca/ ; /shop/spirit/galliano-authentico-sambuca/ ; /shop/spirit/lucano-sambuca/"
"sambuca alcohol percent","Informational, Commercial","Commercial","70","5","secondary + tag","0","3","3","6","Sub-category / Product","/shop/spirit/collection/sambuca/ ; /shop/spirit/galliano-authentico-sambuca/ ; /shop/spirit/lucano-sambuca/"
"rose red wine","Commercial","Commercial","70","8","secondary + tag","0","10","1","11","Sub-category / Product","/shop/beer-premix-wine/collection/rose-wine/ ; /shop/beer-premix-wine/batch-co-bondi-spritz-24pack-cans-rose-wine/ ; /shop/beer-premix-wine/batch-co-noosa-spritz-24pack-cans-rose-wine/"
"sparking rose","Commercial","Commercial","70","9","secondary + tag","0","10","1","11","Sub-category / Product","/shop/beer-premix-wine/collection/rose-wine/ ; /shop/beer-premix-wine/batch-co-bondi-spritz-24pack-cans-rose-wine/ ; /shop/beer-premix-wine/batch-co-noosa-spritz-24pack-cans-rose-wine/"
"champagne fruity","Commercial","Commercial","70","13","tag","0","0","7","7","Sub-category / Product","/shop/beer-premix-wine/collection/champagne/ ; /shop/beer-premix-wine/krug-grande-cuvee-brut-m-v-half-bottle-champagne/ ; /shop/beer-premix-wine/laurent-perrier-la-cuvee-brut-champagne-nv/"
"lowest price champagne","Commercial","Commercial","70","8","tag","0","0","6","6","Sub-category / Product","/shop/beer-premix-wine/collection/champagne/ ; /shop/beer-premix-wine/laurent-perrier-la-cuvee-brut-champagne-nv/ ; /shop/beer-premix-wine/laurent-perrier-la-cuvee-brut-rose-champagne-nv/"
"sparkly champagne","Informational, Commercial","Commercial","70","21","tag","0","0","1","1","Sub-category","/shop/beer-premix-wine/collection/champagne/"
"red pinot noir wine","Commercial","Commercial","70","18","secondary","0","3","0","3","Sub-category / Product","/shop/beer-premix-wine/collection/pinot-grigio/ ; /shop/beer-premix-wine/three-trails-south-eastern-australian-pinot-grigio/ ; /shop/beer-premix-wine/farmer-and-the-scientist-heathcote-pinot-grigio-2021/"
"is pinot noir red wine","Commercial","Commercial","70","25","secondary","0","3","0","3","Sub-category / Product","/shop/beer-premix-wine/collection/pinot-grigio/ ; /shop/beer-premix-wine/three-trails-south-eastern-australian-pinot-grigio/ ; /shop/beer-premix-wine/farmer-and-the-scientist-heathcote-pinot-grigio-2021/"
"pinot noir brands","Commercial","Commercial","70","17","secondary","0","3","0","3","Sub-category / Product","/shop/beer-premix-wine/collection/pinot-grigio/ ; /shop/beer-premix-wine/three-trails-south-eastern-australian-pinot-grigio/ ; /shop/beer-premix-wine/farmer-and-the-scientist-heathcote-pinot-grigio-2021/"
"pinot noir red or white","Informational, Commercial","Commercial","70","9","secondary","0","3","0","3","Sub-category / Product","/shop/beer-premix-wine/collection/pinot-grigio/ ; /shop/beer-premix-wine/three-trails-south-eastern-australian-pinot-grigio/ ; /shop/beer-premix-wine/farmer-and-the-scientist-heathcote-pinot-grigio-2021/"
"blanc wine","Informational, Commercial","Commercial","70","25","secondary","0","6","0","6","Sub-category / Product","/shop/beer-premix-wine/collection/sauvignon-blanc/ ; /shop/beer-premix-wine/gentleman-s-duel-south-australian-sauvignon-blanc/ ; /shop/beer-premix-wine/alexander-hill-premium-selection-sauvignon-blanc-big-rivers-riverina/"
"highest rated sauvignon blanc","Commercial","Commercial","70","9","secondary + tag","0","1","6","7","Sub-category / Product / Blog","/shop/beer-premix-wine/collection/sauvignon-blanc/ ; /shop/beer-premix-wine/gentleman-s-duel-south-australian-sauvignon-blanc/ ; /shop/beer-premix-wine/alexander-hill-premium-selection-sauvignon-blanc-big-rivers-riverina/"
"sauv blanc for cooking","Informational, Commercial","Commercial","70","18","tag","0","0","6","6","Sub-category / Product","/shop/beer-premix-wine/collection/sauvignon-blanc/ ; /shop/beer-premix-wine/gentleman-s-duel-south-australian-sauvignon-blanc/ ; /shop/beer-premix-wine/alexander-hill-premium-selection-sauvignon-blanc-big-rivers-riverina/"
"sauvignon blanc from france","Informational, Commercial","Commercial","70","17","tag","0","0","7","7","Sub-category / Product / Blog","/shop/beer-premix-wine/collection/sauvignon-blanc/ ; /shop/beer-premix-wine/gentleman-s-duel-south-australian-sauvignon-blanc/ ; /shop/beer-premix-wine/alexander-hill-premium-selection-sauvignon-blanc-big-rivers-riverina/"
"sauvignon blonc","Commercial","Commercial","70","20","tag","0","0","6","6","Sub-category / Product","/shop/beer-premix-wine/collection/sauvignon-blanc/ ; /shop/beer-premix-wine/gentleman-s-duel-south-australian-sauvignon-blanc/ ; /shop/beer-premix-wine/alexander-hill-premium-selection-sauvignon-blanc-big-rivers-riverina/"
"souvignon blanc","Informational, Commercial","Commercial","70","17","tag","0","0","6","6","Sub-category / Product","/shop/beer-premix-wine/collection/sauvignon-blanc/ ; /shop/beer-premix-wine/gentleman-s-duel-south-australian-sauvignon-blanc/ ; /shop/beer-premix-wine/alexander-hill-premium-selection-sauvignon-blanc-big-rivers-riverina/"
"bordeaux wine cabernet sauvignon","Commercial","Commercial","70","5","secondary + tag","0","7","7","14","Sub-category / Product / Blog","/shop/beer-premix-wine/collection/sauvignon-blanc/ ; /shop/beer-premix-wine/collection/cabernet-sauvignon/ ; /shop/beer-premix-wine/gentleman-s-duel-south-australian-sauvignon-blanc/"
"cab wine","Commercial","Commercial","70","25","secondary","0","7","0","7","Sub-category / Product","/shop/beer-premix-wine/collection/cabernet-sauvignon/ ; /shop/beer-premix-wine/alexander-hill-premium-selection-cabernet-sauvignon-big-river-riverina/ ; /shop/beer-premix-wine/holy-cab-victorian-cabernet-sauvignon-red-wine-magnum/"
"bordeaux cabernet","Informational, Commercial","Commercial","70","8","secondary + tag","0","7","1","8","Sub-category / Product / Blog","/shop/beer-premix-wine/collection/cabernet-sauvignon/ ; /shop/beer-premix-wine/alexander-hill-premium-selection-cabernet-sauvignon-big-river-riverina/ ; /shop/beer-premix-wine/holy-cab-victorian-cabernet-sauvignon-red-wine-magnum/"
"grey goose vodka gift pack","Commercial","Commercial","70","10","secondary + tag","0","13","1","14","Product","/shop/spirit/grey-goose-altius-ultra-premium-french-vodka/ ; /shop/spirit/grey-goose-700ml-french-vodka/ ; /shop/spirit/grey-goose-essences-peach-rosemary-french-vodka/"
"grey goose vodka australia","Informational, Commercial","Commercial","70","18","secondary + tag","0","13","1","14","Product","/shop/spirit/grey-goose-altius-ultra-premium-french-vodka/ ; /shop/spirit/grey-goose-700ml-french-vodka/ ; /shop/spirit/grey-goose-essences-peach-rosemary-french-vodka/"
"grey goose abv","Informational, Commercial","Commercial","70","13","secondary + tag","0","13","1","14","Product","/shop/spirit/grey-goose-altius-ultra-premium-french-vodka/ ; /shop/spirit/grey-goose-700ml-french-vodka/ ; /shop/spirit/grey-goose-essences-peach-rosemary-french-vodka/"
"grey goose vodka abv","Informational, Commercial","Commercial","70","11","secondary + tag","0","13","1","14","Product","/shop/spirit/grey-goose-altius-ultra-premium-french-vodka/ ; /shop/spirit/grey-goose-700ml-french-vodka/ ; /shop/spirit/grey-goose-essences-peach-rosemary-french-vodka/"
"grey goose gift set","Commercial","Commercial","70","14","tag","0","0","10","10","Product","/shop/spirit/grey-goose-altius-ultra-premium-french-vodka/ ; /shop/spirit/grey-goose-50ml-grey-goose/ ; /shop/spirit/grey-goose-700ml-grey-goose/"
"alcohol percentage in grey goose","Informational, Commercial","Commercial","70","11","tag","0","0","10","10","Product","/shop/spirit/grey-goose-altius-ultra-premium-french-vodka/ ; /shop/spirit/grey-goose-50ml-grey-goose/ ; /shop/spirit/grey-goose-700ml-grey-goose/"
"grey goose alcohol content","Informational, Commercial","Commercial","70","18","tag","0","0","10","10","Product","/shop/spirit/grey-goose-altius-ultra-premium-french-vodka/ ; /shop/spirit/grey-goose-50ml-grey-goose/ ; /shop/spirit/grey-goose-700ml-grey-goose/"
"biggest bottle of grey goose vodka","Informational, Commercial","Commercial","70","10","tag","0","0","10","10","Product","/shop/spirit/grey-goose-altius-ultra-premium-french-vodka/ ; /shop/spirit/grey-goose-50ml-grey-goose/ ; /shop/spirit/grey-goose-700ml-grey-goose/"
"biggest bottle grey goose","Commercial","Commercial","70","10","tag","0","0","10","10","Product","/shop/spirit/grey-goose-altius-ultra-premium-french-vodka/ ; /shop/spirit/grey-goose-50ml-grey-goose/ ; /shop/spirit/grey-goose-700ml-grey-goose/"
"patron bottle","Commercial","Commercial","70","17","tag","0","0","16","16","Product","/shop/spirit/gran-patron-burdeos-extra-anejo-tequila/ ; /shop/spirit/patron-50ml-collection-patron/ ; /shop/spirit/patron-cafe-xo-750ml-patron/"
"patron liquor","Informational, Commercial","Commercial","70","10","tag","0","0","16","16","Product","/shop/spirit/gran-patron-burdeos-extra-anejo-tequila/ ; /shop/spirit/patron-50ml-collection-patron/ ; /shop/spirit/patron-cafe-xo-750ml-patron/"
"xo tequila patron","Commercial","Commercial","70","11","secondary + tag","0","7","9","16","Product","/shop/spirit/gran-patron-burdeos-extra-anejo-tequila/ ; /shop/spirit/patron-50ml-collection-patron/ ; /shop/spirit/patron-cafe-xo-750ml-patron/"
"xo.patron","Commercial","Commercial","70","13","secondary + tag","0","7","9","16","Product","/shop/spirit/gran-patron-burdeos-extra-anejo-tequila/ ; /shop/spirit/patron-50ml-collection-patron/ ; /shop/spirit/patron-cafe-xo-750ml-patron/"
"coffee tequila patron","Informational, Commercial","Commercial","70","14","secondary + tag","0","4","12","16","Product","/shop/spirit/gran-patron-burdeos-extra-anejo-tequila/ ; /shop/spirit/patron-50ml-collection-patron/ ; /shop/spirit/patron-cafe-xo-750ml-patron/"
"glenfiddich 16 year old","Informational, Commercial","Commercial","70","6","secondary","0","1","0","1","Product","/shop/whisky/glenfiddich-16-aston-martin-no2-scotch-whisky/"
"jack daniels alcohol","Informational, Commercial","Commercial","70","11","secondary","0","4","0","4","Product","/shop/whisky/jack-daniels-barrel-proof-rye-rye-whiskey/ ; /shop/other/jack-daniels-honey-bbq-sauce-mixers-water-condiments/ ; /shop/other/jack-daniels-original-bbq-sauce/"
"bottle smirnoff","Commercial","Commercial","70","10","tag","0","0","8","8","Product","/shop/spirit/smirnoff-50ml-russian-vodka/ ; /shop/spirit/smirnoff-blue-1l-russian-vodka/ ; /shop/spirit/smirnoff-blue-500ml-russian-vodka/"
"smirnoff vodka australia","Informational, Commercial","Commercial","70","9","tag","0","0","8","8","Product","/shop/spirit/smirnoff-50ml-russian-vodka/ ; /shop/spirit/smirnoff-blue-1l-russian-vodka/ ; /shop/spirit/smirnoff-blue-500ml-russian-vodka/"
"smirnoff 1 litre vodka","Commercial","Commercial","70","9","tag","0","0","3","3","Product","/shop/spirit/smirnoff-blue-1l-russian-vodka/ ; /shop/spirit/smirnoff-gold-1l-russian-vodka/ ; /shop/spirit/smirnoff-gold-1l-cinnamon-liqueur/"
"1 litre grey goose vodka","Commercial","Commercial","70","12","secondary","0","1","0","1","Product","/shop/spirit/grey-goose-1l-grey-goose/"
"grey goose logo","Navigational, Commercial","Commercial","70","17","tag","0","0","2","2","Product","/shop/spirit/grey-goose-50ml-grey-goose/ ; /shop/spirit/grey-goose-700ml-grey-goose/"
"grey goose vodka logo","Commercial","Commercial","70","26","tag","0","0","1","1","Product","/shop/spirit/grey-goose-50ml-grey-goose/"
"spiced bacardi","Informational, Commercial","Commercial","70","15","secondary","0","4","0","4","Product","/shop/spirit/bacardi-cuarto-sherry-spiced-rum/ ; /shop/spirit/bacardi-oakheart-spiced-rum/ ; /shop/spirit/bacardi-blanca-200-white-rum/"
"kraken rum coffee","Commercial","Commercial","70","10","tag","0","0","5","5","Product","/shop/spirit/kraken-50ml-spiced-rum/ ; /shop/spirit/kraken-94-proof-spiced-rum/ ; /shop/spirit/kraken-black-cherry-vanilla-spiced-rum/"
"kraken black spiced rum 700ml","Commercial","Commercial","70","8","tag","0","0","4","4","Product","/shop/spirit/kraken-94-proof-spiced-rum/ ; /shop/spirit/kraken-black-cherry-vanilla-spiced-rum/ ; /shop/spirit/kraken-gold-spiced-rum/"
"bombay lemon gin","Commercial","Commercial","70","19","secondary","0","1","0","1","Product","/shop/spirit/bombay-sapphire-gin/"
"gin gordons","Informational, Commercial","Commercial","70","12","secondary","0","2","0","2","Product","/shop/spirit/gordons-gin-1l/ ; /shop/spirit/gordons-gin/"
"martell cognac blue","Informational, Commercial","Commercial","70","9","secondary + tag","0","1","4","5","Product","/shop/spirit/martell-blue-swift-cognac-brandy/ ; /shop/spirit/martell-chanteloup-xxo-cognac-brandy/ ; /shop/spirit/martell-cordon-bleu-cognac-brandy/"
"blue martell","Commercial","Commercial","70","11","secondary + tag","0","1","4","5","Product","/shop/spirit/martell-blue-swift-cognac-brandy/ ; /shop/spirit/martell-chanteloup-xxo-cognac-brandy/ ; /shop/spirit/martell-cordon-bleu-cognac-brandy/"
"cognac vs martell","Commercial","Commercial","70","12","secondary + tag","0","1","4","5","Product","/shop/spirit/martell-blue-swift-cognac-brandy/ ; /shop/spirit/martell-chanteloup-xxo-cognac-brandy/ ; /shop/spirit/martell-cordon-bleu-cognac-brandy/"
"hennessy extra old cognac","Informational, Commercial","Commercial","70","6","secondary","0","3","0","3","Product","/shop/spirit/hennessy-master-blender-no5-cognac-brandy/ ; /shop/spirit/hennessy-vsop-cognac-brandy/ ; /shop/spirit/hennessy-xo-cognac-brandy/"
"vs hennessy","Commercial","Commercial","70","9","secondary + tag","0","2","1","3","Product","/shop/spirit/hennessy-master-blender-no5-cognac-brandy/ ; /shop/spirit/hennessy-vsop-cognac-brandy/ ; /shop/spirit/hennessy-xo-cognac-brandy/"
"remy martin vsop cognac","Informational, Commercial","Commercial","70","10","secondary","0","2","0","2","Product","/shop/spirit/remy-martin-club-exception-cognac-brandy/ ; /shop/spirit/remy-martin-vsop-50ml-cognac-brandy/"
"baileys irish cream liqueur 1l","Commercial","Commercial","70","8","secondary","0","1","0","1","Product","/shop/spirit/baileys-1l-baileys-irish-cream/"
"baileys 1 ltr","Informational, Commercial","Commercial","70","13","tag","0","0","1","1","Product","/shop/spirit/baileys-1l-baileys-irish-cream/"
"flavoured baileys","Commercial","Commercial","70","12","tag","0","0","9","9","Product","/shop/spirit/baileys-1l-baileys-irish-cream/ ; /shop/spirit/baileys-700-baileys-irish-cream/ ; /shop/spirit/baileys-apple-pie-baileys-irish-cream/"
"700ml baileys","Commercial","Commercial","70","12","tag","0","0","8","8","Product","/shop/spirit/baileys-700-baileys-irish-cream/ ; /shop/spirit/baileys-apple-pie-baileys-irish-cream/ ; /shop/spirit/baileys-cinnamon-scroll-baileys-irish-cream/"
"tequila 1800 reposado","Informational, Commercial","Commercial","70","10","secondary","0","1","0","1","Product","/shop/spirit/1800-guachimonton-orange-liqueur/"
"jagermeister australia","Commercial","Commercial","70","9","secondary","0","1","0","1","Product","/shop/spirit/jagermeister-orange-orange-liqueur/"
"galliano black","Informational, Commercial","Commercial","70","10","secondary","0","1","0","1","Product","/shop/spirit/galliano-authentico-sambuca/"
"heineken beer 500ml","Commercial","Commercial","70","8","secondary","0","2","0","2","Product","/shop/beer-premix-wine/heineken-500ml-lager/ ; /shop/beer-premix-wine/heineken-500ml-imported-beer/"
"can heineken","Informational, Commercial","Commercial","70","9","secondary + tag","0","2","2","4","Product","/shop/beer-premix-wine/heineken-500ml-lager/ ; /shop/beer-premix-wine/heineken-500ml-imported-beer/ ; /shop/beer-premix-wine/heineken-zero-cans-330ml-non-alcoholic-beer/"
"hoegaarden beer australia","Commercial","Commercial","70","8","secondary","0","1","0","1","Product","/shop/beer-premix-wine/hoegaarden-wheat-beer/"
"beer ginger ale","Commercial","Commercial","70","12","tag","0","0","1","1","Product","/shop/beer-premix-wine/ginger-kid-ginger-beer/"
"ginger ale beer","Informational, Commercial","Commercial","70","12","tag","0","0","1","1","Product","/shop/beer-premix-wine/ginger-kid-ginger-beer/"
"ginger beer brookvale","Commercial","Commercial","70","14","tag","0","0","1","1","Product","/shop/beer-premix-wine/ginger-kid-ginger-beer/"
"brut rose chandon","Commercial","Commercial","70","18","secondary","0","1","0","1","Product","/shop/beer-premix-wine/chandon-sparkling-rose-rose-wine/"
"chandon champagne cost","Informational, Commercial","Commercial","70","12","tag","0","0","1","1","Product","/shop/beer-premix-wine/chandon-sparkling-rose-rose-wine/"
"jim beam bourbon cost","Informational, Commercial","Commercial","70","10","secondary + tag","0","2","1","3","Product","/shop/whisky/jim-beam-white-label-kentucky-bourbon-whiskey/ ; /shop/whisky/jim-beam-white-label-40-kentucky-straight-bourbon-whiskey/ ; /shop/whisky/jim-beam-8-year-old-pin-bottle-235th-anniversary-2025-limited-edition-kentucky-straight-bourbon-whiskey/"
"jim beam cola can","Informational, Commercial","Commercial","70","11","secondary + tag","0","2","1","3","Product","/shop/whisky/jim-beam-white-label-kentucky-bourbon-whiskey/ ; /shop/whisky/jim-beam-white-label-40-kentucky-straight-bourbon-whiskey/ ; /shop/whisky/jim-beam-8-year-old-pin-bottle-235th-anniversary-2025-limited-edition-kentucky-straight-bourbon-whiskey/"
"jim beam cola cans","Commercial","Commercial","70","7","secondary + tag","0","2","1","3","Product","/shop/whisky/jim-beam-white-label-kentucky-bourbon-whiskey/ ; /shop/whisky/jim-beam-white-label-40-kentucky-straight-bourbon-whiskey/ ; /shop/whisky/jim-beam-8-year-old-pin-bottle-235th-anniversary-2025-limited-edition-kentucky-straight-bourbon-whiskey/"
"jim beam black 700ml","Commercial","Commercial","70","8","tag","0","0","1","1","Product","/shop/whisky/jim-beam-white-label-kentucky-bourbon-whiskey/"
"shot absolut vodka","Informational, Commercial","Commercial","70","14","secondary","0","2","0","2","Product","/shop/spirit/absolut-swedish-vodka/ ; /shop/spirit/absolut-tabasco-chilli-pepper-flavoured-swedish-vodka/"
"carlsberg beer cost","Commercial","Commercial","70","9","secondary","0","1","0","1","Product","/shop/beer-premix-wine/carlsberg-green-pilsner-beer-case-cans/"
"american whiskey bourbon and rye","Informational","Informational","70","11","secondary","0","1","0","1","Blog","/blog/beginners-guide-to-rye-whiskey/"
"mezcal and tequila","Informational","Informational","70","28","secondary","0","1","0","1","Blog","/blog/mezcal-vs-tequila-difference/"
"chinese spirit alcohol","Informational","Informational","70","16","secondary","0","1","0","1","Blog","/blog/what-is-baijiu/"
"moutai prince","Informational","Informational","70","7","secondary","0","1","0","1","Blog","/blog/what-is-baijiu/"
"non alcoholic rose wine","Commercial","Commercial","70","6","tag","0","0","1","1","Blog","/blog/everything-about-rose-wine/"
"cost of rose wine","Commercial","Commercial","70","12","tag","0","0","1","1","Blog","/blog/everything-about-rose-wine/"
"rose wine bottle","Commercial","Commercial","70","8","tag","0","0","1","1","Blog","/blog/everything-about-rose-wine/"
"redbull zero sugar","Informational","Informational","70","25","secondary","0","1","0","1","Blog","/blog/rise-of-zero-sugar-seltzers/"
"the macallan estate","Informational","Informational","70","17","secondary","0","1","0","1","Blog","/blog/macallan-sherry-cask-legacy/"
"king valley pinot grigio","Commercial","Commercial","70","6","tag","0","0","1","1","Blog","/blog/pinot-grigio-vs-pinot-gris-italy-guide/"
"blue pinot gris","Commercial","Commercial","70","9","tag","0","0","1","1","Blog","/blog/pinot-grigio-vs-pinot-gris-italy-guide/"
"italia pinot grigio","Commercial","Commercial","70","8","tag","0","0","1","1","Blog","/blog/pinot-grigio-vs-pinot-gris-italy-guide/"
"pinot grigio orange wine","Informational, Commercial","Commercial","70","7","tag","0","0","1","1","Blog","/blog/pinot-grigio-vs-pinot-gris-italy-guide/"
"sauvignon blanc versus pinot grigio","Commercial","Commercial","70","7","tag","0","0","2","2","Blog","/blog/pinot-grigio-vs-pinot-gris-italy-guide/ ; /blog/sauvignon-blanc-guide-low-alcohol-cooking-pairing/"
"catalina sounds sauvignon blanc 2024","Informational","Informational","70","7","secondary","0","1","0","1","Blog","/blog/sauvignon-blanc-guide-low-alcohol-cooking-pairing/"
"belena sauvignon blanc","Informational","Informational","70","6","secondary","0","1","0","1","Blog","/blog/sauvignon-blanc-guide-low-alcohol-cooking-pairing/"
"the peoples sauvignon blanc","Informational","Informational","70","20","secondary","0","1","0","1","Blog","/blog/sauvignon-blanc-guide-low-alcohol-cooking-pairing/"
"wine sauv blanc","Informational","Informational","70","12","secondary","0","1","0","1","Blog","/blog/sauvignon-blanc-guide-low-alcohol-cooking-pairing/"
"pink gin can","Informational","Informational","70","8","secondary","0","1","0","1","Blog","/blog/pink-gin-and-soda-what-is-pink-gin/"
"gin pink bottle","Informational","Informational","70","6","secondary","0","1","0","1","Blog","/blog/pink-gin-and-soda-what-is-pink-gin/"
"gin & soda","Informational","Informational","70","6","secondary","0","1","0","1","Blog","/blog/pink-gin-and-soda-what-is-pink-gin/"
"gordon's pink gin & soda bottles 330ml","Commercial","Commercial","70","6","tag","0","0","1","1","Blog","/blog/pink-gin-and-soda-what-is-pink-gin/"
"pink gin and soda cans","Informational, Commercial","Commercial","70","6","tag","0","0","1","1","Blog","/blog/pink-gin-and-soda-what-is-pink-gin/"
"greek drink ouzo","Informational, Commercial","Commercial","70","28","tag","0","0","1","1","Blog","/blog/what-is-ouzo-greek-drink-flavour-serving/"
"metaxa ouzo","Informational, Commercial","Commercial","70","6","tag","0","0","1","1","Blog","/blog/what-is-ouzo-greek-drink-flavour-serving/"
"ouzo and coke","Informational, Commercial","Commercial","70","9","tag","0","0","1","1","Blog","/blog/what-is-ouzo-greek-drink-flavour-serving/"
"zero calorie energy drinks","Informational","Informational","70","28","secondary","0","1","0","1","Blog","/blog/beer-with-least-carbs-lowest-carb-beer-australia/"
"cabernet malbec","Informational","Informational","70","6","secondary","0","1","0","1","Blog","/blog/cabernet-sauvignon-merlot-grenache-red-wine-grapes/"
"bordeaux cabernet sauvignon","Informational","Informational","70","6","secondary","0","1","0","1","Blog","/blog/cabernet-sauvignon-merlot-grenache-red-wine-grapes/"
"cabernet colour","Informational","Informational","70","15","secondary","0","1","0","1","Blog","/blog/cabernet-sauvignon-merlot-grenache-red-wine-grapes/"
"color cabernet","Informational","Informational","70","15","secondary","0","1","0","1","Blog","/blog/cabernet-sauvignon-merlot-grenache-red-wine-grapes/"
"balters ipa","Informational, Commercial","Commercial","70","9","tag","0","0","1","1","Blog","/blog/what-is-ipa-beer-india-pale-ale-explained/"
"ipa bear","Informational, Commercial","Commercial","70","15","tag","0","0","1","1","Blog","/blog/what-is-ipa-beer-india-pale-ale-explained/"
"ipa vs pale ale","Commercial","Commercial","70","18","tag","0","0","1","1","Blog","/blog/what-is-ipa-beer-india-pale-ale-explained/"
"pale ale vs ipa","Informational, Commercial","Commercial","70","15","tag","0","0","1","1","Blog","/blog/what-is-ipa-beer-india-pale-ale-explained/"
"pilsner beers","Informational, Commercial","Commercial","70","16","tag","0","0","1","1","Blog","/blog/german-beer-guide-german-wheat-weissbier-pilsner/"
"german sekt","Informational, Commercial","Commercial","70","8","tag","0","0","1","1","Blog","/blog/german-beer-guide-german-wheat-weissbier-pilsner/"
"german sparkling wine sekt","Commercial","Commercial","70","7","tag","0","0","1","1","Blog","/blog/german-beer-guide-german-wheat-weissbier-pilsner/"
"honey whiskey irish","Informational","Informational","70","17","secondary","0","1","0","1","Blog","/blog/irish-whiskey-guide-bushmills-redbreast-how-its-made/"
"soju buy","Transactional","Transactional","50","17","primary","1","0","0","1","Sub-category","/shop/other/collection/soju/"
"cora prosecco","Informational, Transactional","Transactional","50","8","primary","1","0","0","1","Sub-category","/shop/beer-premix-wine/collection/prosecco/"
"nikka barrel","Transactional","Transactional","50","17","primary","1","0","0","1","Product","/shop/whisky/nikka-taketsuru-21-year-old-pure-malt/"
"laphroaig single malt scotch","Transactional","Transactional","50","11","primary","1","0","0","1","Product","/shop/whisky/laphroaig-30-year-old-ian-hunter-story-book-2/"
"islay scotch laphroaig","Navigational, Commercial","Commercial","50","17","primary + secondary","1","10","0","11","Product","/shop/whisky/laphroaig-30-year-old-ian-hunter-story-book-2/ ; /shop/whisky/laphroaig-10-glass-pack-scotch-whisky/ ; /shop/whisky/laphroaig-10-sherry-oak-scotch-whisky/"
"laphroaig islay single malt","Informational, Commercial","Commercial","50","27","primary + secondary + tag","1","9","1","11","Product","/shop/whisky/laphroaig-30-year-old-ian-hunter-story-book-2/ ; /shop/whisky/laphroaig-10-glass-pack-scotch-whisky/ ; /shop/whisky/laphroaig-10-sherry-oak-scotch-whisky/"
"islay single malt laphroaig","Navigational, Commercial","Commercial","50","14","primary + tag","1","0","10","11","Product","/shop/whisky/laphroaig-30-year-old-ian-hunter-story-book-2/ ; /shop/whisky/laphroaig-10-glass-pack-scotch-whisky/ ; /shop/whisky/laphroaig-10-sherry-oak-scotch-whisky/"
"scotch royal salute","Informational, Commercial","Commercial","50","12","primary + secondary","1","9","0","10","Product","/shop/whisky/royal-salute-38-year-old-stone-of-destiny/ ; /shop/whisky/royal-salute-21-jodjpur-polo-50ml-scotch-whisky/ ; /shop/whisky/royal-salute-21yo-polo-estancia-edition-scotch-whisky/"
"glenfiddich sale","","","50","","primary","1","0","0","1","Product","/shop/whisky/glenfiddich-select-cask-50ml-scotch-whisky/"
"laphroaig scotch single malt","Informational, Transactional","Transactional","50","17","primary","1","0","0","1","Product","/shop/whisky/laphroaig-10yo-glass-pack-scotch-whisky/"
"laphroaig islay scotch","Informational, Navigational","Navigational","50","20","primary","1","0","0","1","Product","/shop/whisky/laphroaig-oak-select-scotch-whisky/"
"russian vodka australia","Commercial","Commercial","50","8","primary + secondary","1","5","0","6","Product","/shop/spirit/red-ak47-russian-vodka/ ; /shop/spirit/red-army-ak47-grenade-russian-vodka/ ; /shop/spirit/russian-standard-gold-russian-vodka/"
"belvedere bottle shop","Informational","Informational","50","10","primary","1","0","0","1","Product","/shop/spirit/belvedere-mango-gb-belvedere/"
"price don julio","Transactional","Transactional","50","9","primary","1","0","0","1","Product","/shop/spirit/don-julio-ceniza-gold-tequila/"
"captain morgan alcohol price","Transactional","Transactional","50","7","primary","1","0","0","1","Product","/shop/spirit/captain-morgan-spiced-rum/"
"captain morgan rum spiced","Informational, Transactional","Transactional","50","11","primary","1","0","0","1","Product","/shop/spirit/captain-morgan-spiced-rum-200ml/"
"bacardi lemon","Informational, Transactional","Transactional","50","8","primary","1","0","0","1","Product","/shop/spirit/bacardi-blanca-200-white-rum/"
"price captain morgan","Transactional","Transactional","50","12","primary","1","0","0","1","Product","/shop/spirit/captain-morgan-white-rum/"
"gordons gin price","Transactional","Transactional","50","8","primary","1","0","0","1","Product","/shop/spirit/gordons-gin/"
"vsop courvoisier cognac","Informational","Informational","50","12","primary","1","0","0","1","Product","/shop/spirit/courvoisier-rouge-luxe-cognac-brandy/"
"absinthe drink buy","Transactional","Transactional","50","12","primary","1","0","0","1","Product","/shop/spirit/absinthe-green-700-absinthe/"
"price chivas regal 18","Transactional","Transactional","50","7","primary","1","0","0","1","Product","/shop/whisky/chivas-regal-18-year-old-pauillac-cask-finish-blended-scotch-whisky/"
"balvenie 16","Informational, Commercial","Commercial","50","8","primary","1","0","0","1","Product","/shop/whisky/balvenie-16-year-old-french-oak-pineau-cask-single-malt-scotch-whisky/"
"balvenie 25","Commercial","Commercial","50","10","primary","1","0","0","1","Product","/shop/whisky/balvenie-25-year-old-rare-marriages-single-malt-scotch-whisky/"
"is champagne sparkling wine","Informational","Informational","50","11","primary","1","0","0","1","Blog","/blog/champagne-vs-sparkling-wine-vs-port/"
"lark whiskey tasmania","Navigational, Commercial","Commercial","50","28","tag","0","0","12","12","Sub-category / Product","/shop/whisky/collection/australian-whisky/ ; /shop/whisky/lark-legacy-rare-cask-series-para-100-vintage/ ; /shop/whisky/dark-lark-2026-australian-whisky/"
"belvedere vidka","Commercial","Commercial","50","13","secondary + tag","0","7","1","8","Sub-category / Product","/shop/spirit/collection/belvedere/ ; /shop/spirit/belvedere-1l-belvedere/ ; /shop/spirit/belvedere-200ml-belvedere/"
"belvedere 1 liter","Commercial","Commercial","50","12","secondary + tag","0","2","1","3","Sub-category / Product","/shop/spirit/collection/belvedere/ ; /shop/spirit/belvedere-1l-polish-vodka/ ; /shop/spirit/belvedere-1l-belvedere/"
"belvedere vodka 6 litre","Commercial","Commercial","50","4","tag","0","0","1","1","Sub-category","/shop/spirit/collection/belvedere/"
"belvedere 1.75 litre","Commercial","Commercial","50","8","tag","0","0","1","1","Sub-category","/shop/spirit/collection/belvedere/"
"belvedere vodka 1.75 litre","Commercial","Commercial","50","8","tag","0","0","1","1","Sub-category","/shop/spirit/collection/belvedere/"
"belvedere vodka 1.75 l","Commercial","Commercial","50","8","tag","0","0","1","1","Sub-category","/shop/spirit/collection/belvedere/"
"best mezcal","Commercial","Commercial","50","24","secondary + tag","0","6","1","7","Sub-category / Product / Blog","/shop/spirit/collection/mezcal/ ; /shop/spirit/guerrero-mezcal-50ml/ ; /shop/spirit/guerrero-mezcal/"
"kimo sabe mezcal review","Commercial","Commercial","50","8","secondary + tag","0","6","1","7","Sub-category / Product / Blog","/shop/spirit/collection/mezcal/ ; /shop/spirit/guerrero-mezcal-50ml/ ; /shop/spirit/guerrero-mezcal/"
"bozal mezcal","Commercial","Commercial","50","6","secondary + tag","0","6","1","7","Sub-category / Product / Blog","/shop/spirit/collection/mezcal/ ; /shop/spirit/guerrero-mezcal-50ml/ ; /shop/spirit/guerrero-mezcal/"
"jose cuervo tequila 1l","Commercial","Commercial","50","8","secondary + tag","0","1","1","2","Sub-category / Product","/shop/spirit/collection/jose-cuervo/ ; /shop/spirit/jose-cuervo-reposado-1l-jose-cuervo/"
"coffee liquors","Informational, Commercial","Commercial","50","17","tag","0","0","7","7","Sub-category / Product","/shop/spirit/collection/coffee-liqueur/ ; /shop/spirit/avion-espresso-tequila/ ; /shop/spirit/kahlua-16abv-coffee-liqueur/"
"grada coffee liqueur","Navigational, Commercial","Commercial","50","14","tag","0","0","7","7","Sub-category / Product","/shop/spirit/collection/coffee-liqueur/ ; /shop/spirit/avion-espresso-tequila/ ; /shop/spirit/kahlua-16abv-coffee-liqueur/"
"mister black coffee liqueur","Commercial","Commercial","50","20","tag","0","0","7","7","Sub-category / Product","/shop/spirit/collection/coffee-liqueur/ ; /shop/spirit/avion-espresso-tequila/ ; /shop/spirit/kahlua-16abv-coffee-liqueur/"
"matcha kahlua","Informational, Commercial","Commercial","50","14","tag","0","0","7","7","Sub-category / Product","/shop/spirit/collection/coffee-liqueur/ ; /shop/spirit/avion-espresso-tequila/ ; /shop/spirit/kahlua-16abv-coffee-liqueur/"
"saint germain liqueur","Informational, Commercial","Commercial","50","10","tag","0","0","6","6","Sub-category / Product","/shop/spirit/collection/orange-liqueur/ ; /shop/spirit/1800-guachimonton-orange-liqueur/ ; /shop/spirit/cointreau-50ml-orange-liqueur/"
"orange liqueur france","Informational, Commercial","Commercial","50","25","tag","0","0","6","6","Sub-category / Product","/shop/spirit/collection/orange-liqueur/ ; /shop/spirit/1800-guachimonton-orange-liqueur/ ; /shop/spirit/cointreau-50ml-orange-liqueur/"
"grain alcohol for limoncello","Informational, Commercial","Commercial","50","18","tag","0","0","9","9","Sub-category / Product","/shop/spirit/collection/limoncello/ ; /shop/spirit/24-ice-frozen-cocktails-5pack-limoncello/ ; /shop/spirit/bottega-limoncino-limoncello/"
"limoncello zoncello","Commercial","Commercial","50","17","tag","0","0","9","9","Sub-category / Product","/shop/spirit/collection/limoncello/ ; /shop/spirit/24-ice-frozen-cocktails-5pack-limoncello/ ; /shop/spirit/bottega-limoncino-limoncello/"
"bella limoncello","Commercial","Commercial","50","4","tag","0","0","9","9","Sub-category / Product","/shop/spirit/collection/limoncello/ ; /shop/spirit/24-ice-frozen-cocktails-5pack-limoncello/ ; /shop/spirit/bottega-limoncino-limoncello/"
"meletti limoncello","Informational, Commercial","Commercial","50","6","tag","0","0","9","9","Sub-category / Product","/shop/spirit/collection/limoncello/ ; /shop/spirit/24-ice-frozen-cocktails-5pack-limoncello/ ; /shop/spirit/bottega-limoncino-limoncello/"
"limoncello luxardo","Commercial","Commercial","50","12","tag","0","0","9","9","Sub-category / Product","/shop/spirit/collection/limoncello/ ; /shop/spirit/24-ice-frozen-cocktails-5pack-limoncello/ ; /shop/spirit/bottega-limoncino-limoncello/"
"limoncello custard","Informational, Commercial","Commercial","50","9","tag","0","0","9","9","Sub-category / Product","/shop/spirit/collection/limoncello/ ; /shop/spirit/24-ice-frozen-cocktails-5pack-limoncello/ ; /shop/spirit/bottega-limoncino-limoncello/"
"pallini limoncello australia","Commercial","Commercial","50","6","tag","0","0","9","9","Sub-category / Product","/shop/spirit/collection/limoncello/ ; /shop/spirit/24-ice-frozen-cocktails-5pack-limoncello/ ; /shop/spirit/bottega-limoncino-limoncello/"
"cost of sambuca","Informational, Commercial","Commercial","50","6","secondary + tag","0","1","5","6","Sub-category / Product","/shop/spirit/collection/sambuca/ ; /shop/spirit/galliano-authentico-sambuca/ ; /shop/spirit/lucano-sambuca/"
"galliano sambuca black","Commercial","Commercial","50","12","secondary + tag","0","1","5","6","Sub-category / Product","/shop/spirit/collection/sambuca/ ; /shop/spirit/galliano-authentico-sambuca/ ; /shop/spirit/lucano-sambuca/"
"rose wine online delivery","Commercial","Commercial","50","13","secondary + tag","0","10","1","11","Sub-category / Product","/shop/beer-premix-wine/collection/rose-wine/ ; /shop/beer-premix-wine/batch-co-bondi-spritz-24pack-cans-rose-wine/ ; /shop/beer-premix-wine/batch-co-noosa-spritz-24pack-cans-rose-wine/"
"best sparkling rose","Commercial","Commercial","50","9","secondary + tag","0","10","1","11","Sub-category / Product","/shop/beer-premix-wine/collection/rose-wine/ ; /shop/beer-premix-wine/batch-co-bondi-spritz-24pack-cans-rose-wine/ ; /shop/beer-premix-wine/batch-co-noosa-spritz-24pack-cans-rose-wine/"
"mini prosecco bottle","Informational, Commercial","Commercial","50","7","secondary","0","4","0","4","Sub-category / Product","/shop/beer-premix-wine/collection/prosecco/ ; /shop/beer-premix-wine/nua-nv-prosecco/ ; /shop/beer-premix-wine/de-bortoli-king-valley-prosecco/"
"blood of the earth pinot noir","Commercial","Commercial","50","10","secondary","0","3","0","3","Sub-category / Product","/shop/beer-premix-wine/collection/pinot-grigio/ ; /shop/beer-premix-wine/three-trails-south-eastern-australian-pinot-grigio/ ; /shop/beer-premix-wine/farmer-and-the-scientist-heathcote-pinot-grigio-2021/"
"non alcoholic pinot noir","Informational, Commercial","Commercial","50","6","secondary","0","3","0","3","Sub-category / Product","/shop/beer-premix-wine/collection/pinot-grigio/ ; /shop/beer-premix-wine/three-trails-south-eastern-australian-pinot-grigio/ ; /shop/beer-premix-wine/farmer-and-the-scientist-heathcote-pinot-grigio-2021/"
"pinot noir a white wine","Informational, Commercial","Commercial","50","13","secondary","0","3","0","3","Sub-category / Product","/shop/beer-premix-wine/collection/pinot-grigio/ ; /shop/beer-premix-wine/three-trails-south-eastern-australian-pinot-grigio/ ; /shop/beer-premix-wine/farmer-and-the-scientist-heathcote-pinot-grigio-2021/"
"pinot noir delivery","Commercial","Commercial","50","8","secondary","0","3","0","3","Sub-category / Product","/shop/beer-premix-wine/collection/pinot-grigio/ ; /shop/beer-premix-wine/three-trails-south-eastern-australian-pinot-grigio/ ; /shop/beer-premix-wine/farmer-and-the-scientist-heathcote-pinot-grigio-2021/"
"mill flat sauvignon blanc","Informational, Commercial","Commercial","50","10","tag","0","0","7","7","Sub-category / Product / Blog","/shop/beer-premix-wine/collection/sauvignon-blanc/ ; /shop/beer-premix-wine/gentleman-s-duel-south-australian-sauvignon-blanc/ ; /shop/beer-premix-wine/alexander-hill-premium-selection-sauvignon-blanc-big-rivers-riverina/"
"saubignon blanc","Informational, Commercial","Commercial","50","17","tag","0","0","6","6","Sub-category / Product","/shop/beer-premix-wine/collection/sauvignon-blanc/ ; /shop/beer-premix-wine/gentleman-s-duel-south-australian-sauvignon-blanc/ ; /shop/beer-premix-wine/alexander-hill-premium-selection-sauvignon-blanc-big-rivers-riverina/"
"sauv blanc abv","Informational, Commercial","Commercial","50","8","tag","0","0","6","6","Sub-category / Product","/shop/beer-premix-wine/collection/sauvignon-blanc/ ; /shop/beer-premix-wine/gentleman-s-duel-south-australian-sauvignon-blanc/ ; /shop/beer-premix-wine/alexander-hill-premium-selection-sauvignon-blanc-big-rivers-riverina/"
"sauvignon blanc day","Informational, Commercial","Commercial","50","6","tag","0","0","7","7","Sub-category / Product / Blog","/shop/beer-premix-wine/collection/sauvignon-blanc/ ; /shop/beer-premix-wine/gentleman-s-duel-south-australian-sauvignon-blanc/ ; /shop/beer-premix-wine/alexander-hill-premium-selection-sauvignon-blanc-big-rivers-riverina/"
"sauvignon blanc delivery","Commercial","Commercial","50","6","tag","0","0","7","7","Sub-category / Product / Blog","/shop/beer-premix-wine/collection/sauvignon-blanc/ ; /shop/beer-premix-wine/gentleman-s-duel-south-australian-sauvignon-blanc/ ; /shop/beer-premix-wine/alexander-hill-premium-selection-sauvignon-blanc-big-rivers-riverina/"
"savuignon blanc","Informational, Commercial","Commercial","50","16","tag","0","0","6","6","Sub-category / Product","/shop/beer-premix-wine/collection/sauvignon-blanc/ ; /shop/beer-premix-wine/gentleman-s-duel-south-australian-sauvignon-blanc/ ; /shop/beer-premix-wine/alexander-hill-premium-selection-sauvignon-blanc-big-rivers-riverina/"
"cabernet sauvignon a red wine","Informational, Commercial","Commercial","50","11","secondary + tag","0","1","13","14","Sub-category / Product / Blog","/shop/beer-premix-wine/collection/sauvignon-blanc/ ; /shop/beer-premix-wine/collection/cabernet-sauvignon/ ; /shop/beer-premix-wine/gentleman-s-duel-south-australian-sauvignon-blanc/"
"cabernet sauvignon napa valley","Commercial","Commercial","50","13","secondary + tag","0","1","12","13","Sub-category / Product","/shop/beer-premix-wine/collection/sauvignon-blanc/ ; /shop/beer-premix-wine/collection/cabernet-sauvignon/ ; /shop/beer-premix-wine/gentleman-s-duel-south-australian-sauvignon-blanc/"
"cabernet sauvignon wine red","Informational, Commercial","Commercial","50","12","secondary + tag","0","1","12","13","Sub-category / Product","/shop/beer-premix-wine/collection/sauvignon-blanc/ ; /shop/beer-premix-wine/collection/cabernet-sauvignon/ ; /shop/beer-premix-wine/gentleman-s-duel-south-australian-sauvignon-blanc/"
"cabernet online","Commercial","Commercial","50","6","secondary + tag","0","1","7","8","Sub-category / Product / Blog","/shop/beer-premix-wine/collection/cabernet-sauvignon/ ; /shop/beer-premix-wine/alexander-hill-premium-selection-cabernet-sauvignon-big-river-riverina/ ; /shop/beer-premix-wine/holy-cab-victorian-cabernet-sauvignon-red-wine-magnum/"
"wine red cabernet","Commercial","Commercial","50","18","secondary + tag","0","1","6","7","Sub-category / Product","/shop/beer-premix-wine/collection/cabernet-sauvignon/ ; /shop/beer-premix-wine/alexander-hill-premium-selection-cabernet-sauvignon-big-river-riverina/ ; /shop/beer-premix-wine/holy-cab-victorian-cabernet-sauvignon-red-wine-magnum/"
"lark classic","Commercial","Commercial","50","9","tag","0","0","11","11","Product","/shop/whisky/lark-legacy-rare-cask-series-para-100-vintage/ ; /shop/whisky/dark-lark-2026-australian-whisky/ ; /shop/whisky/lark-christmas-cask-australian-whisky/"
"lark chinotto cask","Commercial","Commercial","50","5","tag","0","0","11","11","Product","/shop/whisky/lark-legacy-rare-cask-series-para-100-vintage/ ; /shop/whisky/dark-lark-2026-australian-whisky/ ; /shop/whisky/lark-christmas-cask-australian-whisky/"
"lark whiskey hobart","Navigational, Commercial","Commercial","50","28","tag","0","0","11","11","Product","/shop/whisky/lark-legacy-rare-cask-series-para-100-vintage/ ; /shop/whisky/dark-lark-2026-australian-whisky/ ; /shop/whisky/lark-christmas-cask-australian-whisky/"
"price don julio tequila","Commercial","Commercial","50","8","tag","0","0","12","12","Product","/shop/spirit/don-julio-1942-ultima-reserva-extra-anejo/ ; /shop/spirit/don-julio-1942-50ml-don-julio/ ; /shop/spirit/don-julio-1942-snake-don-julio/"
"glenfiddich ipa","Informational, Commercial","Commercial","50","8","tag","0","0","6","6","Product","/shop/whisky/glenfiddich-30-year-old-suspended-time/ ; /shop/whisky/glenfiddich-16-aston-martin-no2-scotch-whisky/ ; /shop/whisky/glenfiddich-18yo-200ml-scotch-whisky/"
"patron tequila anejo","Commercial","Commercial","50","8","tag","0","0","16","16","Product","/shop/spirit/gran-patron-burdeos-extra-anejo-tequila/ ; /shop/spirit/patron-50ml-collection-patron/ ; /shop/spirit/patron-cafe-xo-750ml-patron/"
"anejo tequila patron","Commercial","Commercial","50","13","tag","0","0","16","16","Product","/shop/spirit/gran-patron-burdeos-extra-anejo-tequila/ ; /shop/spirit/patron-50ml-collection-patron/ ; /shop/spirit/patron-cafe-xo-750ml-patron/"
"12 year macallan","Informational, Commercial","Commercial","50","12","secondary","0","1","0","1","Product","/shop/whisky/macallan-12-sherry-oak-scotch-whisky/"
"700 ml jack daniels","Informational, Commercial","Commercial","50","11","secondary","0","1","0","1","Product","/shop/whisky/jack-daniels-barrel-proof-rye-rye-whiskey/"
"1l grey goose vodka","Commercial","Commercial","50","8","tag","0","0","1","1","Product","/shop/spirit/grey-goose-1l-grey-goose/"
"don julio 1942 50ml","Commercial","Commercial","50","7","secondary","0","1","0","1","Product","/shop/spirit/don-julio-1942-50ml-don-julio/"
"don julio 50ml","Commercial","Commercial","50","8","tag","0","0","1","1","Product","/shop/spirit/don-julio-1942-50ml-don-julio/"
"real don julio tequila","Commercial","Commercial","50","8","tag","0","0","8","8","Product","/shop/spirit/don-julio-don-julio/ ; /shop/spirit/don-julio-anejo-don-julio/ ; /shop/spirit/don-julio-blanco-don-julio/"
"rum bacardi","Informational, Commercial","Commercial","50","15","secondary","0","4","0","4","Product","/shop/spirit/bacardi-cuarto-sherry-spiced-rum/ ; /shop/spirit/bacardi-oakheart-spiced-rum/ ; /shop/spirit/bacardi-blanca-200-white-rum/"
"bacardi spiced","Informational, Commercial","Commercial","50","17","secondary","0","4","0","4","Product","/shop/spirit/bacardi-cuarto-sherry-spiced-rum/ ; /shop/spirit/bacardi-oakheart-spiced-rum/ ; /shop/spirit/bacardi-blanca-200-white-rum/"
"bacardi black rum","Informational, Commercial","Commercial","50","14","secondary","0","4","0","4","Product","/shop/spirit/bacardi-cuarto-sherry-spiced-rum/ ; /shop/spirit/bacardi-oakheart-spiced-rum/ ; /shop/spirit/bacardi-blanca-200-white-rum/"
"bacardi dark rum","Navigational, Commercial","Commercial","50","17","secondary","0","4","0","4","Product","/shop/spirit/bacardi-cuarto-sherry-spiced-rum/ ; /shop/spirit/bacardi-oakheart-spiced-rum/ ; /shop/spirit/bacardi-blanca-200-white-rum/"
"captain morgan white rum","Informational, Commercial","Commercial","50","9","secondary","0","4","0","4","Product","/shop/spirit/captain-morgan-1l-spiced-rum/ ; /shop/spirit/captain-morgan-spiced-rum/ ; /shop/spirit/captain-morgan-spiced-rum-200ml/"
"gordons gin 1 litre best price","Commercial","Commercial","50","12","secondary","0","1","0","1","Product","/shop/spirit/gordons-gin-1l/"
"gordons gin 1 ltr","Informational, Commercial","Commercial","50","9","secondary","0","1","0","1","Product","/shop/spirit/gordons-gin-1l/"
"gordons gin 1 ltr best price","Commercial","Commercial","50","6","secondary","0","1","0","1","Product","/shop/spirit/gordons-gin-1l/"
"hennessy cognac vsop","Informational, Commercial","Commercial","50","10","tag","0","0","3","3","Product","/shop/spirit/hennessy-master-blender-no5-cognac-brandy/ ; /shop/spirit/hennessy-vsop-cognac-brandy/ ; /shop/spirit/hennessy-xo-cognac-brandy/"
"hennessy cognac xo","Commercial","Commercial","50","9","tag","0","0","3","3","Product","/shop/spirit/hennessy-master-blender-no5-cognac-brandy/ ; /shop/spirit/hennessy-vsop-cognac-brandy/ ; /shop/spirit/hennessy-xo-cognac-brandy/"
"remy martin xo cost","Informational, Commercial","Commercial","50","14","secondary","0","2","0","2","Product","/shop/spirit/remy-martin-club-exception-cognac-brandy/ ; /shop/spirit/remy-martin-vsop-50ml-cognac-brandy/"
"baileys 1ltr","Commercial","Commercial","50","13","tag","0","0","1","1","Product","/shop/spirit/baileys-1l-baileys-irish-cream/"
"baileys best price","Commercial","Commercial","50","13","tag","0","0","9","9","Product","/shop/spirit/baileys-1l-baileys-irish-cream/ ; /shop/spirit/baileys-700-baileys-irish-cream/ ; /shop/spirit/baileys-apple-pie-baileys-irish-cream/"
"1800 tequila australia","Commercial","Commercial","50","8","secondary","0","1","0","1","Product","/shop/spirit/1800-guachimonton-orange-liqueur/"
"orange liqueur french","Informational, Commercial","Commercial","50","23","tag","0","0","4","4","Product","/shop/spirit/cointreau-50ml-orange-liqueur/ ; /shop/spirit/cointreau-pourer-orange-liqueur/ ; /shop/spirit/cointreau-orange-liqueur/"
"cointreau noir","Informational, Commercial","Commercial","50","23","tag","0","0","4","4","Product","/shop/spirit/cointreau-50ml-orange-liqueur/ ; /shop/spirit/cointreau-pourer-orange-liqueur/ ; /shop/spirit/cointreau-orange-liqueur/"
"galliano 700ml","Commercial","Commercial","50","9","secondary","0","1","0","1","Product","/shop/spirit/galliano-authentico-sambuca/"
"heineken cans 500ml","Commercial","Commercial","50","7","tag","0","0","2","2","Product","/shop/beer-premix-wine/heineken-500ml-lager/ ; /shop/beer-premix-wine/heineken-500ml-imported-beer/"
"hoegaarden australia","Commercial","Commercial","50","6","secondary","0","1","0","1","Product","/shop/beer-premix-wine/hoegaarden-wheat-beer/"
"brut sparkling champagne","Commercial","Commercial","50","13","tag","0","0","1","1","Product","/shop/beer-premix-wine/gh-mumm-corodn-rouge-brut-sparkling-wine/"
"chivas regal 1 ltr","Informational, Commercial","Commercial","50","11","secondary","0","2","0","2","Product","/shop/whisky/chivas-regal-12-year-old-signature-blend-blended-scotch-whisky/ ; /shop/whisky/chivas-regal-18-year-old-pauillac-cask-finish-blended-scotch-whisky/"
"chivas regal scotch cost","Informational, Commercial","Commercial","50","7","secondary","0","3","0","3","Product","/shop/whisky/chivas-regal-12-year-old-signature-blend-blended-scotch-whisky/ ; /shop/whisky/chivas-regal-18-year-old-gold-signature-scotch-whisky/ ; /shop/whisky/chivas-regal-18-year-old-pauillac-cask-finish-blended-scotch-whisky/"
"chivas regal 18 cost","Informational, Commercial","Commercial","50","7","secondary","0","2","0","2","Product","/shop/whisky/chivas-regal-18-year-old-gold-signature-scotch-whisky/ ; /shop/whisky/chivas-regal-18-year-old-pauillac-cask-finish-blended-scotch-whisky/"
"glenlivet price","Commercial","Commercial","50","12","secondary","0","2","0","2","Product","/shop/whisky/glenlivet-18-year-old-43-single-malt-scotch-whisky/ ; /shop/whisky/glenlivet-25-year-old-the-sample-room-collection-single-malt-scotch-whisky/"
"jim beam bourbon price","Commercial","Commercial","50","8","secondary + tag","0","1","2","3","Product","/shop/whisky/jim-beam-white-label-kentucky-bourbon-whiskey/ ; /shop/whisky/jim-beam-white-label-40-kentucky-straight-bourbon-whiskey/ ; /shop/whisky/jim-beam-8-year-old-pin-bottle-235th-anniversary-2025-limited-edition-kentucky-straight-bourbon-whiskey/"
"1lt jim beam","Informational, Commercial","Commercial","50","9","tag","0","0","1","1","Product","/shop/whisky/jim-beam-white-label-40-kentucky-straight-bourbon-whiskey/"
"jim beam 750ml","Informational, Commercial","Commercial","50","8","secondary","0","1","0","1","Product","/shop/whisky/jim-beam-8-year-old-pin-bottle-235th-anniversary-2025-limited-edition-kentucky-straight-bourbon-whiskey/"
"bottle absolut","Informational, Commercial","Commercial","50","15","secondary","0","2","0","2","Product","/shop/spirit/absolut-swedish-vodka/ ; /shop/spirit/absolut-tabasco-chilli-pepper-flavoured-swedish-vodka/"
"krug wine","Informational, Commercial","Commercial","50","10","tag","0","0","1","1","Product","/shop/beer-premix-wine/krug-grande-cuvee-brut-m-v-half-bottle-champagne/"
"how is rose wine made","Informational","Informational","50","17","secondary","0","1","0","1","Blog","/blog/everything-about-rose-wine/"
"whats rose wine","Informational","Informational","50","12","secondary","0","1","0","1","Blog","/blog/everything-about-rose-wine/"
"case of rose wine","Commercial","Commercial","50","7","tag","0","0","1","1","Blog","/blog/everything-about-rose-wine/"
"pink rose wine","Informational, Commercial","Commercial","50","7","tag","0","0","1","1","Blog","/blog/everything-about-rose-wine/"
"sweet vermouth red","Informational, Commercial","Commercial","50","28","tag","0","0","1","1","Blog","/blog/what-is-vermouth-sweet-dry-cocktails/"
"cinzano dry vermouth","Informational, Commercial","Commercial","50","7","tag","0","0","1","1","Blog","/blog/what-is-vermouth-sweet-dry-cocktails/"
"martini bianco vermouth","Informational, Commercial","Commercial","50","10","tag","0","0","1","1","Blog","/blog/what-is-vermouth-sweet-dry-cocktails/"
"dolin vermouth rouge","Informational, Commercial","Commercial","50","6","tag","0","0","1","1","Blog","/blog/what-is-vermouth-sweet-dry-cocktails/"
"pinot grigio oyster bay","Informational","Informational","50","15","secondary","0","1","0","1","Blog","/blog/pinot-grigio-vs-pinot-gris-italy-guide/"
"how to pronounce pinot gris","Informational","Informational","50","21","secondary","0","1","0","1","Blog","/blog/pinot-grigio-vs-pinot-gris-italy-guide/"
"pinot.grigio","Informational","Informational","50","12","secondary","0","1","0","1","Blog","/blog/pinot-grigio-vs-pinot-gris-italy-guide/"
"yellowtail pinot grigio","Informational, Commercial","Commercial","50","14","tag","0","0","1","1","Blog","/blog/pinot-grigio-vs-pinot-gris-italy-guide/"
"chardonnay vs pinot grigio","Commercial","Commercial","50","8","tag","0","0","1","1","Blog","/blog/pinot-grigio-vs-pinot-gris-italy-guide/"
"is pinot grigio a dry white wine","Informational, Commercial","Commercial","50","6","tag","0","0","1","1","Blog","/blog/pinot-grigio-vs-pinot-gris-italy-guide/"
"pinot grigio good","Commercial","Commercial","50","9","tag","0","0","1","1","Blog","/blog/pinot-grigio-vs-pinot-gris-italy-guide/"
"state of light sauvignon blanc","Informational","Informational","50","16","secondary","0","1","0","1","Blog","/blog/sauvignon-blanc-guide-low-alcohol-cooking-pairing/"
"moscato pink wine","Informational","Informational","50","7","secondary","0","1","0","1","Blog","/blog/pink-gin-and-soda-what-is-pink-gin/"
"pink mascato","Informational","Informational","50","9","secondary","0","1","0","1","Blog","/blog/pink-gin-and-soda-what-is-pink-gin/"
"pink paloma cocktail","Informational","Informational","50","22","secondary","0","1","0","1","Blog","/blog/pink-gin-and-soda-what-is-pink-gin/"
"pink paloma drink","Informational","Informational","50","16","secondary","0","1","0","1","Blog","/blog/pink-gin-and-soda-what-is-pink-gin/"
"gordon's double pink gin","Commercial","Commercial","50","8","tag","0","0","1","1","Blog","/blog/pink-gin-and-soda-what-is-pink-gin/"
"gordon's pink gin and soda 24 pack","Commercial","Commercial","50","4","tag","0","0","1","1","Blog","/blog/pink-gin-and-soda-what-is-pink-gin/"
"pink gin gordon's","Commercial","Commercial","50","7","tag","0","0","1","1","Blog","/blog/pink-gin-and-soda-what-is-pink-gin/"
"low carb mid strength beer australia","Informational","Informational","50","7","secondary","0","1","0","1","Blog","/blog/beer-with-least-carbs-lowest-carb-beer-australia/"
"non alcoholic cabernet sauvignon","Commercial","Commercial","50","14","tag","0","0","1","1","Blog","/blog/cabernet-sauvignon-merlot-grenache-red-wine-grapes/"
"wine merlot","Informational, Commercial","Commercial","50","18","tag","0","0","1","1","Blog","/blog/cabernet-sauvignon-merlot-grenache-red-wine-grapes/"
"jameson irish whiskey glasses","Informational","Informational","50","14","secondary","0","1","0","1","Blog","/blog/irish-whiskey-guide-bushmills-redbreast-how-its-made/"
"the dalmore king alexander iii","","","30","","primary","1","0","0","1","Product","/shop/whisky/the-dalmore-king-alexander-iii-single-malt-scotch-whisky/"
"pikesville rye whiskey","","","20","","primary","1","0","0","1","Product","/shop/whisky/pikesville-rye-rye-whiskey/"
"nikka coffey malt japanese whisky","","","20","","primary","1","0","0","1","Product","/shop/whisky/nikka-coffey-malt-japanese-whisky/"
"nikka gold samurai japanese whisky","","","20","","primary","1","0","0","1","Product","/shop/whisky/nikka-gold-samurai-japanese-whisky/"
"nikka miyagikyo japanese whisky","","","20","","primary","1","0","0","1","Product","/shop/whisky/nikka-miyagikyo-japanese-whisky/"
"belenkaya vodka","","","20","","primary","1","0","0","1","Product","/shop/spirit/belenkaya-vodka/"
"guerrero mezcal","","","20","","primary","1","0","0","1","Product","/shop/spirit/guerrero-mezcal/"
"probitas white rum","","","20","","primary","1","0","0","1","Product","/shop/spirit/probitas-white-rum/"
"caffo amaro del capo","","","20","","primary","1","0","0","1","Product","/shop/spirit/caffo-amaro-del-capo/"
"lark amaro cask","","","20","","primary","1","0","0","1","Product","/shop/spirit/lark-amaro-cask/"
"bottega limoncino limoncello","","","20","","primary","1","0","0","1","Product","/shop/spirit/bottega-limoncino-limoncello/"
"lucano sambuca","","","20","","primary","1","0","0","1","Product","/shop/spirit/lucano-sambuca/"
"the dalmore port wood reserve","","","20","","primary","1","0","0","1","Product","/shop/whisky/the-dalmore-port-wood-reserve-single-malt-scotch-whisky/"
"malibu caribbean rum with coconut","","","20","","primary","1","0","0","1","Product","/shop/spirit/malibu-caribbean-rum-with-coconut-liqueur/"
"laurent perrier la cuvee brut","","","","","primary","3","0","0","3","Product","/shop/beer-premix-wine/laurent-perrier-la-cuvee-brut-champagne-nv/ ; /shop/beer-premix-wine/laurent-perrier-la-cuvee-brut-rose-champagne-nv/ ; /shop/beer-premix-wine/laurent-perrier-la-cuvee-brut-rose-champagne-nv-magnum/"
"corona brown box 355 bottles","","","","","primary","2","0","0","2","Product","/shop/beer-premix-wine/corona-brown-box-355-bottles-lager/ ; /shop/beer-premix-wine/corona-brown-box-355-bottles-imported-beer/"
"victoria bitter vb beer case","","","","","primary","2","0","0","2","Product","/shop/beer-premix-wine/victoria-bitter-vb-beer-case-cans/ ; /shop/beer-premix-wine/victoria-bitter-vb-beer-case-4-x-6-pack-bottles/"
"port wine","","","","","primary","1","0","0","1","Sub-category","/shop/beer-premix-wine/collection/port-wine/"
"pappy van winkle 15 year","","","","","primary","1","0","0","1","Product","/shop/whisky/pappy-van-winkle-15-year-old-family-reserve/"
"penfolds grange 2018 shiraz 750ml","","","","","primary","1","0","0","1","Product","/shop/beer-premix-wine/penfolds-grange-2018-shiraz-australian-icon/"
"macallan 18yo colour collection scotch","","","","","primary","1","0","0","1","Product","/shop/whisky/macallan-18yo-colour-collection-scotch-whisky/"
"macallan aera scotch whisky","","","","","primary","1","0","0","1","Product","/shop/whisky/macallan-aera-scotch-whisky/"
"macallan art flower scotch whisky","","","","","primary","1","0","0","1","Product","/shop/whisky/macallan-art-flower-scotch-whisky/"
"macallan concept no2 scotch whisky","","","","","primary","1","0","0","1","Product","/shop/whisky/macallan-concept-no2-scotch-whisky/"
"macallan double cask gold scotch","","","","","primary","1","0","0","1","Product","/shop/whisky/macallan-double-cask-gold-scotch-whisky/"
"macallan edition scotch whisky","","","","","primary","1","0","0","1","Product","/shop/whisky/macallan-edition-scotch-whisky/"
"macallan edition no5 scotch whisky","","","","","primary","1","0","0","1","Product","/shop/whisky/macallan-edition-no5-scotch-whisky/"
"macallan enigma scotch whisky","","","","","primary","1","0","0","1","Product","/shop/whisky/macallan-enigma-scotch-whisky/"
"macallan estate scotch whisky","","","","","primary","1","0","0","1","Product","/shop/whisky/macallan-estate-scotch-whisky/"
"macallan estate 50ml scotch whisky","","","","","primary","1","0","0","1","Product","/shop/whisky/macallan-estate-50ml-scotch-whisky/"
"macallan harmony rich cacao scotch","","","","","primary","1","0","0","1","Product","/shop/whisky/macallan-harmony-rich-cacao-scotch-whisky/"
"macallan litha scotch whisky","","","","","primary","1","0","0","1","Product","/shop/whisky/macallan-litha-scotch-whisky/"
"macallan lumina scotch whisky","","","","","primary","1","0","0","1","Product","/shop/whisky/macallan-lumina-scotch-whisky/"
"macallan m black 2022 scotch","","","","","primary","1","0","0","1","Product","/shop/whisky/macallan-m-black-2022-scotch-whisky/"
"macallan makers edition scotch whisky","","","","","primary","1","0","0","1","Product","/shop/whisky/macallan-makers-edition-scotch-whisky/"
"macallan oscuro scotch whisky","","","","","primary","1","0","0","1","Product","/shop/whisky/macallan-oscuro-scotch-whisky/"
"macallan quest 1l scotch whisky","","","","","primary","1","0","0","1","Product","/shop/whisky/macallan-quest-1l-scotch-whisky/"
"macallan quest scotch whisky","","","","","primary","1","0","0","1","Product","/shop/whisky/macallan-quest-scotch-whisky/"
"macallan rare cask black scotch","","","","","primary","1","0","0","1","Product","/shop/whisky/macallan-rare-cask-black-scotch-whisky/"
"macallan terra scotch whisky","","","","","primary","1","0","0","1","Product","/shop/whisky/macallan-terra-scotch-whisky/"
"glendronach 18 nc scotch whisky","","","","","primary","1","0","0","1","Product","/shop/whisky/glendronach-18-nc-scotch-whisky/"
"glendronach 30yo scotch whisky","","","","","primary","1","0","0","1","Product","/shop/whisky/glendronach-30yo-scotch-whisky/"
"glendronach cask strength batch scotch","","","0","","primary","1","0","0","1","Product","/shop/whisky/glendronach-cask-strength-batch-scotch-whisky/"
"royal salut eternal scotch whisky","","","","","primary","1","0","0","1","Product","/shop/whisky/royal-salut-eternal-scotch-whisky/"
"royal salute rio janeiro scotch","","","","","primary","1","0","0","1","Product","/shop/whisky/royal-salute-rio-janeiro-scotch-whisky/"
"royal salute snow polo scotch","","","","","primary","1","0","0","1","Product","/shop/whisky/royal-salute-snow-polo-scotch-whisky/"
"colonel eh bourbon whiskey","","","","","primary","1","0","0","1","Product","/shop/whisky/colonel-eh-bourbon-whiskey/"
"eagle rare bourbon whiskey","","","","","primary","1","0","0","1","Product","/shop/whisky/eagle-rare-bourbon-whiskey/"
"makers mark 101 bourbon whiskey","","","","","primary","1","0","0","1","Product","/shop/whisky/makers-mark-101-bourbon-whiskey/"
"mellow corn bourbon whiskey","","","","","primary","1","0","0","1","Product","/shop/whisky/mellow-corn-bourbon-bourbon-whiskey/"
"old forester 1920 bourbon whiskey","","","","","primary","1","0","0","1","Product","/shop/whisky/old-forester-1920-bourbon-whiskey/"
"weller reserve bourbon whiskey","","","","","primary","1","0","0","1","Product","/shop/whisky/weller-reserve-bourbon-whiskey/"
"elijah craig rye whiskey","","","","","primary","1","0","0","1","Product","/shop/whisky/elijah-craig-rye-rye-whiskey/"
"michters rye gb rye whiskey","","","","","primary","1","0","0","1","Product","/shop/whisky/michters-rye-gb-rye-whiskey/"
"redwood empire emerald giant rye","","","","","primary","1","0","0","1","Product","/shop/whisky/redwood-empire-emerald-giant-rye-whiskey/"
"redwood empire lost monarch rye","","","","","primary","1","0","0","1","Product","/shop/whisky/redwood-empire-lost-monarch-rye-whiskey/"
"sagamore small batch rye whiskey","","","","","primary","1","0","0","1","Product","/shop/whisky/sagamore-small-batch-rye-whiskey/"
"nikka barrel 2 180x 1","","","","","primary","1","0","0","1","Product","/shop/whisky/nikka-barrel-2-180x-1-japanese-whisky/"
"nikka barrel 2 360x 1","","","","","primary","1","0","0","1","Product","/shop/whisky/nikka-barrel-2-360x-1-japanese-whisky/"
"nikka barrel 2 540x 1","","","","","primary","1","0","0","1","Product","/shop/whisky/nikka-barrel-2-540x-1-japanese-whisky/"
"nikka coffey japanese whisky","","","","","primary","1","0","0","1","Product","/shop/whisky/nikka-coffey-japanese-whisky/"
"nikka gold japanese whisky","","","","","primary","1","0","0","1","Product","/shop/whisky/nikka-gold-gold-japanese-whisky/"
"nikka miyagikyo fruity rich japanese","","","","","primary","1","0","0","1","Product","/shop/whisky/nikka-miyagikyo-fruity-rich-japanese-whisky/"
"nikka miyagikyo gb japanese whisky","","","","","primary","1","0","0","1","Product","/shop/whisky/nikka-miyagikyo-gb-japanese-whisky/"
"nikka takesuru 2020 japanese whisky","","","","","primary","1","0","0","1","Product","/shop/whisky/nikka-takesuru-2020-japanese-whisky/"
"nikka taketsuru gb japanese whisky","","","","","primary","1","0","0","1","Product","/shop/whisky/nikka-taketsuru-gb-japanese-whisky/"
"nikka yoichi gb japanese whisky","","","","","primary","1","0","0","1","Product","/shop/whisky/nikka-yoichi-gb-japanese-whisky/"
"nikka yoichi japanese whisky","","","","","primary","1","0","0","1","Product","/shop/whisky/nikka-yoichi-japanese-whisky/"
"lark christmas cask australian whisky","","","","","primary","1","0","0","1","Product","/shop/whisky/lark-christmas-cask-australian-whisky/"
"lark classic 100ml australian whisky","","","","","primary","1","0","0","1","Product","/shop/whisky/lark-classic-100ml-australian-whisky/"
"lark classic pack australian whisky","","","","","primary","1","0","0","1","Product","/shop/whisky/lark-classic-pack-australian-whisky/"
"lark dark lark 2023 australian","","","","","primary","1","0","0","1","Product","/shop/whisky/lark-dark-lark-2023-australian-whisky/"
"lark devils storm australian whisky","","","","","primary","1","0","0","1","Product","/shop/whisky/lark-devils-storm-australian-whisky/"
"lark fire trail australian whisky","","","","","primary","1","0","0","1","Product","/shop/whisky/lark-fire-trail-australian-whisky/"
"lark ruby abyss australian whisky","","","","","primary","1","0","0","1","Product","/shop/whisky/lark-ruby-abyss-australian-whisky/"
"lark symphony no1 100ml australian","","","","","primary","1","0","0","1","Product","/shop/whisky/lark-symphony-no1-100ml-australian-whisky/"
"lark xmas cask 100ml australian","","","","","primary","1","0","0","1","Product","/shop/whisky/lark-xmas-cask-100ml-australian-whisky/"
"kalashnikov 100ml russian vodka","","","","","primary","1","0","0","1","Product","/shop/spirit/kalashnikov-100ml-russian-vodka/"
"kalashnikov premium russian vodka","","","","","primary","1","0","0","1","Product","/shop/spirit/kalashnikov-premium-russian-vodka/"
"russian standard jewellery edition russian","","","","","primary","1","0","0","1","Product","/shop/spirit/russian-standard-jewellery-edition-russian-vodka/"
"belvedere smogory forest","","","","","primary","1","0","0","1","Product","/shop/spirit/belvedere-smogory-forest-belvedere/"
"guerrero mezcal 50ml","","","","","primary","1","0","0","1","Product","/shop/spirit/guerrero-mezcal-50ml/"
"mezcal elote","","","","","primary","1","0","0","1","Product","/shop/spirit/mezcal-elote/"
"mezcal espladin","","","","","primary","1","0","0","1","Product","/shop/spirit/mezcal-espladin/"
"scorpion mezcal","","","","","primary","1","0","0","1","Product","/shop/spirit/scorpion-mezcal/"
"cabo wabo blanco white tequila","","","","","primary","1","0","0","1","Product","/shop/spirit/cabo-wabo-blanco-white-tequila/"
"padre azul 50ml collection white","","","","","primary","1","0","0","1","Product","/shop/spirit/padre-azul-50ml-collection-white-tequila/"
"padre azul tequila blanco","","","0","","primary","1","0","0","1","Product","/shop/spirit/padre-azul-tequila-blanco/"
"rio grande chilli tequila","","","","","primary","1","0","0","1","Product","/shop/spirit/rio-grande-chilli-tequila/"
"roca patron silver white tequila","","","","","primary","1","0","0","1","Product","/shop/spirit/roca-patron-silver-white-tequila/"
"cabo wabo anejo gold tequila","","","","","primary","1","0","0","1","Product","/shop/spirit/cabo-wabo-anejo-gold-tequila/"
"clase azul day of dead","","","","","primary","1","0","0","1","Product","/shop/spirit/clase-azul-day-of-dead-gold-tequila/"
"herradurra anejo gold tequila","","","","","primary","1","0","0","1","Product","/shop/spirit/herradurra-anejo-gold-tequila/"
"herradurra plata gold tequila","","","","","primary","1","0","0","1","Product","/shop/spirit/herradurra-plata-gold-tequila/"
"rio grande tequila gift pack","","","","","primary","1","0","0","1","Product","/shop/spirit/rio-grande-tequila-gift-pack/"
"saint james brut de colonne","","","","","primary","1","0","0","1","Product","/shop/spirit/saint-james-brut-de-colonne-white-rum/"
"ghost juniper gin","","","","","primary","1","0","0","1","Product","/shop/spirit/ghost-juniper-gin/"
"hendricks sunspell gin","","","","","primary","1","0","0","1","Product","/shop/spirit/hendricks-sunspell-gin/"
"hickson house oyster shell gin","","","","","primary","1","0","0","1","Product","/shop/spirit/hickson-house-oyster-shell-gin/"
"shui jing fang red fortune","","","","","primary","1","0","0","1","Product","/shop/spirit/shui-jing-fang-red-fortune-baijiu/"
"shui jing fang wellbay phoenix","","","","","primary","1","0","0","1","Product","/shop/spirit/shui-jing-fang-wellbay-phoenix-baijiu/"
"shui jing fang wellbay baijiu","","","","","primary","1","0","0","1","Product","/shop/spirit/shui-jing-fang-wellbay-baijiu/"
"xijiu jiocang 1998 baijiu","","","","","primary","1","0","0","1","Product","/shop/spirit/xijiu-jiocang-1998-baijiu/"
"camus vsop promopack cognac brandy","","","","","primary","1","0","0","1","Product","/shop/spirit/camus-vsop-promopack-cognac-brandy/"
"courvoisier vsop 1l cognac brandy","","","","","primary","1","0","0","1","Product","/shop/spirit/courvoisier-vsop-1l-cognac-brandy/"
"courvoisier xo royal rouge cognac","","","","","primary","1","0","0","1","Product","/shop/spirit/courvoisier-xo-royal-rouge-cognac-brandy/"
"courvoisier xo royal cognac brandy","","","","","primary","1","0","0","1","Product","/shop/spirit/courvoisier-xo-royal-cognac-brandy/"
"grand marnier 50ml cognac brandy","","","","","primary","1","0","0","1","Product","/shop/spirit/grand-marnier-50ml-cognac-brandy/"
"naud vs cognac brandy","","","","","primary","1","0","0","1","Product","/shop/spirit/naud-vs-cognac-brandy/"
"oms 1961 64yo cognac","","","","","primary","1","0","0","1","Product","/shop/spirit/oms-1961-64yo-cognac/"
"tiffon xo cognac brandy","","","","","primary","1","0","0","1","Product","/shop/spirit/tiffon-xo-cognac-brandy/"
"boulard calvados xo cognac brandy","","","","","primary","1","0","0","1","Product","/shop/spirit/boulard-calvados-xo-cognac-brandy/"
"cadenheads distillerie dupont 13yo cognac","","","","","primary","1","0","0","1","Product","/shop/spirit/cadenheads-distillerie-dupont-13yo-cognac-brandy/"
"coquerel calvados 24yo single cask","","","","","primary","1","0","0","1","Product","/shop/spirit/coquerel-calvados-24yo-single-cask-cognac-brandy/"
"coquerel calvados 30yo single cask","","","","","primary","1","0","0","1","Product","/shop/spirit/coquerel-calvados-30yo-single-cask-cognac-brandy/"
"coquerel cigar blend cognac brandy","","","","","primary","1","0","0","1","Product","/shop/spirit/coquerel-cigar-blend-cognac-brandy/"
"coquerel grand calvados cognac brandy","","","","","primary","1","0","0","1","Product","/shop/spirit/coquerel-grand-calvados-cognac-brandy/"
"maverick cowboy butterscotch 1750ml baileys","","","","","primary","1","0","0","1","Product","/shop/spirit/maverick-cowboy-butterscotch-1750ml-baileys-irish-cream/"
"maverick cowboy butterscotch 750ml baileys","","","","","primary","1","0","0","1","Product","/shop/spirit/maverick-cowboy-butterscotch-750ml-baileys-irish-cream/"
"avion espresso tequila","","","","","primary","1","0","0","1","Product","/shop/spirit/avion-espresso-tequila/"
"sheridans 1l coffee liqueur","","","","","primary","1","0","0","1","Product","/shop/spirit/sheridans-1l-coffee-liqueur/"
"sheridans 500ml coffee liqueur","","","","","primary","1","0","0","1","Product","/shop/spirit/sheridans-500ml-coffee-liqueur/"
"sheridans 700 coffee liqueur","","","","","primary","1","0","0","1","Product","/shop/spirit/sheridans-700-coffee-liqueur/"
"fireball 1l cinnamon liqueur","","","","","primary","1","0","0","1","Product","/shop/spirit/fireball-1l-cinnamon-liqueur/"
"fireball 200ml cinnamon liqueur","","","","","primary","1","0","0","1","Product","/shop/spirit/fireball-200ml-cinnamon-liqueur/"
"fireball 50ml cinnamon liqueur","","","","","primary","1","0","0","1","Product","/shop/spirit/fireball-50ml-cinnamon-liqueur/"
"fireball collectors edition 2022 1l","","","","","primary","1","0","0","1","Product","/shop/spirit/fireball-collectors-edition-2022-1l-cinnamon-liqueur/"
"fireball collectors limited edition cinnamon","","","","","primary","1","0","0","1","Product","/shop/spirit/fireball-collectors-limited-edition-cinnamon-liqueur/"
"fireball whisky","","","","","primary","1","0","0","1","Product","/shop/spirit/fireball-whisky/"
"goldschlager 50ml cinnamon liqueur","","","","","primary","1","0","0","1","Product","/shop/spirit/goldschlager-50ml-cinnamon-liqueur/"
"goldschlager cinamon schnapps cinnamon liqueur","","","","","primary","1","0","0","1","Product","/shop/spirit/goldschlager-cinamon-schnapps-cinnamon-liqueur/"
"cocchi amaro","","","","","primary","1","0","0","1","Product","/shop/spirit/cocchi-amaro/"
"fernet branca amaro","","","","","primary","1","0","0","1","Product","/shop/spirit/fernet-branca-amaro/"
"lucano caffe cordial amaro","","","","","primary","1","0","0","1","Product","/shop/spirit/lucano-caffe-cordial-amaro/"
"vecchio amaro capo riserva","","","","","primary","1","0","0","1","Product","/shop/spirit/vecchio-amaro-capo-riserva/"
"absinthe black 700","","","","","primary","1","0","0","1","Product","/shop/spirit/absinthe-black-700-absinthe/"
"calavera skull absinthe black absinthe","","","","","primary","1","0","0","1","Product","/shop/spirit/calavera-skull-absinthe-black-absinthe/"
"calavera skull absinthe blue absinthe","","","","","primary","1","0","0","1","Product","/shop/spirit/calavera-skull-absinthe-blue-absinthe/"
"green fairy absinth 40ml absinthe","","","","","primary","1","0","0","1","Product","/shop/spirit/green-fairy-absinth-40ml-absinthe/"
"green fairy absinth absinthe","","","","","primary","1","0","0","1","Product","/shop/spirit/green-fairy-absinth-absinthe/"
"franciacorta limonel limoncello","","","","","primary","1","0","0","1","Product","/shop/spirit/franciacorta-limonel-limoncello/"
"limoncetta di sorrento limoncello","","","","","primary","1","0","0","1","Product","/shop/spirit/limoncetta-di-sorrento-limoncello/"
"nastro doro limoncello","","","","","primary","1","0","0","1","Product","/shop/spirit/nastro-doro-limoncello/"
"toschi limoncello 50ml","","","","","primary","1","0","0","1","Product","/shop/spirit/toschi-limoncello-50ml/"
"toschi limoncello","","","","","primary","1","0","0","1","Product","/shop/spirit/toschi-limoncello/"
"villa massa spritz glass pack","","","","","primary","1","0","0","1","Product","/shop/spirit/villa-massa-spritz-glass-pack-limoncello/"
"opal nera 50ml sambuca","","","","","primary","1","0","0","1","Product","/shop/spirit/opal-nera-50ml-sambuca/"
"charm malgeun kiwiberry soju","","","","","primary","1","0","0","1","Product","/shop/other/charm-malgeun-kiwiberry-soju/"
"charm malgeun lemon lime soju","","","","","primary","1","0","0","1","Product","/shop/other/charm-malgeun-lemon-lime-soju/"
"charm malgeun mango soju","","","","","primary","1","0","0","1","Product","/shop/other/charm-malgeun-mango-soju/"
"charm malgeun soju blueberry","","","","","primary","1","0","0","1","Product","/shop/other/charm-malgeun-soju-blueberry/"
"charm malgeun soju lychee","","","","","primary","1","0","0","1","Product","/shop/other/charm-malgeun-soju-lychee/"
"charm malgeun soju watermelon","","","","","primary","1","0","0","1","Product","/shop/other/charm-malgeun-soju-watermelon/"
"charm malgeun strawberry soju","","","","","primary","1","0","0","1","Product","/shop/other/charm-malgeun-strawberry-soju/"
"charm malgeun vivid passionfruit soju","","","","","primary","1","0","0","1","Product","/shop/other/charm-malgeun-vivid-passionfruit-soju/"
"charm malgeun vivid tropical soju","","","","","primary","1","0","0","1","Product","/shop/other/charm-malgeun-vivid-tropical-soju/"
"peroni nastro 6pack lager","","","","","primary","1","0","0","1","Product","/shop/beer-premix-wine/peroni-nastro-6pack-lager/"
"peroni nastro 6pack imported beer","","","","","primary","1","0","0","1","Product","/shop/beer-premix-wine/peroni-nastro-6pack-imported-beer/"
"clausthaler original 500ml","","","","","primary","1","0","0","1","Product","/shop/beer-premix-wine/clausthaler-original-500ml/"
"stefani estate shirazcopy red wine","","","","","primary","1","0","0","1","Product","/shop/beer-premix-wine/stefani-estate-shirazcopy-red-wine/"
"alexander hill cab sav red","","","","","primary","1","0","0","1","Product","/shop/beer-premix-wine/alexander-hill-cab-sav-red-wine/"
"alexanderhill merlot red wine","","","","","primary","1","0","0","1","Product","/shop/beer-premix-wine/alexanderhill-merlot-red-wine/"
"doncamillo lambrusco red wine","","","","","primary","1","0","0","1","Product","/shop/beer-premix-wine/doncamillo-lambrusco-red-red-wine/"
"pepperjack shiraz red wine","","","","","primary","1","0","0","1","Product","/shop/beer-premix-wine/pepperjack-shiraz-red-wine/"
"sandeman port red wine","","","","","primary","1","0","0","1","Product","/shop/beer-premix-wine/sandeman-port-red-wine/"
"slayer reign in blood wine","","","","","primary","1","0","0","1","Product","/shop/beer-premix-wine/slayer-reign-in-blood-wine/"
"zin primitivo pulgia red wine","","","","","primary","1","0","0","1","Product","/shop/beer-premix-wine/zin-primitivo-pulgia-red-wine/"
"alexanderhill chardonnay white wine","","","","","primary","1","0","0","1","Product","/shop/beer-premix-wine/alexanderhill-chardonnay-white-wine/"
"alexanderhill rose white wine","","","","","primary","1","0","0","1","Product","/shop/beer-premix-wine/alexanderhill-rose-white-wine/"
"balexanderhill savblanccopy white wine","","","","","primary","1","0","0","1","Product","/shop/beer-premix-wine/balexanderhill-savblanccopy-white-wine/"
"betty max chardonnay white wine","","","","","primary","1","0","0","1","Product","/shop/beer-premix-wine/betty-max-chardonnay-white-wine/"
"charlottes inlet sav blanc white","","","","","primary","1","0","0","1","Product","/shop/beer-premix-wine/charlottes-inlet-sav-blanc-white-wine/"
"fat bastard california chardonnay white","","","","","primary","1","0","0","1","Product","/shop/beer-premix-wine/fat-bastard-california-chardonnay-white-wine/"
"gentlemans duel sav blanc white","","","","","primary","1","0","0","1","Product","/shop/beer-premix-wine/gentlemans-duel-sav-blanc-white-wine/"
"holy chard chardonnay white wine","","","","","primary","1","0","0","1","Product","/shop/beer-premix-wine/holy-chard-chardonnay-white-wine/"
"jacobs creek riesling case white","","","","","primary","1","0","0","1","Product","/shop/beer-premix-wine/jacobs-creek-riesling-case-white-wine/"
"sail the high seas riesling","","","","","primary","1","0","0","1","Product","/shop/beer-premix-wine/sail-the-high-seas-riesling-white-wine/"
"batch co bondi spritz 24pack","","","","","primary","1","0","0","1","Product","/shop/beer-premix-wine/batch-co-bondi-spritz-24pack-cans-rose-wine/"
"batch co noosa spritz 24pack","","","","","primary","1","0","0","1","Product","/shop/beer-premix-wine/batch-co-noosa-spritz-24pack-cans-rose-wine/"
"casa canavel doc rose rose","","","","","primary","1","0","0","1","Product","/shop/beer-premix-wine/casa-canavel-doc-rose-rose-wine/"
"coolabah wine cask rose","","","","","primary","1","0","0","1","Product","/shop/beer-premix-wine/coolabah-wine-cask-rose/"
"cruse rose dry rose wine","","","","","primary","1","0","0","1","Product","/shop/beer-premix-wine/cruse-rose-dry-rose-wine/"
"langlois chateau lextra rose rose","","","","","primary","1","0","0","1","Product","/shop/beer-premix-wine/langlois-chateau-lextra-rose-rose-wine/"
"mateus rose rose wine","","","","","primary","1","0","0","1","Product","/shop/beer-premix-wine/mateus-rose-rose-wine/"
"vranken rose 2004 rose wine","","","","","primary","1","0","0","1","Product","/shop/beer-premix-wine/vranken-rose-2004-rose-wine/"
"laurent perrier brut nogb sparkling","","","","","primary","1","0","0","1","Product","/shop/beer-premix-wine/laurent-perrier-brut-nogb-sparkling-wine/"
"penfolds 30yo great grandfather port","","","","","primary","1","0","0","1","Product","/shop/beer-premix-wine/penfolds-30yo-great-grandfather-port/"
"penfolds grandfather port","","","","","primary","1","0","0","1","Product","/shop/beer-premix-wine/penfolds-grandfather-port/"
"sandeman port 20yo port","","","","","primary","1","0","0","1","Product","/shop/beer-premix-wine/sandeman-port-20yo-port/"
"sandeman port","","","","","primary","1","0","0","1","Product","/shop/beer-premix-wine/sandeman-port-port/"
"sandeman port 40yo port","","","","","primary","1","0","0","1","Product","/shop/beer-premix-wine/sandeman-port-40yo-port/"
"24 ice mojito vodka premix","","","","","primary","1","0","0","1","Product","/shop/beer-premix-wine/24-ice-mojito-vodka-premix/"
"24 ice pornstar martini vodka","","","","","primary","1","0","0","1","Product","/shop/beer-premix-wine/24-ice-pornstar-martini-vodka-premix/"
"24 ice strawberry vodka premix","","","","","primary","1","0","0","1","Product","/shop/beer-premix-wine/24-ice-strawberry-vodka-premix/"
"24 ice watermelon mojito vodka","","","","","primary","1","0","0","1","Product","/shop/beer-premix-wine/24-ice-watermelon-mojito-vodka-premix/"
"d9 sparkling grape zero sugar","","","","","primary","1","0","0","1","Product","/shop/beer-premix-wine/d9-sparkling-grape-zero-sugar/"
"d9 strong sparkling grape zero","","","","","primary","1","0","0","1","Product","/shop/beer-premix-wine/d9-strong-sparkling-grape-zero-sugar/"
"saint d9 sparkling lemon zero","","","","","primary","1","0","0","1","Product","/shop/beer-premix-wine/saint-d9-sparkling-lemon-zero-sugar/"
"saint d9 sparkling peach zero","","","","","primary","1","0","0","1","Product","/shop/beer-premix-wine/saint-d9-sparkling-peach-zero-sugar/"
"strong double sparkling lemon zero","","","","","primary","1","0","0","1","Product","/shop/beer-premix-wine/strong-double-sparkling-lemon-zero-sugar/"
"little fat lamb creaming soda","","","","","primary","1","0","0","1","Product","/shop/beer-premix-wine/little-fat-lamb-creaming-soda/"
"little fat lamb fantasy cider","","","","","primary","1","0","0","1","Product","/shop/beer-premix-wine/little-fat-lamb-fantasy-cider/"
"little fat lamb strawberry lime","","","","","primary","1","0","0","1","Product","/shop/beer-premix-wine/little-fat-lamb-strawberry-lime-cider/"
"san pel plastic 1l mixers","","","","","primary","1","0","0","1","Product","/shop/other/san-pel-plastic-1l-mixers-water-condiments/"
"san pellegrino 500ml plastic mixers","","","","","primary","1","0","0","1","Product","/shop/other/san-pellegrino-500ml-plastic-mixers-water-condiments/"
"san pelligrino sparkling 250ml mixers","","","","","primary","1","0","0","1","Product","/shop/other/san-pelligrino-sparkling-250ml-mixers-water-condiments/"
"mtv up energy drink sugar","","","","","primary","1","0","0","1","Product","/shop/other/mtv-up-energy-drink-sugar-free-mixers-water-condiments/"
"mtv up energy drink mixers","","","","","primary","1","0","0","1","Product","/shop/other/mtv-up-energy-drink-mixers-water-condiments/"
"four pillars gin salt","","","","","primary","1","0","0","1","Product","/shop/other/four-pillars-gin-salt/"
"tomintoul 16 year old speyside","","","","","primary","1","0","0","1","Product","/shop/whisky/tomintoul-16-year-old-speyside-glenlivet-single-malt-scotch-whisky/"
"dalmore 21 year old king","","","","","primary","1","0","0","1","Product","/shop/whisky/dalmore-21-year-old-king-alexander-iii-single-malt-scotch-whisky/"
"ardbeg 14 year old the","","","","","primary","1","0","0","1","Product","/shop/whisky/ardbeg-14-year-old-the-unicorn-s-tale-anthology-limited-edition-single-malt-scotch-whisky/"
"ardbeg anthology collection limited edition","","","","","primary","1","0","0","1","Product","/shop/whisky/ardbeg-anthology-collection-limited-edition-single-malt-scotch-whisky/"
"ballantines 17 year old blended","","","","","primary","1","0","0","1","Product","/shop/whisky/ballantines-17-year-old-blended-scotch-whisky/"
"ballantine s 40 year old","","","","","primary","1","0","0","1","Product","/shop/whisky/ballantine-s-40-year-old-rare-limited-release-blended-scotch-whisky/"
"aberlour 16 year old 2005","","","","","primary","1","0","0","1","Product","/shop/whisky/aberlour-16-year-old-2005-single-cask-sherry-butt-cask-strength-single-malt-scotch-whisky/"
"woodford reserve rare release double","","","","","primary","1","0","0","1","Product","/shop/whisky/woodford-reserve-rare-release-double-xo-blend-kentucky-straight-bourbon-whiskey/"
"woodford reserve baccarat edition kentucky","","","","","primary","1","0","0","1","Product","/shop/whisky/woodford-reserve-baccarat-edition-kentucky-bourbon-whiskey/"
"hibiki blossom harmony limited edition","","","0","","primary","1","0","0","1","Product","/shop/whisky/hibiki-blossom-harmony-limited-edition-2021-suntory-whisky/"
"hibiki 30 year old blended","","","","","primary","1","0","0","1","Product","/shop/whisky/hibiki-30-year-old-blended-japanese-suntory-whisky/"
"bushmills 21 year old madeira","","","","","primary","1","0","0","1","Product","/shop/whisky/bushmills-21-year-old-madeira-finish-single-malt-irish-whiskey/"
"redbreast 12 year old single","","","","","primary","1","0","0","1","Product","/shop/whisky/redbreast-12-year-old-single-pot-still-irish-whiskey/"
"redbreast 18 year old single","","","","","primary","1","0","0","1","Product","/shop/whisky/redbreast-18-year-old-single-pot-still-irish-whiskey/"
"redbreast 21 year old antipodes","","","","","primary","1","0","0","1","Product","/shop/whisky/redbreast-21-year-old-antipodes-2000-first-fill-oloroso-sherry-cask-strength-irish-whiskey/"
"malibu caribbean rum with pineapple","","","","","primary","1","0","0","1","Product","/shop/spirit/malibu-caribbean-rum-with-pineapple-liqueur/"
"janneau 12 year old grand","","","","","primary","1","0","0","1","Product","/shop/spirit/janneau-12-year-old-grand-armagnac/"
"chabot coeur gold xo armagnac","","","","","primary","1","0","0","1","Product","/shop/spirit/chabot-coeur-gold-xo-armagnac/"
"armagnac sponge 58 year old","","","","","primary","1","0","0","1","Product","/shop/spirit/armagnac-sponge-58-year-old-1963-nas-no-2-single-cask-bas-armagnac/"
"sour puss apple blended liqueur","","","","","primary","1","0","0","1","Product","/shop/spirit/sour-puss-apple-blended-liqueur/"
"sour puss sour peach blended","","","","","primary","1","0","0","1","Product","/shop/spirit/sour-puss-sour-peach-blended-liqueur/"
"sour puss sour cola blended","","","","","primary","1","0","0","1","Product","/shop/spirit/sour-puss-sour-cola-blended-liqueur/"
"laurent perrier harmony demi sec","","","","","primary","1","0","0","1","Product","/shop/beer-premix-wine/laurent-perrier-harmony-demi-sec-champagne/"
"laurent perrier grand siecle no","","","","","primary","1","0","0","1","Product","/shop/beer-premix-wine/laurent-perrier-grand-siecle-no-24-champagne/"
"victoria bitter vb beer block","","","","","primary","1","0","0","1","Product","/shop/beer-premix-wine/victoria-bitter-vb-beer-block-cans/"
"pepsi max no sugar plastic","","","","","primary","1","0","0","1","Product","/shop/other/pepsi-max-no-sugar-plastic-bottles/"
"nua nv prosecco","","","","","primary","1","0","0","1","Product","/shop/beer-premix-wine/nua-nv-prosecco/"
"three trails south eastern australian","","","","","primary","1","0","0","1","Product","/shop/beer-premix-wine/three-trails-south-eastern-australian-pinot-grigio/"
"farmer the scientist heathcote pinot","","","","","primary","1","0","0","1","Product","/shop/beer-premix-wine/farmer-and-the-scientist-heathcote-pinot-grigio-2021/"
"gentleman s duel south australian","","","","","primary","1","0","0","1","Product","/shop/beer-premix-wine/gentleman-s-duel-south-australian-sauvignon-blanc/"
"alexander hill premium selection sauvignon","","","","","primary","1","0","0","1","Product","/shop/beer-premix-wine/alexander-hill-premium-selection-sauvignon-blanc-big-rivers-riverina/"
"charlotte s inlet adelaide hills","","","","","primary","1","0","0","1","Product","/shop/beer-premix-wine/charlotte-s-inlet-adelaide-hills-sauvignon-blanc/"
"rosetta estate south australian sauvignon","","","","","primary","1","0","0","1","Product","/shop/beer-premix-wine/rosetta-estate-south-australian-sauvignon-blanc/"
"vine hill mclaren vale sauvignon","","","","","primary","1","0","0","1","Product","/shop/beer-premix-wine/vine-hill-mclaren-vale-sauvignon-blanc-2021/"
"elsker dry pink gin","","","","","primary","1","0","0","1","Product","/shop/spirit/elsker-dry-pink-gin/"
"ouzo mini","","","","","primary","1","0","0","1","Product","/shop/spirit/ouzo-mini/"
"serafino mclaren vale gsm grenache","","","","","primary","1","0","0","1","Product","/shop/beer-premix-wine/serafino-mclaren-vale-gsm-grenache-blend/"
"penfolds bin 138 shiraz grenache","","","","","primary","1","0","0","1","Product","/shop/beer-premix-wine/penfolds-bin-138-shiraz-grenache-mataro-2018/"
"warsteiner german pilsner imported beer","","","","","primary","1","0","0","1","Product","/shop/beer-premix-wine/warsteiner-german-pilsner-imported-beer-case-bottles/"
"alexander hill premium selection cabernet","","","","","primary","1","0","0","1","Product","/shop/beer-premix-wine/alexander-hill-premium-selection-cabernet-sauvignon-big-river-riverina/"
"holy cab victorian cabernet sauvignon","","","","","primary","1","0","0","1","Product","/shop/beer-premix-wine/holy-cab-victorian-cabernet-sauvignon-red-wine-magnum/"
"pepperjack barossa cabernet sauvignon red","","","","","primary","1","0","0","1","Product","/shop/beer-premix-wine/pepperjack-barossa-cabernet-sauvignon-red-wine/"
"jacob s creek classic cabernet","","","","","primary","1","0","0","1","Product","/shop/beer-premix-wine/jacob-s-creek-classic-cabernet-sauvignon-red-wine-case/"
"passing clouds the angel bendigo","","","","","primary","1","0","0","1","Product","/shop/beer-premix-wine/passing-clouds-the-angel-bendigo-cabernet-sauvignon-2019/"
"slayer reign in blood cabernet","","","","","primary","1","0","0","1","Product","/shop/beer-premix-wine/slayer-reign-in-blood-cabernet-sauvignon-red-wine/"
"pilsner urquell imported beer case","","","","","primary","1","0","0","1","Product","/shop/beer-premix-wine/pilsner-urquell-imported-beer-case-cans/"
"how is vodka made","","","","","primary","1","0","0","1","Blog","/blog/how-vodka-is-made/"
"how to store whisky","","","","","primary","1","0","0","1","Blog","/blog/how-to-store-and-cellar-rare-whisky/"
"investing in whisky","","","","","primary","1","0","0","1","Blog","/blog/beginners-guide-investing-in-rare-whisky/"