keyword,intent,intent_basis,volume,kd,volume_band,kd_band,we_stock_it,relevance,sources
"buy wine",Transactional,tool,246000,NaN,A: 5,000+,extreme 70+,yes,70,"Wine"
"vodka",Commercial,tool,49500,32,A: 5,000+,hard 30-49,yes,100,"Coffee Liqueur; Polish Vodka; Russian Vodka; Vodka Premix; Vodka"
"cider",Informational,tool,40500,24,A: 5,000+,doable 15-29,yes,100,"Cider"
"water",Informational,tool,40500,79,A: 5,000+,extreme 70+,yes,100,"Water"
"baileys",Commercial,tool,22200,21,A: 5,000+,doable 15-29,yes,69,"Baileys Irish Cream"
"beer",Commercial,tool,22200,35,A: 5,000+,hard 30-49,yes,100,"Beer; Ginger Beer; IPA; Lager; Light Beer; Pale Ale"
"tequila",Commercial,tool,22200,19,A: 5,000+,doable 15-29,yes,100,"Gold Tequila; Mezcal; Rum; Tequila; White Tequila"
"soju",Commercial,tool,22200,48,A: 5,000+,hard 30-49,yes,100,"Soju"
"limoncello",Informational,tool,18100,23,A: 5,000+,doable 15-29,yes,100,"Limoncello"
"wine",Commercial,tool,18100,64,A: 5,000+,very hard 50-69,yes,100,"Red Wine; White Wine; Wine"
"whiskey",Commercial,tool,14800,47,A: 5,000+,hard 30-49,yes,68,"American Whiskey; Australian Whisky; Irish Whiskey; Japanese Whisky; Rye Whiskey; Scotch Whisky; Single Malt; Whisky"
"whisky",Commercial,tool,14800,28,A: 5,000+,doable 15-29,yes,100,"American Whiskey; Australian Whisky; Bourbon; Irish Whiskey; Japanese Whisky; Scotch Whisky; Single Malt; Whisky"
"aperol",Informational,tool,14800,44,A: 5,000+,hard 30-49,no,100,"Aperol; IPA"
"brandy",Commercial,tool,14800,47,A: 5,000+,hard 30-49,yes,100,"Brandy"
"gin",Commercial,tool,14800,1,A: 5,000+,easy 0-14,yes,100,"Gin Premix; Gin"
"glenfiddich",Transactional,tool,14800,27,A: 5,000+,doable 15-29,yes,100,"GlenDronach; Glenfiddich"
"cointreau",Transactional,tool,12100,32,A: 5,000+,hard 30-49,yes,100,"Aperol; Baileys Irish Cream; Campari; Chartreuse; Cider; Cinnamon Liqueur; Cognac; Cointreau; Disaronno; Grand Marnier; Orange Liqueur; Patron; Sambuca; Soju"
"smirnoff vodka",Commercial,tool,12100,19,A: 5,000+,doable 15-29,yes,65,"Aperol; Campari; Cointreau; Disaronno; Jägermeister; Russian Vodka; Soju; Vodka Premix; Vodka"
"jagermeister",Informational,tool,12100,31,A: 5,000+,hard 30-49,yes,68,"Campari; Jägermeister"
"ipa",Informational,tool,12100,19,A: 5,000+,doable 15-29,no,100,"IPA"
"cognac",Commercial,tool,9900,28,A: 5,000+,doable 15-29,yes,100,"Absinthe; Brandy; Calvados; Cinnamon Liqueur; Cognac; Cointreau; Cream Liqueur; Orange Liqueur; Rum; Tequila"
"bourbon",Commercial,tool,9900,16,A: 5,000+,doable 15-29,yes,100,"Bourbon"
"campari",Informational,tool,9900,35,A: 5,000+,hard 30-49,no,100,"Campari; Disaronno"
"chartreuse",Informational,tool,9900,36,A: 5,000+,hard 30-49,yes,100,"Chartreuse"
"ginger beer",Informational,tool,9900,15,A: 5,000+,doable 15-29,yes,100,"Ginger Beer"
"glenfiddich 12",Commercial,tool,9900,17,A: 5,000+,doable 15-29,yes,73,"GlenDronach; Glenfiddich"
"red wine",Commercial,tool,9900,15,A: 5,000+,doable 15-29,yes,100,"Red Wine; White Wine; Wine"
"scotch",Commercial,tool,9900,15,A: 5,000+,doable 15-29,yes,72,"Scotch Whisky"
"absinthe",Informational,tool,8100,26,A: 5,000+,doable 15-29,yes,100,"Absinthe"
"rum",Commercial,tool,8100,19,A: 5,000+,doable 15-29,yes,100,"Cream Liqueur; Dark Rum; Rum; Spiced Rum; White Rum; White Tequila"
"don julio",Commercial,tool,8100,18,A: 5,000+,doable 15-29,yes,100,"Don Julio; Jose Cuervo"
"johnnie walker",Commercial,tool,8100,29,A: 5,000+,doable 15-29,yes,100,"Johnnie Walker"
"lark",Navigational,tool,8100,72,A: 5,000+,extreme 70+,yes,100,"Lark"
"mezcal",Transactional,tool,8100,33,A: 5,000+,hard 30-49,yes,100,"Mezcal"
"patron",Commercial,tool,8100,17,A: 5,000+,doable 15-29,yes,100,"Patron"
"baileys irish cream",Commercial,tool,6600,20,A: 5,000+,doable 15-29,yes,100,"Baileys Irish Cream"
"tequila from tequila",Commercial,tool,6600,14,A: 5,000+,easy 0-14,yes,75,"Don Julio; Jose Cuervo; Mezcal; Tequila; White Tequila"
"energy drinks",Commercial,tool,6600,30,A: 5,000+,hard 30-49,yes,71,"energy drink"
"beer ginger beer",Commercial,tool,6600,10,A: 5,000+,easy 0-14,yes,69,"Ginger Beer"
"grey goose",Informational,tool,6600,28,A: 5,000+,doable 15-29,yes,100,"Grey Goose"
"johnnie walker blue label",Commercial,tool,6600,25,A: 5,000+,doable 15-29,yes,68,"Johnnie Walker"
"rose wine",Commercial,tool,6600,23,A: 5,000+,doable 15-29,yes,67,"Red Wine; White Wine"
"white wine",Commercial,tool,6600,18,A: 5,000+,doable 15-29,yes,100,"Red Wine; White Wine; Wine"
"belvedere",Navigational,tool,5400,38,A: 5,000+,hard 30-49,yes,100,"Belvedere"
"barboun",Commercial,tool,5400,21,A: 5,000+,doable 15-29,no,76,"Bourbon"
"disaronno",Informational,tool,5400,18,A: 5,000+,doable 15-29,no,100,"Campari; Disaronno"
"don julio 1942",Commercial,tool,5400,15,A: 5,000+,doable 15-29,yes,78,"Don Julio; Jose Cuervo"
"energy drink energy",Commercial,tool,5400,30,A: 5,000+,hard 30-49,no,72,"energy drink"
"grey goose vodka",Informational,tool,5400,29,A: 5,000+,doable 15-29,yes,74,"Glenfiddich; Grey Goose; Jägermeister"
"macallan 12",Commercial,tool,5400,15,A: 5,000+,doable 15-29,yes,70,"Macallan"
"sambuca",Informational,tool,5400,19,A: 5,000+,doable 15-29,yes,100,"Sambuca"
"japanese whiskey",Commercial,tool,4400,24,B: 1,000-4,999,doable 15-29,yes,84,"American Whiskey; Australian Whisky; Irish Whiskey; Japanese Whisky; Scotch Whisky"
"beers",Commercial,tool,4400,7,B: 1,000-4,999,easy 0-14,no,71,"Beer; Ginger Beer; Lager; Light Beer; Pale Ale"
"ale",Informational,tool,4400,7,B: 1,000-4,999,easy 0-14,yes,65,"Beer; Ginger Beer; IPA; Lager; Pale Ale"
"white rum",Informational,tool,4400,14,B: 1,000-4,999,easy 0-14,yes,100,"Dark Rum; Rum; Spiced Rum; White Rum; White Tequila"
"glenmorangie",Navigational,tool,4400,24,B: 1,000-4,999,doable 15-29,no,67,"GlenDronach; Glenfiddich; Laphroaig"
"regal chivas whisky",Transactional,tool,4400,15,B: 1,000-4,999,doable 15-29,yes,66,"Jose Cuervo; Scotch Whisky"
"scotch beverage",Informational,tool,4400,25,B: 1,000-4,999,doable 15-29,yes,69,"Scotch Whisky"
"st germain",Commercial,tool,4400,30,B: 1,000-4,999,hard 30-49,no,84,"St Germain"
"sauvignon white wine",Transactional,tool,4400,21,B: 1,000-4,999,doable 15-29,yes,67,"White Wine"
"amaro",Informational,tool,3600,27,B: 1,000-4,999,doable 15-29,yes,100,"Amaro"
"lark whisky",Transactional,tool,3600,24,B: 1,000-4,999,doable 15-29,yes,67,"Australian Whisky; Lark"
"single malt",Commercial,tool,3600,15,B: 1,000-4,999,doable 15-29,yes,100,"Australian Whisky; Single Malt"
"grand marnier",Informational,tool,3600,25,B: 1,000-4,999,doable 15-29,yes,100,"Chartreuse; Grand Marnier; St Germain"
"macallan",Commercial,tool,3600,17,B: 1,000-4,999,doable 15-29,yes,100,"Cognac; Laphroaig; Macallan"
"patron tequila",Commercial,tool,3600,13,B: 1,000-4,999,easy 0-14,yes,68,"Cognac; Don Julio; Gold Tequila; Patron; Tequila; White Tequila"
"condiments",Informational,tool,3600,46,B: 1,000-4,999,hard 30-49,yes,100,"Condiments"
"gray goose liquor",Informational,tool,3600,39,B: 1,000-4,999,hard 30-49,yes,68,"Grey Goose; Jägermeister"
"irish whiskey",Commercial,tool,3600,14,B: 1,000-4,999,easy 0-14,yes,100,"Irish Whiskey; Japanese Whisky; Rye Whiskey"
"johnny walker",Commercial,tool,3600,27,B: 1,000-4,999,doable 15-29,no,73,"Johnnie Walker"
"blue label johnnie walker",Commercial,tool,3600,23,B: 1,000-4,999,doable 15-29,yes,67,"Johnnie Walker"
"non alcoholic wine",Informational,tool,3600,5,B: 1,000-4,999,easy 0-14,yes,68,"Non Alcoholic"
"wine and white",Informational,tool,3600,21,B: 1,000-4,999,doable 15-29,yes,79,"Red Wine; White Wine"
"sparkling wine",Commercial,tool,3600,14,B: 1,000-4,999,easy 0-14,yes,68,"Sparkling; White Wine"
"wine white wines",Commercial,tool,3600,10,B: 1,000-4,999,easy 0-14,yes,72,"White Wine"
"wine delivery",Commercial,tool,3600,NaN,B: 1,000-4,999,extreme 70+,yes,65,"Wine"
"scotch whisky",Commercial,tool,2900,19,B: 1,000-4,999,doable 15-29,yes,100,"American Whiskey; Australian Whisky; Cream Liqueur; Irish Whiskey; Japanese Whisky; Rye Whiskey; Scotch Whisky; Single Malt; Whisky"
"hibiki whiskey",Commercial,tool,2900,14,B: 1,000-4,999,easy 0-14,yes,66,"American Whiskey; Japanese Whisky; Whisky"
"laphroaig",Transactional,tool,2900,24,B: 1,000-4,999,doable 15-29,yes,100,"American Whiskey; Glenfiddich; Irish Whiskey; Laphroaig; Macallan"
"baileys irish cream whiskey",Commercial,tool,2900,24,B: 1,000-4,999,doable 15-29,yes,71,"Baileys Irish Cream; Cream Liqueur"
"baileys irish",Informational,tool,2900,22,B: 1,000-4,999,doable 15-29,yes,70,"Baileys Irish Cream"
"bourbon brands",Commercial,tool,2900,26,B: 1,000-4,999,doable 15-29,yes,68,"Bourbon"
"calvados",Informational,tool,2900,19,B: 1,000-4,999,doable 15-29,yes,100,"Calvados"
"coffee liqueur",Commercial,tool,2900,27,B: 1,000-4,999,doable 15-29,yes,100,"Cinnamon Liqueur; Coffee Liqueur; Kahlúa; Orange Liqueur"
"energy drink",Commercial,tool,2900,38,B: 1,000-4,999,hard 30-49,yes,100,"energy drink"
"glenlivet",Transactional,tool,2900,32,B: 1,000-4,999,hard 30-49,no,70,"GlenDronach; Glenfiddich; Grand Marnier; Grey Goose"
"grey goose liquor",Informational,tool,2900,28,B: 1,000-4,999,doable 15-29,yes,75,"Glenfiddich; Gold Tequila; Grey Goose"
"grey goose grey goose",Commercial,tool,2900,17,B: 1,000-4,999,doable 15-29,yes,83,"Grey Goose"
"recipe to make limoncello",Informational,tool,2900,35,B: 1,000-4,999,hard 30-49,yes,65,"Limoncello"
"macallan 18",Commercial,tool,2900,13,B: 1,000-4,999,easy 0-14,yes,70,"Macallan"
"machellan",Transactional,tool,2900,20,B: 1,000-4,999,doable 15-29,no,65,"Macallan"
"non alcoholic drinks",Commercial,tool,2900,4,B: 1,000-4,999,easy 0-14,yes,76,"Non Alcoholic"
"wines",Commercial,tool,2900,72,B: 1,000-4,999,extreme 70+,no,73,"Red Wine; Wine"
"shiraz wine",Informational,tool,2900,24,B: 1,000-4,999,doable 15-29,yes,66,"Red Wine; Wine"
"wine blanc",Informational,tool,2900,13,B: 1,000-4,999,easy 0-14,yes,67,"White Wine"
"bourbon whiskey",Commercial,tool,2400,19,B: 1,000-4,999,doable 15-29,yes,75,"American Whiskey; Bourbon; Irish Whiskey; Rye Whiskey; Whisky"
"single malt whiskey",Commercial,tool,2400,21,B: 1,000-4,999,doable 15-29,yes,78,"Australian Whisky; Glenfiddich; Rye Whiskey; Scotch Whisky; Single Malt"
"japanese whisky",Commercial,tool,2400,16,B: 1,000-4,999,doable 15-29,yes,100,"Australian Whisky; Brandy; Irish Whiskey; Japanese Whisky"
"baijiu",Commercial,tool,2400,33,B: 1,000-4,999,hard 30-49,yes,100,"Baijiu"
"irish baileys drink",Informational,tool,2400,31,B: 1,000-4,999,hard 30-49,yes,67,"Baileys Irish Cream; Cream Liqueur"
"lager",Informational,tool,2400,3,B: 1,000-4,999,easy 0-14,yes,100,"Beer; IPA; Lager; Pale Ale"
"orange liqueur",Commercial,tool,2400,28,B: 1,000-4,999,doable 15-29,yes,100,"Coffee Liqueur; Cream Liqueur; Orange Liqueur"
"spiced rum",Commercial,tool,2400,11,B: 1,000-4,999,easy 0-14,yes,100,"Coffee Liqueur; Dark Rum; Rum; Spiced Rum; White Rum"
"jose cuervo",Commercial,tool,2400,23,B: 1,000-4,999,doable 15-29,yes,100,"Don Julio; Jose Cuervo"
"glenfiddich 18",Commercial,tool,2400,15,B: 1,000-4,999,doable 15-29,yes,67,"GlenDronach; Glenfiddich"
"pale ale",Informational,tool,2400,3,B: 1,000-4,999,easy 0-14,no,100,"IPA; Lager; Pale Ale"
"sparkling winemaking",Informational,tool,2400,14,B: 1,000-4,999,easy 0-14,yes,66,"Red Wine; Sparkling; White Wine; Wine"
"royal salute 21",Commercial,tool,2400,12,B: 1,000-4,999,easy 0-14,yes,85,"Royal Salute"
"macallan whiskey",Commercial,tool,1900,21,B: 1,000-4,999,doable 15-29,yes,79,"American Whiskey; Cognac; Cream Liqueur; Macallan; Orange Liqueur; Single Malt"
"australian beer",Informational,tool,1900,3,B: 1,000-4,999,easy 0-14,yes,66,"Beer; Lager; Light Beer"
"rum with spices",Commercial,tool,1900,23,B: 1,000-4,999,doable 15-29,yes,83,"Cinnamon Liqueur; Dark Rum; Rum; Spiced Rum; White Rum"
"johnnie walker blue",Commercial,tool,1900,23,B: 1,000-4,999,doable 15-29,yes,74,"Johnnie Walker"
"laphroaig 10",Commercial,tool,1900,17,B: 1,000-4,999,doable 15-29,yes,74,"Laphroaig"
"martell",Commercial,tool,1900,15,B: 1,000-4,999,doable 15-29,yes,100,"Martell"
"martell blue swift",Commercial,tool,1900,12,B: 1,000-4,999,easy 0-14,yes,65,"Martell"
"wine sweet red wine",Commercial,tool,1900,12,B: 1,000-4,999,easy 0-14,yes,67,"Red Wine"
"royal salute",Commercial,tool,1900,14,B: 1,000-4,999,easy 0-14,yes,100,"Royal Salute"
"malt single malt",Commercial,tool,1900,20,B: 1,000-4,999,doable 15-29,no,77,"Single Malt"
"scotch whiskey",Commercial,tool,1600,17,B: 1,000-4,999,doable 15-29,yes,83,"American Whiskey; Australian Whisky; Cream Liqueur; Irish Whiskey; Japanese Whisky; Scotch Whisky; Whisky"
"soju alcohol",Commercial,tool,1600,26,B: 1,000-4,999,doable 15-29,yes,74,"Baijiu; Soju"
"hennessy cognac",Transactional,tool,1600,23,B: 1,000-4,999,doable 15-29,yes,67,"Brandy; Cognac; Cointreau; Grand Marnier; Orange Liqueur"
"chardonnay wine",Commercial,tool,1600,22,B: 1,000-4,999,doable 15-29,yes,70,"Chartreuse; Red Wine; White Wine; Wine"
"caffe liqueur",Informational,tool,1600,9,B: 1,000-4,999,easy 0-14,yes,81,"Coffee Liqueur; Orange Liqueur"
"don julio tequila",Commercial,tool,1600,17,B: 1,000-4,999,doable 15-29,yes,76,"Don Julio; Jose Cuervo; Mezcal"
"grey goose 1l",Commercial,tool,1600,17,B: 1,000-4,999,doable 15-29,yes,71,"Grey Goose"
"uísque macallan",Commercial,tool,1600,19,B: 1,000-4,999,doable 15-29,yes,70,"Macallan"
"non alcoholic",Informational,tool,1600,2,B: 1,000-4,999,easy 0-14,yes,100,"Non Alcoholic"
"non-alc",Informational,tool,1600,,B: 1,000-4,999,unknown,yes,79,"Non Alcoholic"
"wine pinot",Transactional,tool,1600,23,B: 1,000-4,999,doable 15-29,yes,67,"Red Wine; White Wine; Wine"
"whisky malt single",Commercial,tool,1600,13,B: 1,000-4,999,easy 0-14,yes,73,"Single Malt"
"australian whiskey",Transactional,tool,1300,33,B: 1,000-4,999,hard 30-49,yes,90,"Australian Whisky; Irish Whiskey; Single Malt; Whisky"
"single malt whisky",Commercial,tool,1300,30,B: 1,000-4,999,hard 30-49,yes,77,"Australian Whisky; Single Malt"
"wild turkey bourbon",Commercial,tool,1300,16,B: 1,000-4,999,doable 15-29,yes,67,"Bourbon"
"st germain elderflower",Informational,tool,1300,35,B: 1,000-4,999,hard 30-49,no,71,"Campari; Grand Marnier; Sambuca; St Germain"
"dark rum",Commercial,tool,1300,12,B: 1,000-4,999,easy 0-14,yes,100,"Cinnamon Liqueur; Dark Rum; Rum; Spiced Rum; White Rum"
"condiment",Informational,tool,1300,28,B: 1,000-4,999,doable 15-29,yes,68,"Condiments"
"white rum for pina colada",Informational,tool,1300,17,B: 1,000-4,999,doable 15-29,yes,81,"Dark Rum; Rum; Spiced Rum; White Rum"
"premix",Informational,tool,1300,2,B: 1,000-4,999,easy 0-14,yes,100,"Gin Premix; Premix; Vodka Premix"
"ginger and beer",Informational,tool,1300,0,B: 1,000-4,999,easy 0-14,yes,71,"Ginger Beer"
"glendronach",Informational,tool,1300,16,B: 1,000-4,999,doable 15-29,yes,100,"GlenDronach"
"tequilla",Commercial,tool,1300,14,B: 1,000-4,999,easy 0-14,no,74,"Gold Tequila; Mezcal; Tequila; White Tequila"
"ipa australia",Navigational,tool,1300,2,B: 1,000-4,999,easy 0-14,no,70,"IPA"
"rye whiskey",Commercial,tool,1300,16,B: 1,000-4,999,doable 15-29,yes,100,"Irish Whiskey; Mezcal; Rye Whiskey"
"nikka whiskey",Transactional,tool,1300,18,B: 1,000-4,999,doable 15-29,yes,73,"Japanese Whisky; Nikka"
"johnnie walker johnnie walker",Informational,tool,1300,29,B: 1,000-4,999,doable 15-29,yes,75,"Johnnie Walker"
"johnnie walker black",Commercial,tool,1300,28,B: 1,000-4,999,doable 15-29,yes,67,"Johnnie Walker"
"whisky red label johnnie walker",Informational,tool,1300,12,B: 1,000-4,999,easy 0-14,yes,65,"Johnnie Walker; Jägermeister"
"laphroaig ten",Commercial,tool,1300,16,B: 1,000-4,999,doable 15-29,yes,71,"Laphroaig"
"laphroaig 10 islay",Commercial,tool,1300,12,B: 1,000-4,999,easy 0-14,yes,66,"Laphroaig"
"lemonchello",Informational,tool,1300,39,B: 1,000-4,999,hard 30-49,no,69,"Limoncello"
"whisky nikka whisky",Transactional,tool,1300,11,B: 1,000-4,999,easy 0-14,yes,68,"Nikka"
"non alcohol",Informational,tool,1300,2,B: 1,000-4,999,easy 0-14,no,83,"Non Alcoholic"
"wine red",Informational,tool,1300,26,B: 1,000-4,999,doable 15-29,yes,71,"Red Wine"
"red wines",Informational,tool,1300,18,B: 1,000-4,999,doable 15-29,no,69,"Red Wine"
"white wines",Commercial,tool,1300,18,B: 1,000-4,999,doable 15-29,no,78,"Red Wine; White Wine; Wine"
"royal salute whisky 21",Commercial,tool,1300,11,B: 1,000-4,999,easy 0-14,yes,66,"Royal Salute"
"vodka bottle",Commercial,tool,1300,16,B: 1,000-4,999,doable 15-29,yes,72,"Russian Vodka; Soju; Vodka Premix; Vodka"
"single malt scotch whisky",Commercial,tool,1300,15,B: 1,000-4,999,doable 15-29,yes,65,"Scotch Whisky; Single Malt"
"soju drink",Commercial,tool,1300,40,B: 1,000-4,999,hard 30-49,yes,69,"Soju"
"soju alcohol percentage",Informational,tool,1300,18,B: 1,000-4,999,doable 15-29,yes,65,"Soju"
"sparkling",Transactional,tool,1300,24,B: 1,000-4,999,doable 15-29,yes,100,"Sparkling"
"st germaine",Informational,tool,1300,30,B: 1,000-4,999,hard 30-49,no,69,"St Germain"
"souvignier blanc",Informational,tool,1300,10,B: 1,000-4,999,easy 0-14,no,69,"White Wine"
"sauvignon blanc wine",Transactional,tool,1300,21,B: 1,000-4,999,doable 15-29,yes,65,"White Wine"
"absinthe alcohol",Transactional,tool,1000,30,B: 1,000-4,999,hard 30-49,yes,75,"Absinthe"
"disaronno amaretto",Informational,tool,1000,18,B: 1,000-4,999,doable 15-29,no,74,"Amaro; Campari; Disaronno"
"red breast whiskey",Transactional,tool,1000,23,B: 1,000-4,999,doable 15-29,yes,65,"American Whiskey; Rye Whiskey"
"macallan whisky",Commercial,tool,1000,26,B: 1,000-4,999,doable 15-29,yes,82,"American Whiskey; Cognac; Cream Liqueur; Macallan; Single Malt"
"yamazaki whiskey",Transactional,tool,1000,13,B: 1,000-4,999,easy 0-14,yes,67,"American Whiskey; Japanese Whisky"
"ardbeg",Transactional,tool,1000,19,B: 1,000-4,999,doable 15-29,no,65,"American Whiskey; Laphroaig"
"blended scotch whisky",Commercial,tool,1000,23,B: 1,000-4,999,doable 15-29,yes,72,"American Whiskey; Cream Liqueur; Scotch Whisky"
"australian whisky",Informational,tool,1000,22,B: 1,000-4,999,doable 15-29,yes,100,"Australian Whisky; Japanese Whisky; Single Malt; Whisky"
"lager beer",Commercial,tool,1000,1,B: 1,000-4,999,easy 0-14,yes,73,"Beer; Ginger Beer; Lager; Light Beer; Pale Ale"
"rye whiskey rye",Informational,tool,1000,20,B: 1,000-4,999,doable 15-29,yes,73,"Bourbon; Rye Whiskey"
"kahlua liquor",Transactional,tool,1000,15,B: 1,000-4,999,doable 15-29,yes,69,"Brandy; Coffee Liqueur; Cointreau; Gold Tequila; Kahlúa; Orange Liqueur; Sambuca"
"jose cuervo tequila",Commercial,tool,1000,16,B: 1,000-4,999,doable 15-29,yes,73,"Cointreau; Don Julio; Gold Tequila; Jose Cuervo"
"don julio blanco",Informational,tool,1000,13,B: 1,000-4,999,easy 0-14,yes,84,"Don Julio; Gold Tequila; Jose Cuervo; Mezcal; Tequila"
"don julio tequila brands",Informational,tool,1000,22,B: 1,000-4,999,doable 15-29,yes,84,"Don Julio; Gold Tequila; Jose Cuervo; Mezcal; Tequila"
"don julio brands",Transactional,tool,1000,18,B: 1,000-4,999,doable 15-29,yes,72,"Don Julio; Jose Cuervo"
"premix drinks",Commercial,tool,1000,1,B: 1,000-4,999,easy 0-14,no,69,"Gin Premix; Premix; Vodka Premix"
"glendronach 12",Commercial,tool,1000,10,B: 1,000-4,999,easy 0-14,yes,69,"GlenDronach"
"hibiki whisky",Commercial,tool,1000,11,B: 1,000-4,999,easy 0-14,yes,66,"Japanese Whisky; Whisky"
"johnny walker blue",Commercial,tool,1000,19,B: 1,000-4,999,doable 15-29,no,70,"Johnnie Walker"
"light beer",Commercial,tool,1000,1,B: 1,000-4,999,easy 0-14,yes,100,"Light Beer"
"lightweight beer",Commercial,tool,1000,1,B: 1,000-4,999,easy 0-14,yes,70,"Light Beer"
"macallan 15",Commercial,tool,1000,13,B: 1,000-4,999,easy 0-14,yes,71,"Macallan"
"macallan 25",Commercial,tool,1000,12,B: 1,000-4,999,easy 0-14,yes,66,"Macallan"
"blanco tequila",Commercial,tool,1000,13,B: 1,000-4,999,easy 0-14,yes,67,"Mezcal; Tequila; White Tequila"
"p ale",Informational,tool,1000,1,B: 1,000-4,999,easy 0-14,no,66,"Pale Ale"
"red wine au",Commercial,tool,1000,12,B: 1,000-4,999,easy 0-14,yes,66,"Red Wine; White Wine; Wine"
"white wine and",Informational,tool,1000,22,B: 1,000-4,999,doable 15-29,yes,78,"Red Wine; White Wine"
"cabernet sauvignon wine",Commercial,tool,1000,17,B: 1,000-4,999,doable 15-29,yes,65,"Red Wine; White Wine; Wine"
"cab sav wine",Commercial,tool,1000,22,B: 1,000-4,999,doable 15-29,yes,66,"Red Wine; White Wine; Wine"
"rye spirit",Transactional,tool,1000,17,B: 1,000-4,999,doable 15-29,no,72,"Rum; Rye Whiskey"
"whiskey rye whiskey",Commercial,tool,1000,11,B: 1,000-4,999,easy 0-14,yes,71,"Rye Whiskey"
"whiskey & rye",Transactional,tool,1000,13,B: 1,000-4,999,easy 0-14,yes,67,"Rye Whiskey"
"scotch w",Commercial,tool,1000,15,B: 1,000-4,999,doable 15-29,yes,75,"Scotch Whisky; Whisky"
"highland scotch whisky single malt",Commercial,tool,1000,10,B: 1,000-4,999,easy 0-14,yes,65,"Scotch Whisky; Single Malt"
"white wine white wine",Commercial,tool,1000,17,B: 1,000-4,999,doable 15-29,yes,70,"White Wine"
"white wine varieties",Informational,tool,1000,26,B: 1,000-4,999,doable 15-29,yes,66,"White Wine"
"shop wines",Commercial,tool,1000,NaN,B: 1,000-4,999,extreme 70+,no,65,"Wine"
"laphroaig whiskey",Transactional,tool,880,17,C: 300-999,doable 15-29,yes,79,"American Whiskey; Australian Whisky; Cream Liqueur; Glenfiddich; Irish Whiskey; Laphroaig; Macallan; Rum; Whisky"
"maclagan whisky",Transactional,tool,880,13,C: 300-999,easy 0-14,yes,82,"American Whiskey; Cognac; Laphroaig; Macallan; Whisky"
"aperol dan murphy",Transactional,tool,880,30,C: 300-999,hard 30-49,no,70,"Aperol; IPA"
"premium scotch whiskey",Commercial,tool,880,11,C: 300-999,easy 0-14,yes,68,"Australian Whisky; Bourbon; Irish Whiskey; Japanese Whisky; Whisky"
"scotch malt whisky",Commercial,tool,880,27,C: 300-999,doable 15-29,yes,69,"Australian Whisky; Glenfiddich; Scotch Whisky; Single Malt; Whisky"
"wiskey",Commercial,tool,880,32,C: 300-999,hard 30-49,no,65,"Australian Whisky; Irish Whiskey; Whisky"
"baileys liqueur",Commercial,tool,880,24,C: 300-999,doable 15-29,yes,69,"Baileys Irish Cream"
"jaegermeister",Informational,tool,880,17,C: 300-999,doable 15-29,no,79,"Campari; Grand Marnier; Jägermeister"
"green chartreuse",Informational,tool,880,27,C: 300-999,doable 15-29,yes,70,"Chartreuse"
"kahlua liqueur",Transactional,tool,880,20,C: 300-999,doable 15-29,yes,70,"Coffee Liqueur; Kahlúa; Orange Liqueur"
"cognac is what",Informational,tool,880,28,C: 300-999,doable 15-29,yes,66,"Cognac"
"the glenlivet",Informational,tool,880,18,C: 300-999,doable 15-29,no,73,"GlenDronach; Glenfiddich; Grey Goose; Single Malt"
"grey goose 1 litre",Commercial,tool,880,17,C: 300-999,doable 15-29,yes,67,"Grey Goose"
"premium blended scotch",Commercial,tool,880,13,C: 300-999,easy 0-14,yes,70,"Irish Whiskey; Rye Whiskey; Scotch Whisky"
"jw black label whisky",Commercial,tool,880,25,C: 300-999,doable 15-29,yes,73,"Johnnie Walker; Jägermeister"
"johnny walker blue label",Commercial,tool,880,17,C: 300-999,doable 15-29,no,65,"Johnnie Walker"
"kahlúa",Informational,tool,880,24,C: 300-999,doable 15-29,yes,100,"Kahlúa"
"limoncello lemoncello",Transactional,tool,880,23,C: 300-999,doable 15-29,yes,67,"Limoncello"
"the macallan",Commercial,tool,880,20,C: 300-999,doable 15-29,yes,78,"Macallan"
"martell vsop",Commercial,tool,880,13,C: 300-999,easy 0-14,yes,70,"Martell"
"martell xo",Commercial,tool,880,12,C: 300-999,easy 0-14,yes,69,"Martell"
"non alcoholic beverages",Commercial,tool,880,1,C: 300-999,easy 0-14,yes,77,"Non Alcoholic"
"non wine",Commercial,tool,880,1,C: 300-999,easy 0-14,yes,68,"Non Alcoholic"
"sambucca",Transactional,tool,880,15,C: 300-999,doable 15-29,no,74,"Sambuca"
"single malt scotch",Commercial,tool,880,24,C: 300-999,doable 15-29,yes,68,"Scotch Whisky; Single Malt"
"soju dan murphy",Transactional,tool,880,27,C: 300-999,doable 15-29,yes,66,"Soju"
"has water",Informational,tool,880,35,C: 300-999,hard 30-49,no,67,"Water"
"buy wine online",Transactional,tool,880,NaN,C: 300-999,extreme 70+,yes,65,"Wine"
"absynth",Commercial,tool,720,25,C: 300-999,doable 15-29,no,67,"Absinthe; Calvados; Chartreuse"
"american whiskey",Informational,tool,720,14,C: 300-999,easy 0-14,yes,100,"American Whiskey; Cream Liqueur; Rye Whiskey; Scotch Whisky"
"ardbeg whisky",Informational,tool,720,11,C: 300-999,easy 0-14,yes,66,"American Whiskey; Australian Whisky; Glenfiddich; Laphroaig; Scotch Whisky; Whisky"
"patrón tequila",Commercial,tool,720,22,C: 300-999,doable 15-29,yes,66,"Aperol; Cognac; Don Julio; Gold Tequila; Mezcal; Patron; Tequila; White Tequila"
"patron silver tequila",Commercial,tool,720,17,C: 300-999,doable 15-29,yes,66,"Aperol; Don Julio; Gold Tequila; Jägermeister; Patron; Tequila; White Tequila"
"soju beverage",Informational,tool,720,50,C: 300-999,very hard 50-69,yes,73,"Baijiu; Soju"
"baileys irish cream liqueur",Transactional,tool,720,26,C: 300-999,doable 15-29,yes,73,"Baileys Irish Cream; Cream Liqueur"
"liqueur baileys",Transactional,tool,720,23,C: 300-999,doable 15-29,yes,67,"Baileys Irish Cream; Cream Liqueur"
"baileys irish cream 1l",Commercial,tool,720,12,C: 300-999,easy 0-14,yes,66,"Baileys Irish Cream"
"pale beer",Informational,tool,720,1,C: 300-999,easy 0-14,yes,87,"Beer; IPA; Lager; Light Beer; Pale Ale"
"compari",Transactional,tool,720,16,C: 300-999,doable 15-29,no,72,"Campari; Disaronno"
"chartruse",Informational,tool,720,27,C: 300-999,doable 15-29,no,70,"Chartreuse"
"polish vodka",Commercial,tool,720,15,C: 300-999,doable 15-29,yes,100,"Cinnamon Liqueur; Polish Vodka; Russian Vodka"
"kahlua coffee liqueur",Commercial,tool,720,13,C: 300-999,easy 0-14,yes,71,"Coffee Liqueur; Kahlúa; Orange Liqueur"
"congac",Commercial,tool,720,28,C: 300-999,doable 15-29,no,70,"Cognac"
"contreau",Transactional,tool,720,25,C: 300-999,doable 15-29,no,70,"Cointreau"
"galliano sambuca",Transactional,tool,720,12,C: 300-999,easy 0-14,yes,65,"Disaronno; Grand Marnier; Sambuca"
"1942 don julio",Commercial,tool,720,13,C: 300-999,easy 0-14,yes,77,"Don Julio; Jose Cuervo"
"don julio reposado",Commercial,tool,720,17,C: 300-999,doable 15-29,yes,76,"Don Julio; Jose Cuervo"
"reposado don julio",Commercial,tool,720,11,C: 300-999,easy 0-14,yes,71,"Don Julio; Jose Cuervo"
"sugar free energy drinks",Commercial,tool,720,13,C: 300-999,easy 0-14,yes,67,"energy drink; Zero Sugar"
"gingerbeer",Commercial,tool,720,1,C: 300-999,easy 0-14,no,72,"Ginger Beer"
"single scotch",Transactional,tool,720,17,C: 300-999,doable 15-29,yes,70,"Glenfiddich; Scotch Whisky; Single Malt"
"1l grey goose",Commercial,tool,720,14,C: 300-999,easy 0-14,yes,68,"Grey Goose"
"grey goose vodka 1l",Commercial,tool,720,17,C: 300-999,doable 15-29,yes,67,"Grey Goose"
"grey goose vodka 1 litre",Commercial,tool,720,17,C: 300-999,doable 15-29,yes,65,"Grey Goose"
"nikka whisky",Commercial,tool,720,22,C: 300-999,doable 15-29,yes,73,"Japanese Whisky; Nikka"
"single scotch whisky",Transactional,tool,720,17,C: 300-999,doable 15-29,yes,67,"Japanese Whisky; Scotch Whisky; Single Malt"
"jonny walker",Commercial,tool,720,33,C: 300-999,hard 30-49,no,76,"Johnnie Walker"
"johnnie",Informational,tool,720,30,C: 300-999,hard 30-49,yes,74,"Johnnie Walker"
"johnnie walker whisky black label",Informational,tool,720,12,C: 300-999,easy 0-14,yes,69,"Johnnie Walker; Jägermeister"
"johnny walker black label",Informational,tool,720,30,C: 300-999,hard 30-49,no,67,"Johnnie Walker"
"johnnie walker gold label reserve",Informational,tool,720,16,C: 300-999,doable 15-29,yes,66,"Johnnie Walker; Jägermeister"
"jägermeister",Informational,tool,720,28,C: 300-999,doable 15-29,no,100,"Jägermeister"
"kaluha",Transactional,tool,720,21,C: 300-999,doable 15-29,no,72,"Kahlúa"
"lemon chello",Informational,tool,720,48,C: 300-999,hard 30-49,no,74,"Limoncello"
"mclane whisky",Informational,tool,720,18,C: 300-999,doable 15-29,yes,71,"Macallan"
"tequila blanco",Commercial,tool,720,23,C: 300-999,doable 15-29,yes,66,"Mezcal; Tequila; White Tequila"
"russian vodka",Commercial,tool,720,10,C: 300-999,easy 0-14,yes,100,"Polish Vodka; Russian Vodka"
"wine red wine",Commercial,tool,720,16,C: 300-999,doable 15-29,yes,74,"Red Wine; White Wine; Wine"
"bottle of vodka",Commercial,tool,720,11,C: 300-999,easy 0-14,yes,68,"Russian Vodka; Soju; Vodka Premix; Vodka"
"scotch malts",Informational,tool,720,40,C: 300-999,hard 30-49,yes,66,"Scotch Whisky"
"sparkling wines",Commercial,tool,720,19,C: 300-999,doable 15-29,yes,67,"Sparkling"
"st germain alcohol",Commercial,tool,590,34,C: 300-999,hard 30-49,no,74,"Absinthe; Campari; Cointreau; Grand Marnier; Sambuca; St Germain"
"malt scotch whisky",Commercial,tool,590,24,C: 300-999,doable 15-29,yes,77,"American Whiskey; Australian Whisky; Bourbon; Cream Liqueur; Irish Whiskey; Japanese Whisky; Rye Whiskey; Scotch Whisky; Single Malt; Whisky"
"scottish whiskey",Commercial,tool,590,47,C: 300-999,hard 30-49,yes,71,"American Whiskey; Irish Whiskey; Scotch Whisky"
"blended scots whisky",Commercial,tool,590,13,C: 300-999,easy 0-14,yes,67,"American Whiskey; Australian Whisky; Japanese Whisky; Rye Whiskey; Scotch Whisky"
"bourbon and whiskey",Informational,tool,590,21,C: 300-999,doable 15-29,yes,70,"American Whiskey; Bourbon; Rye Whiskey"
"vsop cognac",Informational,tool,590,13,C: 300-999,easy 0-14,yes,72,"Aperol; Cognac; Cointreau"
"australia whiskey",Transactional,tool,590,39,C: 300-999,hard 30-49,yes,74,"Australian Whisky"
"best whisky in australia",Commercial,tool,590,17,C: 300-999,doable 15-29,yes,71,"Australian Whisky"
"best whiskey australia",Commercial,tool,590,18,C: 300-999,doable 15-29,yes,68,"Australian Whisky"
"highland malt scotch whiskey",Commercial,tool,590,10,C: 300-999,easy 0-14,yes,66,"Australian Whisky; Glenfiddich; Scotch Whisky"
"glenfiddich whiskey",Commercial,tool,590,20,C: 300-999,doable 15-29,yes,76,"Australian Whisky; GlenDronach; Glenfiddich; Irish Whiskey; Japanese Whisky"
"korean soju",Commercial,tool,590,42,C: 300-999,hard 30-49,yes,72,"Baijiu; Soju"
"baileys irish cream 1 litre",Commercial,tool,590,14,C: 300-999,easy 0-14,yes,67,"Baileys Irish Cream"
"baileys alcohol",Informational,tool,590,21,C: 300-999,doable 15-29,yes,65,"Baileys Irish Cream"
"jameson irish",Transactional,tool,590,24,C: 300-999,doable 15-29,no,65,"Baileys Irish Cream; Cointreau; Sambuca"
"australia beer",Informational,tool,590,0,C: 300-999,easy 0-14,yes,71,"Beer; Lager; Pale Ale"
"meaning of p a l e",Informational,tool,590,0,C: 300-999,easy 0-14,no,79,"Beer; IPA; Lager; Light Beer; Pale Ale"
"cointreau 700ml",Commercial,tool,590,10,C: 300-999,easy 0-14,yes,71,"Campari; Cointreau; Disaronno; Grand Marnier; Soju"
"chartreuse liqueur green",Commercial,tool,590,22,C: 300-999,doable 15-29,yes,70,"Chartreuse"
"green chartreuse alcohol",Informational,tool,590,24,C: 300-999,doable 15-29,yes,69,"Chartreuse"
"chardonnay white wine",Commercial,tool,590,26,C: 300-999,doable 15-29,yes,65,"Chartreuse; Red Wine; White Wine; Wine"
"coffee and liqueur",Commercial,tool,590,17,C: 300-999,doable 15-29,yes,73,"Coffee Liqueur"
"liqueur 43",Commercial,tool,590,22,C: 300-999,doable 15-29,yes,67,"Coffee Liqueur; Jägermeister"
"tequila don julio reposado",Commercial,tool,590,12,C: 300-999,easy 0-14,yes,67,"Don Julio; Jose Cuervo; Mezcal; Tequila"
"silver patron tequila",Navigational,tool,590,20,C: 300-999,doable 15-29,yes,69,"Don Julio; Gold Tequila; Patron; Tequila; White Tequila"
"what energy drink",Commercial,tool,590,45,C: 300-999,hard 30-49,no,69,"energy drink"
"energetic drinks",Informational,tool,590,42,C: 300-999,hard 30-49,no,68,"energy drink"
"what is the energy drink",Informational,tool,590,41,C: 300-999,hard 30-49,no,67,"energy drink"
"vodka premix",Commercial,tool,590,0,C: 300-999,easy 0-14,yes,100,"Gin Premix; Premix; Vodka Premix; Vodka"
"gins",Commercial,tool,590,0,C: 300-999,easy 0-14,no,70,"Gin Premix; Gin"
"glendronach 15",Commercial,tool,590,11,C: 300-999,easy 0-14,yes,68,"GlenDronach"
"glenfidich",Commercial,tool,590,24,C: 300-999,doable 15-29,no,88,"GlenDronach; Glenfiddich"
"silver tequila",Commercial,tool,590,11,C: 300-999,easy 0-14,yes,66,"Gold Tequila; Tequila; White Tequila"
"whiskey from ireland",Commercial,tool,590,10,C: 300-999,easy 0-14,yes,75,"Irish Whiskey"
"irish whiskey brands",Commercial,tool,590,18,C: 300-999,doable 15-29,yes,68,"Irish Whiskey; Rye Whiskey"
"scotch and whiskey blend",Commercial,tool,590,21,C: 300-999,doable 15-29,yes,66,"Irish Whiskey; Rye Whiskey; Scotch Whisky"
"double black johnnie walker",Commercial,tool,590,19,C: 300-999,doable 15-29,yes,67,"Johnnie Walker"
"johnny walker black",Commercial,tool,590,25,C: 300-999,doable 15-29,no,66,"Johnnie Walker"
"black ruby johnnie walker",Commercial,tool,590,16,C: 300-999,doable 15-29,yes,65,"Johnnie Walker"
"lite beer",Commercial,tool,590,0,C: 300-999,easy 0-14,yes,77,"Lager; Light Beer"
"islay whisky laphroaig",Navigational,tool,590,18,C: 300-999,doable 15-29,yes,66,"Laphroaig"
"macallan the",Commercial,tool,590,19,C: 300-999,doable 15-29,yes,78,"Macallan"
"the macallan 12 year old",Commercial,tool,590,11,C: 300-999,easy 0-14,yes,68,"Macallan"
"macallan 12 double cask",Commercial,tool,590,13,C: 300-999,easy 0-14,yes,65,"Macallan"
"mezcal tequila",Informational,tool,590,17,C: 300-999,doable 15-29,yes,70,"Mezcal"
"nikka",Transactional,tool,590,23,C: 300-999,doable 15-29,yes,100,"Nikka"
"alcohol free drinks",Commercial,tool,590,0,C: 300-999,easy 0-14,no,70,"Non Alcoholic"
"non alcoholic red wine",Commercial,tool,590,0,C: 300-999,easy 0-14,yes,66,"Non Alcoholic"
"buy red wine",Transactional,tool,590,27,C: 300-999,doable 15-29,yes,71,"Red Wine; White Wine; Wine"
"buy red wine online",Transactional,tool,590,36,C: 300-999,hard 30-49,yes,67,"Red Wine; Wine"
"red wine shiraz",Informational,tool,590,24,C: 300-999,doable 15-29,yes,66,"Red Wine; White Wine; Wine"
"wine online",Commercial,tool,590,72,C: 300-999,extreme 70+,yes,69,"Red Wine; Wine"
"royal salute whiskey",Commercial,tool,590,14,C: 300-999,easy 0-14,yes,76,"Royal Salute"
"royal salute 21 year old",Commercial,tool,590,9,C: 300-999,easy 0-14,yes,75,"Royal Salute"
"russia and vodka",Informational,tool,590,39,C: 300-999,hard 30-49,yes,76,"Russian Vodka"
"scotch whiskey brands",Commercial,tool,590,18,C: 300-999,doable 15-29,yes,68,"Scotch Whisky"
"highland park whisky",Transactional,tool,590,16,C: 300-999,doable 15-29,yes,66,"Scotch Whisky"
"best scotch whisky",Commercial,tool,590,22,C: 300-999,doable 15-29,yes,65,"Scotch Whisky"
"soju flavours",Commercial,tool,590,29,C: 300-999,doable 15-29,yes,72,"Soju"
"alcohol percentage in soju",Informational,tool,590,27,C: 300-999,doable 15-29,yes,65,"Soju"
"tequila bottle",Commercial,tool,590,14,C: 300-999,easy 0-14,yes,69,"Tequila; White Tequila"
"water supply",Informational,tool,590,61,C: 300-999,very hard 50-69,no,66,"Water"
"absenth",Informational,tool,480,29,C: 300-999,doable 15-29,no,74,"Absinthe"
"absynthe",Informational,tool,480,43,C: 300-999,hard 30-49,no,67,"Absinthe; Calvados; Chartreuse"
"amaretto and disaronno",Informational,tool,480,21,C: 300-999,doable 15-29,no,73,"Amaro; Campari; Disaronno"
"whisky america",Commercial,tool,480,26,C: 300-999,doable 15-29,yes,78,"American Whiskey; Bourbon; Rye Whiskey; Scotch Whisky; Whisky"
"american whisky",Commercial,tool,480,11,C: 300-999,easy 0-14,yes,75,"American Whiskey; Japanese Whisky; Scotch Whisky; Whisky"
"united states whiskey",Informational,tool,480,19,C: 300-999,doable 15-29,yes,70,"American Whiskey; Rye Whiskey"
"whiskey from usa",Commercial,tool,480,23,C: 300-999,doable 15-29,yes,68,"American Whiskey; Rye Whiskey"
"japanese whiskey yamazaki",Commercial,tool,480,13,C: 300-999,easy 0-14,yes,69,"American Whiskey; Japanese Whisky; Rye Whiskey; Scotch Whisky"
"laphroaig whisky",Transactional,tool,480,27,C: 300-999,doable 15-29,yes,83,"American Whiskey; Australian Whisky; Glenfiddich; Irish Whiskey; Laphroaig; Rum; Rye Whiskey"
"bowmore whisky",Transactional,tool,480,17,C: 300-999,doable 15-29,yes,67,"American Whiskey; Australian Whisky; Glenfiddich; Laphroaig; Macallan; Whisky"
"single highland malt scotch whiskey",Commercial,tool,480,13,C: 300-999,easy 0-14,yes,77,"American Whiskey; Australian Whisky; Bourbon; Cream Liqueur; Irish Whiskey; Japanese Whisky; Rye Whiskey; Scotch Whisky; Single Malt; Whisky"
"laphroig",Commercial,tool,480,17,C: 300-999,doable 15-29,no,97,"American Whiskey; Cream Liqueur; Glenfiddich; Irish Whiskey; Laphroaig; Macallan"
"japanese single malt",Commercial,tool,480,22,C: 300-999,doable 15-29,yes,75,"American Whiskey; Japanese Whisky; Single Malt"
"whisky sale",Transactional,tool,480,12,C: 300-999,easy 0-14,yes,69,"American Whiskey; Australian Whisky; Irish Whiskey; Japanese Whisky; Macallan; Whisky"
"apperol",Transactional,tool,480,25,C: 300-999,doable 15-29,no,71,"Aperol"
"tequila patron",Commercial,tool,480,17,C: 300-999,doable 15-29,yes,66,"Aperol; Cointreau; Don Julio; Gold Tequila; Jägermeister; Mezcal; Patron; Tequila; White Tequila"
"australian bourbon",Commercial,tool,480,9,C: 300-999,easy 0-14,yes,65,"Australian Whisky; Bourbon"
"premium scotch",Commercial,tool,480,12,C: 300-999,easy 0-14,yes,68,"Australian Whisky; Bourbon; Irish Whiskey; Japanese Whisky; Whisky"
"irish whisky",Commercial,tool,480,12,C: 300-999,easy 0-14,yes,79,"Australian Whisky; Irish Whiskey; Japanese Whisky; Single Malt; Whisky"
"japanese single malt whiskey",Transactional,tool,480,25,C: 300-999,doable 15-29,yes,74,"Australian Whisky; Japanese Whisky"
"chinese baijiu",Commercial,tool,480,26,C: 300-999,doable 15-29,yes,72,"Baijiu"
"chinese drink baijiu",Commercial,tool,480,34,C: 300-999,hard 30-49,yes,65,"Baijiu"
"korean liquor soju",Informational,tool,480,34,C: 300-999,hard 30-49,yes,69,"Baijiu; Soju"
"bailey irish cream drink",Informational,tool,480,28,C: 300-999,doable 15-29,no,67,"Baileys Irish Cream; Cream Liqueur"
"baileys irish cream liqueur 1 litre",Commercial,tool,480,16,C: 300-999,doable 15-29,yes,67,"Baileys Irish Cream; Cream Liqueur"
"baileys irish cream liquor",Transactional,tool,480,17,C: 300-999,doable 15-29,yes,67,"Baileys Irish Cream; Cream Liqueur"
"baileys liqueur 1l",Commercial,tool,480,16,C: 300-999,doable 15-29,yes,67,"Baileys Irish Cream; Cream Liqueur"
"baileys price",Transactional,tool,480,15,C: 300-999,doable 15-29,yes,65,"Baileys Irish Cream"
"ale beer",Informational,tool,480,0,C: 300-999,easy 0-14,yes,65,"Beer; IPA; Lager; Light Beer; Pale Ale"
"pale ale beer",Commercial,tool,480,0,C: 300-999,easy 0-14,yes,81,"Beer; IPA; Lager; Pale Ale"
"bourbons",Informational,tool,480,16,C: 300-999,doable 15-29,no,73,"Bourbon"
"brandy melville george st",Transactional,tool,480,30,C: 300-999,hard 30-49,yes,68,"Brandy"
"brandymelvilleusa",Navigational,tool,480,72,C: 300-999,extreme 70+,no,68,"Brandy"
"vodka price",Commercial,tool,480,12,C: 300-999,easy 0-14,yes,65,"Brandy; Russian Vodka; Vodka Premix; Vodka"
"chartruese",Transactional,tool,480,29,C: 300-999,doable 15-29,no,79,"Chartreuse"
"chartreuse green",Commercial,tool,480,17,C: 300-999,doable 15-29,yes,72,"Chartreuse"
"شاردوناي",Informational,tool,480,14,C: 300-999,easy 0-14,no,67,"Chartreuse; White Wine; Wine"
"martell cognac",Transactional,tool,480,15,C: 300-999,doable 15-29,yes,72,"Chartreuse; Cognac; Grand Marnier; Martell"
"orange liquer",Commercial,tool,480,29,C: 300-999,doable 15-29,no,85,"Chartreuse; Coffee Liqueur; Orange Liqueur"
"ciders",Commercial,tool,480,23,C: 300-999,doable 15-29,no,67,"Cider"
"cointreau liqueur",Transactional,tool,480,17,C: 300-999,doable 15-29,yes,74,"Cinnamon Liqueur; Coffee Liqueur; Cognac; Cointreau; Cream Liqueur; Grand Marnier; Jägermeister; Orange Liqueur; Patron; Soju"
"cream liqueur",Commercial,tool,480,14,C: 300-999,easy 0-14,yes,100,"Cinnamon Liqueur; Coffee Liqueur; Cream Liqueur"
"coffee liquer",Informational,tool,480,16,C: 300-999,doable 15-29,yes,87,"Coffee Liqueur; Orange Liqueur"
"coffee liquor",Transactional,tool,480,17,C: 300-999,doable 15-29,yes,79,"Coffee Liqueur"
"xo cognac",Commercial,tool,480,12,C: 300-999,easy 0-14,yes,69,"Cognac"
"remy martin cognac",Informational,tool,480,11,C: 300-999,easy 0-14,yes,68,"Cognac; Cointreau; Martell"
"hennessy xo cognac",Commercial,tool,480,13,C: 300-999,easy 0-14,yes,66,"Cognac"
"cognac vsop france",Commercial,tool,480,13,C: 300-999,easy 0-14,yes,65,"Cognac"
"martell cognac xo",Commercial,tool,480,12,C: 300-999,easy 0-14,yes,65,"Cognac; Martell"
"cointreau price",Transactional,tool,480,12,C: 300-999,easy 0-14,yes,71,"Cognac; Cointreau; Disaronno; Patron; Soju"
"cointreu",Transactional,tool,480,28,C: 300-999,doable 15-29,no,69,"Cointreau"
"marnier liqueur",Transactional,tool,480,17,C: 300-999,doable 15-29,yes,67,"Cointreau; Cream Liqueur; Grand Marnier; Orange Liqueur; St Germain"
"grand marnier liqueur",Transactional,tool,480,22,C: 300-999,doable 15-29,yes,78,"Cream Liqueur; Grand Marnier; Jägermeister; Orange Liqueur; St Germain"
"black rum",Commercial,tool,480,12,C: 300-999,easy 0-14,yes,75,"Dark Rum; Rum; Spiced Rum; White Rum"
"buy rum",Transactional,tool,480,13,C: 300-999,easy 0-14,yes,73,"Dark Rum; Rum; Spiced Rum; White Rum"
"buy rum online",Transactional,tool,480,6,C: 300-999,easy 0-14,yes,69,"Dark Rum; Rum; Spiced Rum"
"don julio anejo",Commercial,tool,480,14,C: 300-999,easy 0-14,yes,76,"Don Julio; Jose Cuervo"
"tequila don julio",Commercial,tool,480,18,C: 300-999,doable 15-29,yes,76,"Don Julio; Gold Tequila; Jose Cuervo; Mezcal; Tequila"
"don julio 1942 tequila",Transactional,tool,480,11,C: 300-999,easy 0-14,yes,72,"Don Julio; Jose Cuervo; Mezcal"
"tequila don julio 1942",Commercial,tool,480,11,C: 300-999,easy 0-14,yes,69,"Don Julio; Jose Cuervo; Tequila"
"don julio blanco tequila",Commercial,tool,480,12,C: 300-999,easy 0-14,yes,65,"Don Julio; Gold Tequila; Jose Cuervo; White Tequila"
"cuervo",Informational,tool,480,27,C: 300-999,doable 15-29,yes,73,"Don Julio; Jose Cuervo"
"energy drinks australia",Commercial,tool,480,15,C: 300-999,doable 15-29,yes,70,"energy drink"
"what about energy drinks",Informational,tool,480,58,C: 300-999,very hard 50-69,yes,68,"energy drink"
"alcohol ginger beer",Commercial,tool,480,0,C: 300-999,easy 0-14,yes,65,"Ginger Beer"
"buy gin",Transactional,tool,480,21,C: 300-999,doable 15-29,yes,65,"Gin"
"glendronach 18",Commercial,tool,480,9,C: 300-999,easy 0-14,yes,85,"GlenDronach; Laphroaig"
"glen fiddich",Commercial,tool,480,22,C: 300-999,doable 15-29,no,70,"GlenDronach; Glenfiddich"
"glenfiddich single malt",Commercial,tool,480,21,C: 300-999,doable 15-29,yes,69,"GlenDronach; Glenfiddich; Single Malt"
"dan murphy's glenfiddich",Transactional,tool,480,27,C: 300-999,doable 15-29,yes,67,"GlenDronach; Glenfiddich"
"uisque glenfiddich",Commercial,tool,480,17,C: 300-999,doable 15-29,yes,72,"GlenDronach; Glenfiddich"
"glenfiddich dan murphy",Navigational,tool,480,27,C: 300-999,doable 15-29,yes,69,"Glenfiddich; Single Malt"
"grey goose vodka price",Transactional,tool,480,13,C: 300-999,easy 0-14,yes,68,"Glenfiddich; Grey Goose"
"lagavulin whiskey",Informational,tool,480,17,C: 300-999,doable 15-29,yes,67,"Glenfiddich; Laphroaig"
"grand mariner",Navigational,tool,480,28,C: 300-999,doable 15-29,yes,71,"Grand Marnier; St Germain"
"grand monet",Informational,tool,480,19,C: 300-999,doable 15-29,yes,70,"Grand Marnier; St Germain"
"grand monya",Transactional,tool,480,17,C: 300-999,doable 15-29,yes,65,"Grand Marnier; St Germain"
"vodka grey goose",Transactional,tool,480,36,C: 300-999,hard 30-49,yes,76,"Grey Goose; Russian Vodka"
"greygoose",Transactional,tool,480,28,C: 300-999,doable 15-29,no,75,"Grey Goose"
"grey goose vodka price 1 litre",Transactional,tool,480,13,C: 300-999,easy 0-14,yes,65,"Grey Goose"
"japanese scotch",Transactional,tool,480,16,C: 300-999,doable 15-29,yes,74,"Japanese Whisky"
"johnnie walker scotch",Commercial,tool,480,15,C: 300-999,doable 15-29,yes,80,"Johnnie Walker"
"johnnie walker johnnie walker blue label",Informational,tool,480,21,C: 300-999,doable 15-29,yes,70,"Johnnie Walker"
"johny walker",Commercial,tool,480,25,C: 300-999,doable 15-29,no,69,"Johnnie Walker"
"johnnie walker green",Commercial,tool,480,17,C: 300-999,doable 15-29,yes,67,"Johnnie Walker"
"khalua",Transactional,tool,480,17,C: 300-999,doable 15-29,no,72,"Kahlúa"
"laphroaig oak select",Informational,tool,480,11,C: 300-999,easy 0-14,yes,71,"Laphroaig"
"laphroaig quarter cask",Commercial,tool,480,12,C: 300-999,easy 0-14,yes,70,"Laphroaig"
"macallan scotch",Transactional,tool,480,17,C: 300-999,doable 15-29,yes,80,"Laphroaig; Macallan; Scotch Whisky; Single Malt"
"light beer australia",Commercial,tool,480,0,C: 300-999,easy 0-14,yes,69,"Light Beer"
"limencello",Informational,tool,480,31,C: 300-999,hard 30-49,no,71,"Limoncello"
"what is limoncello",Informational,tool,480,48,C: 300-999,hard 30-49,yes,68,"Limoncello"
"macallan rare cask",Commercial,tool,480,11,C: 300-999,easy 0-14,yes,71,"Macallan"
"tequila australia",Commercial,tool,480,11,C: 300-999,easy 0-14,yes,70,"Mezcal; Tequila; White Tequila"
"non alcoholic wine drinks",Commercial,tool,480,0,C: 300-999,easy 0-14,yes,74,"Non Alcoholic"
"zero alcohol",Commercial,tool,480,0,C: 300-999,easy 0-14,no,68,"Non Alcoholic"
"non alcoholic spirits",Commercial,tool,480,0,C: 300-999,easy 0-14,yes,65,"Non Alcoholic"
"orange flavoured liqueur",Commercial,tool,480,21,C: 300-999,doable 15-29,yes,70,"Orange Liqueur"
"red wine australia",Commercial,tool,480,17,C: 300-999,doable 15-29,yes,67,"Red Wine"
"royal salute 53",Commercial,tool,480,11,C: 300-999,easy 0-14,yes,77,"Royal Salute"
"russian standard vodka",Commercial,tool,480,9,C: 300-999,easy 0-14,yes,67,"Russian Vodka"
"rye alcohol",Transactional,tool,480,10,C: 300-999,easy 0-14,no,70,"Rye Whiskey"
"scotch whisky brands",Commercial,tool,480,26,C: 300-999,doable 15-29,yes,68,"Scotch Whisky"
"scotch whisky blended malt",Commercial,tool,480,14,C: 300-999,easy 0-14,yes,72,"Single Malt"
"white dry wines",Commercial,tool,480,9,C: 300-999,easy 0-14,no,70,"White Wine"
"australian white wine",Commercial,tool,480,10,C: 300-999,easy 0-14,yes,66,"White Wine"
"sauvignon blanc white wine",Commercial,tool,480,11,C: 300-999,easy 0-14,yes,66,"White Wine"
"chardonnay wines",Commercial,tool,480,NaN,C: 300-999,extreme 70+,yes,66,"Wine"
"order wine online",Commercial,tool,480,NaN,C: 300-999,extreme 70+,yes,65,"Wine"
"disaronno amaretto liqueur",Commercial,tool,390,23,C: 300-999,doable 15-29,yes,71,"Amaro; Disaronno"
"hibiki japanese whiskey",Commercial,tool,390,15,C: 300-999,doable 15-29,yes,67,"American Whiskey; Japanese Whisky"
"single malt scotch whisky whiskey",Commercial,tool,390,18,C: 300-999,doable 15-29,yes,74,"American Whiskey; Australian Whisky; Glenfiddich; Japanese Whisky; Scotch Whisky; Single Malt; Whisky"
"jes macallan",Informational,tool,390,37,C: 300-999,hard 30-49,yes,82,"American Whiskey; Cognac; Laphroaig; Macallan; Whisky"
"scotch and whiskey",Informational,tool,390,28,C: 300-999,doable 15-29,yes,66,"American Whiskey; Cream Liqueur; Scotch Whisky"
"yamazaki whisky",Commercial,tool,390,12,C: 300-999,easy 0-14,yes,67,"American Whiskey; Australian Whisky; Japanese Whisky; Rye Whiskey"
"aperol price",Transactional,tool,390,14,C: 300-999,easy 0-14,no,69,"Aperol"
"hennessy vsop cognac",Transactional,tool,390,9,C: 300-999,easy 0-14,yes,65,"Aperol; Cognac"
"best australian whisky",Commercial,tool,390,14,C: 300-999,easy 0-14,yes,74,"Australian Whisky"
"whisky australia",Commercial,tool,390,49,C: 300-999,hard 30-49,yes,74,"Australian Whisky; Whisky"
"malt whisky",Commercial,tool,390,18,C: 300-999,doable 15-29,yes,71,"Australian Whisky; Single Malt; Whisky"
"whisky on sale",Transactional,tool,390,11,C: 300-999,easy 0-14,yes,66,"Australian Whisky; Irish Whiskey; Japanese Whisky; Whisky"
"good whisky",Commercial,tool,390,19,C: 300-999,doable 15-29,yes,66,"Australian Whisky; Rye Whiskey; Scotch Whisky; Whisky"
"whisky scotch single malt",Commercial,tool,390,22,C: 300-999,doable 15-29,yes,65,"Australian Whisky; Cream Liqueur; Japanese Whisky; Macallan; Scotch Whisky; Single Malt; Whisky"
"glenlivet whiskey",Commercial,tool,390,17,C: 300-999,doable 15-29,yes,70,"Australian Whisky; GlenDronach; Glenfiddich; Grey Goose; Irish Whiskey; Japanese Whisky"
"highland whisky",Commercial,tool,390,11,C: 300-999,easy 0-14,yes,65,"Australian Whisky; Scotch Whisky"
"whisky from ireland",Commercial,tool,390,14,C: 300-999,easy 0-14,yes,80,"Australian Whisky; Irish Whiskey; Japanese Whisky"
"baijiu chinese drink",Informational,tool,390,28,C: 300-999,doable 15-29,yes,66,"Baijiu"
"korean alcohol soju",Informational,tool,390,32,C: 300-999,hard 30-49,yes,68,"Baijiu; Soju"
"baileys irish cream price",Transactional,tool,390,14,C: 300-999,easy 0-14,yes,76,"Baileys Irish Cream"
"baileys irish cream whiskey price",Transactional,tool,390,13,C: 300-999,easy 0-14,yes,69,"Baileys Irish Cream"
"baileys alcohol price",Commercial,tool,390,12,C: 300-999,easy 0-14,yes,68,"Baileys Irish Cream"
"baileys whiskey price",Transactional,tool,390,17,C: 300-999,doable 15-29,yes,67,"Baileys Irish Cream"
"cream bailey",Transactional,tool,390,29,C: 300-999,doable 15-29,no,67,"Baileys Irish Cream; Cream Liqueur"
"irish bailey",Transactional,tool,390,17,C: 300-999,doable 15-29,no,67,"Baileys Irish Cream; Cream Liqueur"
"baileys irish cream 700ml",Commercial,tool,390,9,C: 300-999,easy 0-14,yes,66,"Baileys Irish Cream"
"beer australia",Commercial,tool,390,0,C: 300-999,easy 0-14,yes,68,"Beer; Lager; Light Beer; Pale Ale"
"pale ale beers",Commercial,tool,390,0,C: 300-999,easy 0-14,no,74,"Beer; IPA; Lager; Light Beer; Pale Ale"
"brandy booze",Commercial,tool,390,29,C: 300-999,doable 15-29,yes,74,"Brandy"
"sambuca alcohol",Informational,tool,390,20,C: 300-999,doable 15-29,yes,74,"Brandy; Campari; Disaronno; Sambuca"
"white and blue bottle of tequila",Commercial,tool,390,25,C: 300-999,doable 15-29,yes,67,"Calvados; Don Julio; Jose Cuervo; Kahlúa; Mezcal; Tequila; White Tequila"
"yellow chartreuse",Informational,tool,390,13,C: 300-999,easy 0-14,yes,68,"Chartreuse"
"cognac martell cognac",Commercial,tool,390,11,C: 300-999,easy 0-14,yes,73,"Chartreuse; Cognac; Grand Marnier; Martell"
"cream liqueur liqueurs",Commercial,tool,390,13,C: 300-999,easy 0-14,yes,72,"Cinnamon Liqueur; Coffee Liqueur; Cream Liqueur; Orange Liqueur"
"coffee alcohol",Informational,tool,390,34,C: 300-999,hard 30-49,yes,69,"Coffee Liqueur"
"kahlúa liqueur",Transactional,tool,390,18,C: 300-999,doable 15-29,yes,68,"Coffee Liqueur; Kahlúa; Orange Liqueur; Tequila; Vodka"
"kahula",Informational,tool,390,28,C: 300-999,doable 15-29,yes,68,"Coffee Liqueur; Kahlúa; Orange Liqueur; Tequila; Vodka"
"kahlua alcohol",Informational,tool,390,16,C: 300-999,doable 15-29,yes,72,"Coffee Liqueur; Kahlúa"
"cognac brandy",Commercial,tool,390,16,C: 300-999,doable 15-29,yes,71,"Cognac"
"martell konjak",Commercial,tool,390,12,C: 300-999,easy 0-14,yes,69,"Cognac; Martell"
"cointreau liquorland",Transactional,tool,390,23,C: 300-999,doable 15-29,yes,69,"Cointreau; Patron; Soju"
"orange liqueurs",Commercial,tool,390,21,C: 300-999,doable 15-29,no,79,"Cream Liqueur; Orange Liqueur"
"bottle of rum",Commercial,tool,390,11,C: 300-999,easy 0-14,yes,72,"Dark Rum; Rum; Spiced Rum; White Rum; White Tequila"
"rum bottle",Commercial,tool,390,12,C: 300-999,easy 0-14,yes,65,"Dark Rum; Rum; Spiced Rum; White Rum"
"disarano",Informational,tool,390,17,C: 300-999,doable 15-29,no,75,"Disaronno"
"don julio tequila price",Transactional,tool,390,10,C: 300-999,easy 0-14,yes,70,"Don Julio; Jose Cuervo"
"don julio tequila reposado",Commercial,tool,390,12,C: 300-999,easy 0-14,yes,70,"Don Julio; Jose Cuervo; Tequila; White Tequila"
"patron tequila price",Transactional,tool,390,7,C: 300-999,easy 0-14,yes,66,"Don Julio; Patron; Tequila"
"jose tequila",Transactional,tool,390,15,C: 300-999,doable 15-29,yes,66,"Don Julio; Gold Tequila; Jose Cuervo; Tequila"
"sugar free energy drink",Commercial,tool,390,16,C: 300-999,doable 15-29,no,65,"energy drink; Zero Sugar"
"gin premix",Commercial,tool,390,0,C: 300-999,easy 0-14,yes,100,"Gin Premix; Gin; Vodka Premix"
"gin and tonic premix",Commercial,tool,390,0,C: 300-999,easy 0-14,yes,76,"Gin Premix; Gin; Vodka Premix"
"pink gin premix",Transactional,tool,390,0,C: 300-999,easy 0-14,yes,70,"Gin Premix; Gin"
"vodka premix cans",Commercial,tool,390,0,C: 300-999,easy 0-14,yes,73,"Gin Premix; Premix; Vodka Premix"
"does ginger beer have alcohol",Informational,tool,390,0,C: 300-999,easy 0-14,yes,67,"Ginger Beer"
"glenallachie",Navigational,tool,390,30,C: 300-999,hard 30-49,no,67,"GlenDronach"
"glengoyne 21",Commercial,tool,390,12,C: 300-999,easy 0-14,no,68,"Glenfiddich"
"glenfiddich price",Transactional,tool,390,10,C: 300-999,easy 0-14,yes,67,"Glenfiddich"
"white tequila",Commercial,tool,390,17,C: 300-999,doable 15-29,yes,100,"Gold Tequila; Rum; Tequila; White Tequila"
"tequila sierra",Commercial,tool,390,9,C: 300-999,easy 0-14,yes,65,"Gold Tequila; Tequila"
"gray goose",Transactional,tool,390,18,C: 300-999,doable 15-29,yes,82,"Grey Goose"
"grey goode",Transactional,tool,390,16,C: 300-999,doable 15-29,yes,76,"Grey Goose"
"india pale ales",Informational,tool,390,0,C: 300-999,easy 0-14,no,65,"IPA; Pale Ale"
"pale ale australia",Commercial,tool,390,0,C: 300-999,easy 0-14,no,67,"IPA; Pale Ale"
"irish whiskeys",Commercial,tool,390,19,C: 300-999,doable 15-29,no,74,"Irish Whiskey; Japanese Whisky; Rye Whiskey"
"whiskeys ireland",Commercial,tool,390,15,C: 300-999,doable 15-29,no,71,"Irish Whiskey"
"whiskey brands irish",Commercial,tool,390,23,C: 300-999,doable 15-29,yes,69,"Irish Whiskey; Japanese Whisky; Rye Whiskey"
"irish whiskey types",Commercial,tool,390,18,C: 300-999,doable 15-29,yes,66,"Irish Whiskey"
"blended malt scotch",Commercial,tool,390,17,C: 300-999,doable 15-29,yes,70,"Irish Whiskey; Rye Whiskey; Scotch Whisky"
"blended malt scotch whisky",Commercial,tool,390,18,C: 300-999,doable 15-29,yes,70,"Irish Whiskey; Rye Whiskey; Scotch Whisky"
"premium blended scotch whisky",Commercial,tool,390,12,C: 300-999,easy 0-14,yes,70,"Irish Whiskey; Rye Whiskey; Scotch Whisky"
"best japanese whisky",Commercial,tool,390,15,C: 300-999,doable 15-29,yes,66,"Japanese Whisky"
"whisky drink brands",Commercial,tool,390,27,C: 300-999,doable 15-29,yes,69,"Japanese Whisky; Scotch Whisky; Whisky"
"johnie walker",Commercial,tool,390,21,C: 300-999,doable 15-29,no,90,"Johnnie Walker"
"johnny walker scotch",Commercial,tool,390,15,C: 300-999,doable 15-29,yes,80,"Johnnie Walker"
"johnnie walker scotch whisky",Transactional,tool,390,12,C: 300-999,easy 0-14,yes,78,"Johnnie Walker"
"johnnie walker whiskey",Commercial,tool,390,16,C: 300-999,doable 15-29,yes,78,"Johnnie Walker"
"johhny walker",Transactional,tool,390,44,C: 300-999,hard 30-49,no,68,"Johnnie Walker"
"johnnie walker's red",Informational,tool,390,18,C: 300-999,doable 15-29,yes,66,"Johnnie Walker"
"john walker blue label",Commercial,tool,390,13,C: 300-999,easy 0-14,no,65,"Johnnie Walker"
"jagermister",Transactional,tool,390,18,C: 300-999,doable 15-29,no,66,"Jägermeister"
"kaluah",Transactional,tool,390,14,C: 300-999,easy 0-14,no,68,"Kahlúa"
"oban single malt",Commercial,tool,390,15,C: 300-999,doable 15-29,no,67,"Laphroaig; Single Malt"
"islay single malt scotch whisky",Informational,tool,390,17,C: 300-999,doable 15-29,yes,65,"Laphroaig; Scotch Whisky; Single Malt"
"light beers",Commercial,tool,390,0,C: 300-999,easy 0-14,no,83,"Light Beer"
"what is limoncello liqueur",Informational,tool,390,14,C: 300-999,easy 0-14,yes,65,"Limoncello"
"mccallan",Commercial,tool,390,11,C: 300-999,easy 0-14,no,86,"Macallan"
"the macallan 12",Commercial,tool,390,14,C: 300-999,easy 0-14,yes,74,"Macallan"
"mexican tequila",Commercial,tool,390,15,C: 300-999,doable 15-29,yes,66,"Mezcal; Tequila; White Tequila"
"nikka coffey grain",Commercial,tool,390,13,C: 300-999,easy 0-14,yes,68,"Nikka"
"non-alcoholic drink",Commercial,tool,390,,C: 300-999,unknown,no,75,"Non Alcoholic"
"alcohol free",Informational,tool,390,0,C: 300-999,easy 0-14,no,70,"Non Alcoholic"
"best non alcoholic drinks",Commercial,tool,390,0,C: 300-999,easy 0-14,yes,65,"Non Alcoholic"
"rum australia",Commercial,tool,390,12,C: 300-999,easy 0-14,yes,69,"Rum; Spiced Rum"
"rye in whiskey",Informational,tool,390,17,C: 300-999,doable 15-29,yes,75,"Rye Whiskey; Spiced Rum"
"rye for whiskey",Transactional,tool,390,14,C: 300-999,easy 0-14,yes,68,"Rye Whiskey"
"sambooka",Transactional,tool,390,17,C: 300-999,doable 15-29,no,73,"Sambuca"
"scotch alcohol",Commercial,tool,390,24,C: 300-999,doable 15-29,yes,71,"Scotch Whisky; Whisky"
"scotch brands",Commercial,tool,390,17,C: 300-999,doable 15-29,yes,70,"Scotch Whisky"
"red label scotch whisky",Commercial,tool,390,10,C: 300-999,easy 0-14,yes,65,"Scotch Whisky"
"whisky brands",Commercial,tool,390,21,C: 300-999,doable 15-29,yes,65,"Scotch Whisky"
"sparking wine",Commercial,tool,390,12,C: 300-999,easy 0-14,yes,67,"Sparkling; White Wine"
"white wine sauvignon blanc",Informational,tool,390,16,C: 300-999,doable 15-29,yes,71,"White Wine"
"buy white wine",Transactional,tool,390,17,C: 300-999,doable 15-29,yes,66,"White Wine; Wine"
"white sauvignon wine",Transactional,tool,390,13,C: 300-999,easy 0-14,yes,66,"White Wine"
"riesling wines",Transactional,tool,390,NaN,C: 300-999,extreme 70+,no,65,"Wine"
"absinthe australia",Commercial,tool,320,14,C: 300-999,easy 0-14,yes,71,"Absinthe; Cinnamon Liqueur"
"what is absinthe",Informational,tool,320,39,C: 300-999,hard 30-49,yes,66,"Absinthe"
"us whiskey",Commercial,tool,320,16,C: 300-999,doable 15-29,yes,76,"American Whiskey; Rye Whiskey"
"buy whiskey",Transactional,tool,320,27,C: 300-999,doable 15-29,yes,65,"American Whiskey; Australian Whisky; Irish Whiskey; Rye Whiskey; Scotch Whisky; Whisky"
"buy whiskey online",Transactional,tool,320,20,C: 300-999,doable 15-29,yes,65,"American Whiskey; Irish Whiskey; Whisky"
"japanese blend whisky",Commercial,tool,320,19,C: 300-999,doable 15-29,yes,81,"American Whiskey; Australian Whisky; Irish Whiskey; Japanese Whisky; Scotch Whisky; Whisky"
"whiskey for sale",Transactional,tool,320,28,C: 300-999,doable 15-29,yes,65,"American Whiskey; Australian Whisky; Glenfiddich; Irish Whiskey; Rye Whiskey; Scotch Whisky; Whisky"
"japanese single malt whisky",Commercial,tool,320,25,C: 300-999,doable 15-29,yes,74,"American Whiskey; Australian Whisky; Japanese Whisky; Single Malt"
"whiskey irish whiskey",Commercial,tool,320,17,C: 300-999,doable 15-29,yes,78,"American Whiskey; Australian Whisky; Bourbon; Glenfiddich; Irish Whiskey; Japanese Whisky; Laphroaig; Rye Whiskey; Scotch Whisky; Single Malt; Whisky"
"buy whisky online australia",Transactional,tool,320,42,C: 300-999,hard 30-49,yes,68,"American Whiskey; Australian Whisky; Whisky"
"finest single malt whiskey",Commercial,tool,320,19,C: 300-999,doable 15-29,yes,77,"American Whiskey; Australian Whisky; Bourbon; Cream Liqueur; Irish Whiskey; Japanese Whisky; Rye Whiskey; Scotch Whisky; Single Malt; Whisky"
"mclaren whiskey",Transactional,tool,320,16,C: 300-999,doable 15-29,yes,69,"American Whiskey; Laphroaig; Macallan"
"aberlour whisky",Transactional,tool,320,13,C: 300-999,easy 0-14,yes,67,"American Whiskey; Australian Whisky; Glenfiddich; Laphroaig; Rye Whiskey; Scotch Whisky"
"laphroaig lore",Commercial,tool,320,10,C: 300-999,easy 0-14,yes,84,"American Whiskey; Irish Whiskey; Laphroaig; Macallan; Rye Whiskey; Scotch Whisky; Single Malt; Whisky"
"whiskey ireland",Commercial,tool,320,17,C: 300-999,doable 15-29,yes,75,"American Whiskey; Glenfiddich; Irish Whiskey; Laphroaig; Whisky"
"balvenie whisky",Transactional,tool,320,15,C: 300-999,doable 15-29,yes,66,"American Whiskey; Belvedere; Laphroaig"
"glenfiddich malt whisky",Commercial,tool,320,16,C: 300-999,doable 15-29,yes,72,"American Whiskey; GlenDronach; Glenfiddich; Laphroaig"
"glenfiddich scotch whisky",Informational,tool,320,12,C: 300-999,easy 0-14,yes,72,"American Whiskey; GlenDronach; Glenfiddich; Irish Whiskey; Laphroaig; Scotch Whisky"
"macallan single malt",Commercial,tool,320,15,C: 300-999,doable 15-29,yes,82,"American Whiskey; Cream Liqueur; Glenfiddich; Laphroaig; Macallan; Single Malt"
"scots whisky",Commercial,tool,320,15,C: 300-999,doable 15-29,yes,77,"American Whiskey; Cream Liqueur; Irish Whiskey; Japanese Whisky; Scotch Whisky; Whisky"
"aperol spritz dan murphy",Transactional,tool,320,25,C: 300-999,doable 15-29,no,66,"Aperol"
"australian whiskey brands",Commercial,tool,320,18,C: 300-999,doable 15-29,yes,81,"Australian Whisky"
"australian single malt whisky",Commercial,tool,320,20,C: 300-999,doable 15-29,yes,77,"Australian Whisky; Single Malt"
"whiskey australia",Commercial,tool,320,50,C: 300-999,very hard 50-69,yes,76,"Australian Whisky; Whisky"
"whisky au",Commercial,tool,320,56,C: 300-999,very hard 50-69,yes,73,"Australian Whisky; Single Malt; Whisky"
"best australian scotch",Commercial,tool,320,19,C: 300-999,doable 15-29,yes,71,"Australian Whisky"
"scotch premium",Informational,tool,320,11,C: 300-999,easy 0-14,yes,68,"Australian Whisky; Bourbon; Irish Whiskey; Japanese Whisky; Whisky"
"whisky online",Transactional,tool,320,42,C: 300-999,hard 30-49,yes,67,"Australian Whisky; Irish Whiskey; Japanese Whisky; Whisky"
"rye whiskey australia",Commercial,tool,320,9,C: 300-999,easy 0-14,yes,65,"Australian Whisky; Rye Whiskey"
"whisky scottish",Commercial,tool,320,16,C: 300-999,doable 15-29,yes,72,"Australian Whisky; Irish Whiskey; Japanese Whisky; Scotch Whisky; Whisky"
"dalwhinnie whisky",Commercial,tool,320,15,C: 300-999,doable 15-29,yes,68,"Australian Whisky; Glenfiddich; Laphroaig; Scotch Whisky"
"china baijiu",Commercial,tool,320,29,C: 300-999,doable 15-29,yes,76,"Baijiu"
"bai jiu",Informational,tool,320,45,C: 300-999,hard 30-49,no,74,"Baijiu"
"白酒",Informational,tool,320,23,C: 300-999,doable 15-29,no,71,"Baijiu; Soju"
"soju alcohol volume",Informational,tool,320,21,C: 300-999,doable 15-29,yes,70,"Baijiu; Soju"
"baileys irish cream specials",Commercial,tool,320,12,C: 300-999,easy 0-14,yes,71,"Baileys Irish Cream"
"baileys liquor",Transactional,tool,320,16,C: 300-999,doable 15-29,yes,70,"Baileys Irish Cream"
"baileys irish cream liqueur price",Transactional,tool,320,10,C: 300-999,easy 0-14,yes,68,"Baileys Irish Cream"
"alcohol content in baileys",Informational,tool,320,24,C: 300-999,doable 15-29,yes,67,"Baileys Irish Cream; Cream Liqueur"
"baileys bristol cream",Commercial,tool,320,26,C: 300-999,doable 15-29,yes,67,"Baileys Irish Cream; Cream Liqueur"
"cream liqueur baileys",Informational,tool,320,26,C: 300-999,doable 15-29,yes,67,"Baileys Irish Cream; Cream Liqueur"
"what is baileys liqueur",Informational,tool,320,28,C: 300-999,doable 15-29,yes,67,"Baileys Irish Cream; Cream Liqueur"
"irish cream whiskey",Informational,tool,320,22,C: 300-999,doable 15-29,yes,66,"Baileys Irish Cream"
"baileys irish cream alcohol content",Informational,tool,320,23,C: 300-999,doable 15-29,yes,65,"Baileys Irish Cream"
"buy cointreau",Transactional,tool,320,10,C: 300-999,easy 0-14,yes,76,"Baileys Irish Cream; Campari; Cinnamon Liqueur; Cognac; Cointreau; Disaronno; Patron"
"glenfiddich scotch",Informational,tool,320,22,C: 300-999,doable 15-29,yes,75,"Baileys Irish Cream; GlenDronach; Glenfiddich; Irish Whiskey; Laphroaig; Scotch Whisky"
"larger beer",Commercial,tool,320,0,C: 300-999,easy 0-14,yes,67,"Beer; Lager; Light Beer; Pale Ale"
"belverdere",Navigational,tool,320,37,C: 300-999,hard 30-49,no,77,"Belvedere"
"cointreau cost",Transactional,tool,320,9,C: 300-999,easy 0-14,yes,76,"Brandy; Cinnamon Liqueur; Cognac; Cointreau; Disaronno; Grand Marnier; Patron"
"what is the drink jagermeister",Informational,tool,320,36,C: 300-999,hard 30-49,yes,66,"Brandy; Jägermeister"
"charteuse",Transactional,tool,320,32,C: 300-999,hard 30-49,no,85,"Chartreuse"
"chatreuse",Transactional,tool,320,31,C: 300-999,hard 30-49,no,84,"Chartreuse; Cointreau"
"cider aus",Commercial,tool,320,22,C: 300-999,doable 15-29,yes,68,"Cider"
"cider beverage",Commercial,tool,320,17,C: 300-999,doable 15-29,yes,65,"Cider"
"buy cognac online",Commercial,tool,320,15,C: 300-999,doable 15-29,yes,67,"Cinnamon Liqueur; Cognac"
"cointreau liqueur price",Transactional,tool,320,14,C: 300-999,easy 0-14,yes,70,"Cinnamon Liqueur; Cognac; Cointreau; Orange Liqueur"
"cognac martin",Commercial,tool,320,16,C: 300-999,doable 15-29,yes,71,"Cognac; Martell"
"xo in cognac",Informational,tool,320,12,C: 300-999,easy 0-14,yes,71,"Cognac"
"remy martin xo cognac",Commercial,tool,320,14,C: 300-999,easy 0-14,yes,69,"Cognac; Martell"
"hennesy cognac",Commercial,tool,320,12,C: 300-999,easy 0-14,yes,65,"Cognac; Cointreau; Grand Marnier"
"whisky macallan",Commercial,tool,320,16,C: 300-999,doable 15-29,yes,78,"Cognac; Laphroaig; Macallan; Mezcal"
"condimental",Navigational,tool,320,33,C: 300-999,hard 30-49,no,72,"Condiments"
"pina colada white rum",Informational,tool,320,24,C: 300-999,doable 15-29,yes,81,"Dark Rum; Rum; Spiced Rum; White Rum"
"vodka sale",Transactional,tool,320,15,C: 300-999,doable 15-29,yes,67,"Disaronno; Gin Premix; Russian Vodka; Vodka Premix; Vodka; White Tequila"
"donjulio",Commercial,tool,320,18,C: 300-999,doable 15-29,no,98,"Don Julio; Jose Cuervo"
"don julio brand",Commercial,tool,320,22,C: 300-999,doable 15-29,yes,84,"Don Julio; Gold Tequila; Jose Cuervo; Mezcal; Tequila"
"don julio branding",Commercial,tool,320,14,C: 300-999,easy 0-14,yes,84,"Don Julio; Gold Tequila; Jose Cuervo; Mezcal; Tequila"
"don hulio",Commercial,tool,320,17,C: 300-999,doable 15-29,no,81,"Don Julio; Jose Cuervo"
"don julio 1942 price",Transactional,tool,320,14,C: 300-999,easy 0-14,yes,74,"Don Julio; Jose Cuervo"
"1942 don julio tequila",Transactional,tool,320,11,C: 300-999,easy 0-14,yes,72,"Don Julio; Jose Cuervo"
"don julio tequila 1942",Commercial,tool,320,16,C: 300-999,doable 15-29,yes,71,"Don Julio; Jose Cuervo"
"patron tequila silver",Commercial,tool,320,16,C: 300-999,doable 15-29,yes,66,"Don Julio; Gold Tequila; Patron; Tequila; White Tequila"
"tequila jose cuervo",Informational,tool,320,14,C: 300-999,easy 0-14,yes,74,"Don Julio; Gold Tequila; Jose Cuervo; White Tequila"
"energy drink brands",Commercial,tool,320,25,C: 300-999,doable 15-29,no,67,"energy drink"
"premix gin",Commercial,tool,320,0,C: 300-999,easy 0-14,yes,93,"Gin Premix; Gin; Vodka Premix"
"premix gin and tonic",Commercial,tool,320,0,C: 300-999,easy 0-14,yes,79,"Gin Premix; Vodka Premix"
"vodka soda premix",Commercial,tool,320,0,C: 300-999,easy 0-14,yes,75,"Gin Premix; Premix; Vodka Premix"
"ginger bev",Informational,tool,320,0,C: 300-999,easy 0-14,no,70,"Ginger Beer"
"glendronach distillery",Navigational,tool,320,18,C: 300-999,doable 15-29,yes,74,"GlenDronach"
"glenfiddich 12 price",Transactional,tool,320,14,C: 300-999,easy 0-14,yes,69,"Glenfiddich"
"glenfiddich 12 years",Commercial,tool,320,12,C: 300-999,easy 0-14,yes,67,"Glenfiddich"
"liquor grey goose",Informational,tool,320,15,C: 300-999,doable 15-29,yes,77,"Glenfiddich; Gold Tequila; Grey Goose; Vodka"
"lagavulin scotch",Informational,tool,320,14,C: 300-999,easy 0-14,yes,68,"Glenfiddich; Laphroaig; Macallan"
"gold tequila",Informational,tool,320,9,C: 300-999,easy 0-14,yes,100,"Gold Tequila; White Tequila"
"buy tequila",Transactional,tool,320,11,C: 300-999,easy 0-14,yes,72,"Gold Tequila; Mezcal; Tequila; White Tequila"
"grey goose bottle",Transactional,tool,320,22,C: 300-999,doable 15-29,yes,70,"Gold Tequila; Grey Goose"
"tequila 1l",Commercial,tool,320,11,C: 300-999,easy 0-14,yes,66,"Gold Tequila; Tequila"
"imported beer",Commercial,tool,320,6,C: 300-999,easy 0-14,yes,100,"Imported Beer"
"nice irish whiskey",Commercial,tool,320,17,C: 300-999,doable 15-29,yes,71,"Irish Whiskey"
"laphroaig whisky price",Transactional,tool,320,10,C: 300-999,easy 0-14,yes,76,"Irish Whiskey; Laphroaig"
"japanese malt whiskey",Commercial,tool,320,17,C: 300-999,doable 15-29,yes,74,"Japanese Whisky"
"jhonny walker",Transactional,tool,320,37,C: 300-999,hard 30-49,no,79,"Johnnie Walker"
"johnnie walker whisky",Commercial,tool,320,16,C: 300-999,doable 15-29,yes,78,"Johnnie Walker"
"johnnie walker price",Transactional,tool,320,13,C: 300-999,easy 0-14,yes,71,"Johnnie Walker"
"johnnie walker blue label scotch price",Transactional,tool,320,15,C: 300-999,doable 15-29,yes,70,"Johnnie Walker"
"blue label johnnie walker 1l",Commercial,tool,320,9,C: 300-999,easy 0-14,yes,69,"Johnnie Walker"
"blue label johnnie walker price",Transactional,tool,320,17,C: 300-999,doable 15-29,yes,66,"Johnnie Walker"
"johnnie walker labels",Commercial,tool,320,21,C: 300-999,doable 15-29,yes,66,"Johnnie Walker"
"johnnie walker 1l",Commercial,tool,320,11,C: 300-999,easy 0-14,yes,65,"Johnnie Walker"
"jager alcohol",Transactional,tool,320,27,C: 300-999,doable 15-29,no,67,"Jägermeister"
"laphroaig 10 year",Commercial,tool,320,13,C: 300-999,easy 0-14,yes,72,"Laphroaig"
"islay malt scotch",Informational,tool,320,16,C: 300-999,doable 15-29,yes,65,"Laphroaig; Scotch Whisky; Single Malt"
"islay single malt scotch",Transactional,tool,320,19,C: 300-999,doable 15-29,yes,65,"Laphroaig; Scotch Whisky; Single Malt"
"scotch whisky islay single malt",Commercial,tool,320,11,C: 300-999,easy 0-14,yes,65,"Laphroaig; Scotch Whisky; Single Malt"
"limonchello",Informational,tool,320,37,C: 300-999,hard 30-49,no,76,"Limoncello"
"limincello",Informational,tool,320,37,C: 300-999,hard 30-49,no,69,"Limoncello"
"what is a limoncello",Informational,tool,320,39,C: 300-999,hard 30-49,yes,67,"Limoncello"
"homemade limoncello",Informational,tool,320,37,C: 300-999,hard 30-49,yes,66,"Limoncello"
"limoncello alcohol",Informational,tool,320,26,C: 300-999,doable 15-29,yes,66,"Limoncello"
"maccallan",Commercial,tool,320,10,C: 300-999,easy 0-14,no,86,"Macallan"
"nikka from barrel",Informational,tool,320,13,C: 300-999,easy 0-14,yes,66,"Nikka"
"non drinks",Navigational,tool,320,0,C: 300-999,easy 0-14,no,76,"Non Alcoholic"
"zero alcohol drinks",Commercial,tool,320,0,C: 300-999,easy 0-14,no,75,"Non Alcoholic"
"alcohol free beverages",Commercial,tool,320,0,C: 300-999,easy 0-14,no,74,"Non Alcoholic"
"no alcohol",Informational,tool,320,0,C: 300-999,easy 0-14,no,73,"Non Alcoholic"
"non alcoholic drink",Commercial,tool,320,0,C: 300-999,easy 0-14,yes,73,"Non Alcoholic"
"no alcohol wine",Commercial,tool,320,0,C: 300-999,easy 0-14,yes,65,"Non Alcoholic"
"non alcoholic sparkling",Commercial,tool,320,0,C: 300-999,easy 0-14,yes,65,"Non Alcoholic"
"non-alcoholic wine",Commercial,tool,320,,C: 300-999,unknown,yes,65,"Non Alcoholic"
"redwine",Transactional,tool,320,27,C: 300-999,doable 15-29,no,77,"Red Wine; White Wine; Wine"
"red wine deals",Commercial,tool,320,16,C: 300-999,doable 15-29,yes,66,"Red Wine; White Wine; Wine"
"red wine delivery",Informational,tool,320,29,C: 300-999,doable 15-29,yes,65,"Red Wine"
"red wine sale",Transactional,tool,320,17,C: 300-999,doable 15-29,yes,65,"Red Wine; Wine"
"royal salute 21 price",Transactional,tool,320,9,C: 300-999,easy 0-14,yes,70,"Royal Salute"
"vodka bottles",Commercial,tool,320,11,C: 300-999,easy 0-14,yes,68,"Russian Vodka; Vodka"
"smirnoff premix",Transactional,tool,320,13,C: 300-999,easy 0-14,yes,69,"Russian Vodka; Vodka Premix"
"vodka on special",Commercial,tool,320,11,C: 300-999,easy 0-14,yes,65,"Russian Vodka; Vodka Premix; Vodka"
"rye and whiskey",Informational,tool,320,30,C: 300-999,hard 30-49,yes,79,"Rye Whiskey"
"cheap scotch whisky",Commercial,tool,320,16,C: 300-999,doable 15-29,yes,70,"Scotch Whisky"
"cheapest scotch whisky deals",Commercial,tool,320,16,C: 300-999,doable 15-29,yes,67,"Scotch Whisky"
"tequila bottles",Commercial,tool,320,17,C: 300-999,doable 15-29,yes,71,"Tequila; White Tequila"
"tequila specials",Commercial,tool,320,13,C: 300-999,easy 0-14,yes,66,"Tequila; White Tequila"
"vodka on sale",Transactional,tool,320,11,C: 300-999,easy 0-14,yes,66,"Vodka Premix; Vodka; White Tequila"
"australia water",Informational,tool,320,10,C: 300-999,easy 0-14,no,73,"Water"
"excellence sauvignon blanc",Informational,tool,320,13,C: 300-999,easy 0-14,no,69,"White Wine"
"wine offers",Commercial,tool,320,17,C: 300-999,doable 15-29,yes,66,"White Wine; Wine"
"online wine australia",Commercial,tool,320,NaN,C: 300-999,extreme 70+,yes,67,"Wine"
"buy wines online",Transactional,tool,320,NaN,C: 300-999,extreme 70+,no,66,"Wine"
"buying wines",Transactional,tool,320,NaN,C: 300-999,extreme 70+,no,66,"Wine"
"zero sugar drinks",Commercial,tool,320,0,C: 300-999,easy 0-14,no,66,"Zero Sugar"
"absinthe drink",Informational,tool,260,26,D: 100-299,doable 15-29,yes,75,"Absinthe"
"buy absinthe",Transactional,tool,260,16,D: 100-299,doable 15-29,yes,65,"Absinthe"
"orange liquor",Informational,tool,260,28,D: 100-299,doable 15-29,no,77,"Absinthe; Chartreuse; Coffee Liqueur; Cream Liqueur; Orange Liqueur"
"cognac vsop",Informational,tool,260,13,D: 100-299,easy 0-14,yes,69,"Absinthe; Cognac; Cointreau"
"french cognac",Commercial,tool,260,19,D: 100-299,doable 15-29,yes,72,"Absinthe; Calvados; Cinnamon Liqueur; Cognac"
"amaro o",Informational,tool,260,,D: 100-299,unknown,yes,78,"Amaro"
"amaro liqueur",Informational,tool,260,18,D: 100-299,doable 15-29,yes,75,"Amaro"
"amaretto disaronno",Informational,tool,260,23,D: 100-299,doable 15-29,no,74,"Amaro; Campari; Disaronno"
"whiskey and american",Transactional,tool,260,12,D: 100-299,easy 0-14,yes,81,"American Whiskey; Rye Whiskey; Whisky"
"american bourbon",Commercial,tool,260,11,D: 100-299,easy 0-14,yes,73,"American Whiskey; Bourbon; Rye Whiskey"
"buy whiskey online australia",Transactional,tool,260,42,D: 100-299,hard 30-49,yes,68,"American Whiskey; Australian Whisky; Irish Whiskey; Whisky"
"glenfiddich distillery location",Transactional,tool,260,34,D: 100-299,hard 30-49,yes,77,"American Whiskey; GlenDronach; Glenfiddich; Japanese Whisky; Laphroaig; Macallan; Scotch Whisky; Single Malt"
"glenfiddich fire and cane",Commercial,tool,260,7,D: 100-299,easy 0-14,yes,77,"American Whiskey; GlenDronach; Glenfiddich; Japanese Whisky; Laphroaig; Macallan; Scotch Whisky; Single Malt"
"aperols",Transactional,tool,260,19,D: 100-299,doable 15-29,no,78,"Aperol"
"aperol bottle",Transactional,tool,260,17,D: 100-299,doable 15-29,no,70,"Aperol"
"aperol aperitivo",Commercial,tool,260,12,D: 100-299,easy 0-14,no,65,"Aperol"
"australia whisky",Informational,tool,260,29,D: 100-299,doable 15-29,yes,82,"Australian Whisky; Japanese Whisky; Whisky"
"australian single malt whiskey",Commercial,tool,260,19,D: 100-299,doable 15-29,yes,81,"Australian Whisky; Single Malt"
"cheap whisky australia",Commercial,tool,260,20,D: 100-299,doable 15-29,yes,68,"Australian Whisky; Japanese Whisky"
"best whiskey in australia",Commercial,tool,260,18,D: 100-299,doable 15-29,yes,67,"Australian Whisky"
"best scotch whisky australia",Commercial,tool,260,16,D: 100-299,doable 15-29,yes,65,"Australian Whisky; Whisky"
"buy whisky",Transactional,tool,260,35,D: 100-299,hard 30-49,yes,68,"Australian Whisky; Irish Whiskey; Japanese Whisky; Scotch Whisky; Single Malt; Whisky"
"whisky on special",Commercial,tool,260,14,D: 100-299,easy 0-14,yes,68,"Australian Whisky; Cream Liqueur; Irish Whiskey; Japanese Whisky; Scotch Whisky; Whisky"
"australia gin",Commercial,tool,260,15,D: 100-299,doable 15-29,yes,71,"Australian Whisky; Gin"
"bourbon australia",Commercial,tool,260,12,D: 100-299,easy 0-14,yes,71,"Australian Whisky; Bourbon"
"best irish whiskey australia",Commercial,tool,260,9,D: 100-299,easy 0-14,yes,66,"Australian Whisky; Irish Whiskey"
"one malt whisky",Commercial,tool,260,13,D: 100-299,easy 0-14,yes,78,"Australian Whisky; Single Malt"
"glenfiddich whisky",Commercial,tool,260,12,D: 100-299,easy 0-14,yes,77,"Australian Whisky; Baileys Irish Cream; GlenDronach; Glenfiddich; Japanese Whisky; Scotch Whisky; Whisky"
"whisky special",Commercial,tool,260,16,D: 100-299,doable 15-29,yes,67,"Australian Whisky; Baileys Irish Cream; Cream Liqueur; Glenfiddich; Japanese Whisky; Whisky"
"gin australia",Commercial,tool,260,17,D: 100-299,doable 15-29,yes,71,"Australian Whisky; Gin"
"glenfiddich single malt whisky",Commercial,tool,260,14,D: 100-299,easy 0-14,yes,74,"Australian Whisky; GlenDronach; Glenfiddich; Irish Whiskey; Japanese Whisky; Macallan; Scotch Whisky; Single Malt"
"glenlivet 12 year old",Commercial,tool,260,18,D: 100-299,doable 15-29,yes,65,"Australian Whisky; Baileys Irish Cream; GlenDronach; Glenfiddich; Grand Marnier; Grey Goose; Johnnie Walker; Single Malt"
"glenmorangie whiskey",Informational,tool,260,20,D: 100-299,doable 15-29,yes,65,"Australian Whisky; Baileys Irish Cream; GlenDronach; Glenfiddich; Irish Whiskey; Laphroaig; Whisky"
"lark tasmanian peated",Commercial,tool,260,11,D: 100-299,easy 0-14,yes,66,"Australian Whisky; Lark"
"what is baileys irish cream",Informational,tool,260,23,D: 100-299,doable 15-29,yes,72,"Baileys Irish Cream"
"buy baileys irish cream",Transactional,tool,260,17,D: 100-299,doable 15-29,yes,69,"Baileys Irish Cream"
"what is in a baileys irish cream",Informational,tool,260,31,D: 100-299,hard 30-49,yes,68,"Baileys Irish Cream"
"baileys irish cream cinnamon",Commercial,tool,260,14,D: 100-299,easy 0-14,yes,67,"Baileys Irish Cream; Cream Liqueur"
"the whistler irish cream",Informational,tool,260,11,D: 100-299,easy 0-14,no,67,"Baileys Irish Cream; Cream Liqueur"
"best price baileys irish cream 1 litre",Commercial,tool,260,15,D: 100-299,doable 15-29,yes,66,"Baileys Irish Cream"
"best price baileys irish cream",Commercial,tool,260,15,D: 100-299,doable 15-29,yes,65,"Baileys Irish Cream"
"glenlivet scotch",Commercial,tool,260,13,D: 100-299,easy 0-14,yes,70,"Baileys Irish Cream; GlenDronach; Glenfiddich; Grand Marnier; Grey Goose; Scotch Whisky"
"glenlivet single malt",Commercial,tool,260,14,D: 100-299,easy 0-14,no,67,"Baileys Irish Cream; GlenDronach; Glenfiddich; Grey Goose; Macallan; Single Malt"
"beers australia",Commercial,tool,260,0,D: 100-299,easy 0-14,no,67,"Beer; Lager"
"coopers premium light",Commercial,tool,260,0,D: 100-299,easy 0-14,no,72,"Beer; Ginger Beer; IPA; Lager; Pale Ale"
"belvadere",Navigational,tool,260,30,D: 100-299,hard 30-49,no,74,"Belvedere"
"bourbon on special",Commercial,tool,260,10,D: 100-299,easy 0-14,yes,68,"Bourbon; Cognac"
"bourbon on sale",Transactional,tool,260,10,D: 100-299,easy 0-14,yes,65,"Bourbon; Cognac"
"manhattan rye whiskey",Commercial,tool,260,10,D: 100-299,easy 0-14,yes,80,"Bourbon; Brandy; Rye Whiskey; Spiced Rum"
"brandy melville sydney cbd",Navigational,tool,260,36,D: 100-299,hard 30-49,yes,68,"Brandy"
"brandy sale",Transactional,tool,260,16,D: 100-299,doable 15-29,yes,66,"Brandy"
"jager black ice",Informational,tool,260,28,D: 100-299,doable 15-29,no,66,"Brandy; Jägermeister"
"calvados brandy",Informational,tool,260,24,D: 100-299,doable 15-29,yes,68,"Calvados"
"chartreuse alcohol",Transactional,tool,260,25,D: 100-299,doable 15-29,yes,79,"Calvados; Chartreuse"
"liqueur st germain",Commercial,tool,260,36,D: 100-299,hard 30-49,yes,68,"Campari; Cointreau; Grand Marnier; Orange Liqueur; St Germain"
"contrue liqueur",Transactional,tool,260,31,D: 100-299,hard 30-49,yes,72,"Campari; Chartreuse; Cinnamon Liqueur; Cognac; Cointreau; Cream Liqueur; Disaronno; Grand Marnier; Jägermeister; Orange Liqueur; Patron"
"disarono",Informational,tool,260,17,D: 100-299,doable 15-29,no,87,"Campari; Disaronno"
"drinks st germain",Transactional,tool,260,39,D: 100-299,hard 30-49,no,72,"Campari; Orange Liqueur; Sambuca; St Germain"
"cordon bleu martell cognac",Informational,tool,260,11,D: 100-299,easy 0-14,yes,66,"Chartreuse; Cognac; Cointreau; Grand Marnier; Martell"
"berry cider",Informational,tool,260,10,D: 100-299,easy 0-14,yes,67,"Cider; Ginger Beer"
"cointreau orange liqueur",Informational,tool,260,39,D: 100-299,hard 30-49,yes,71,"Cinnamon Liqueur; Cognac; Cointreau; Orange Liqueur; Patron"
"coffee with liqueur",Informational,tool,260,30,D: 100-299,hard 30-49,yes,81,"Coffee Liqueur; Orange Liqueur"
"chairman's reserve spiced rum",Commercial,tool,260,7,D: 100-299,easy 0-14,yes,91,"Coffee Liqueur; Dark Rum; Rum; Spiced Rum; White Rum"
"cognac xo hennessy",Commercial,tool,260,10,D: 100-299,easy 0-14,yes,71,"Cognac; Cointreau"
"hennessy a cognac",Commercial,tool,260,12,D: 100-299,easy 0-14,yes,65,"Cognac; Cointreau"
"contrieu",Transactional,tool,260,19,D: 100-299,doable 15-29,no,70,"Cointreau"
"cointreau specials",Commercial,tool,260,10,D: 100-299,easy 0-14,yes,65,"Cointreau; Patron"
"jose cuervo limonada",Informational,tool,260,7,D: 100-299,easy 0-14,yes,82,"Cointreau; Don Julio; Gold Tequila; Jose Cuervo; Tequila; White Tequila"
"condiments & sauces",Informational,tool,260,27,D: 100-299,doable 15-29,yes,66,"Condiments"
"australia rum",Commercial,tool,260,8,D: 100-299,easy 0-14,yes,68,"Dark Rum; Rum; Spiced Rum; White Rum"
"dissarono",Commercial,tool,260,24,D: 100-299,doable 15-29,no,81,"Disaronno"
"disarrono",Commercial,tool,260,13,D: 100-299,easy 0-14,no,75,"Disaronno"
"vodka for sale",Transactional,tool,260,14,D: 100-299,easy 0-14,yes,66,"Disaronno; Polish Vodka; Russian Vodka; Vodka"
"jose cuervo especial",Informational,tool,260,10,D: 100-299,easy 0-14,yes,71,"Don Julio; Jose Cuervo"
"jose cuervo 1l",Commercial,tool,260,12,D: 100-299,easy 0-14,yes,68,"Don Julio; Jose Cuervo"
"tequila silver",Commercial,tool,260,11,D: 100-299,easy 0-14,yes,65,"Don Julio; Gold Tequila; Jägermeister; Patron; Tequila; White Tequila"
"health problems energy drinks",Informational,tool,260,64,D: 100-299,very hard 50-69,yes,68,"energy drink"
"pre-mixed vodka",Commercial,tool,260,,D: 100-299,unknown,yes,81,"Gin Premix; Premix; Russian Vodka; Vodka Premix; Vodka"
"ready-to-drink cocktail",Informational,tool,260,,D: 100-299,unknown,no,69,"Gin Premix; Premix; Soju; Vodka Premix; Vodka"
"jameson premix",Commercial,tool,260,0,D: 100-299,easy 0-14,no,65,"Gin Premix; Vodka Premix"
"pre mix drinks",Commercial,tool,260,0,D: 100-299,easy 0-14,no,65,"Gin Premix; Premix; Soju; Vodka Premix"
"japanese vodka premix",Commercial,tool,260,0,D: 100-299,easy 0-14,yes,65,"Gin Premix; Premix; Russian Vodka; Vodka Premix"
"pre mixed alcoholic drinks",Commercial,tool,260,0,D: 100-299,easy 0-14,yes,65,"Gin Premix; Premix; Soju; Vodka Premix"
"gonger beer",Transactional,tool,260,0,D: 100-299,easy 0-14,yes,76,"Ginger Beer"
"brown snake ginger beer",Commercial,tool,260,0,D: 100-299,easy 0-14,yes,67,"Ginger Beer"
"glendronach 21",Commercial,tool,260,16,D: 100-299,doable 15-29,yes,85,"GlenDronach; Laphroaig"
"whisky scotch glenfiddich",Commercial,tool,260,18,D: 100-299,doable 15-29,yes,71,"Glenfiddich; Scotch Whisky; Whisky"
"glenfiddich liquorland",Transactional,tool,260,29,D: 100-299,doable 15-29,yes,66,"Glenfiddich"
"gray goose 1l",Commercial,tool,260,15,D: 100-299,doable 15-29,yes,77,"Glenfiddich; Gold Tequila; Grey Goose; Vodka"
"greygoose vodka",Transactional,tool,260,27,D: 100-299,doable 15-29,yes,69,"Glenfiddich; Grey Goose; Russian Vodka"
"tequila 700ml",Commercial,tool,260,9,D: 100-299,easy 0-14,yes,65,"Gold Tequila; Mezcal; Tequila; White Tequila"
"gray goose vodka",Transactional,tool,260,14,D: 100-299,easy 0-14,yes,70,"Grey Goose; Jägermeister; Russian Vodka; Vodka"
"grey goose cost",Commercial,tool,260,10,D: 100-299,easy 0-14,yes,70,"Grey Goose"
"price of grey goose",Transactional,tool,260,10,D: 100-299,easy 0-14,yes,70,"Grey Goose"
"gray goose 1 liter price",Transactional,tool,260,15,D: 100-299,doable 15-29,yes,68,"Grey Goose"
"grey goose liquor price",Transactional,tool,260,8,D: 100-299,easy 0-14,yes,68,"Grey Goose"
"gray goose cost",Commercial,tool,260,13,D: 100-299,easy 0-14,yes,67,"Grey Goose"
"gray goose vodka 1 liter price",Transactional,tool,260,12,D: 100-299,easy 0-14,yes,67,"Grey Goose"
"grey grouse vodka price",Transactional,tool,260,16,D: 100-299,doable 15-29,yes,67,"Grey Goose"
"grey goose price 1 liter price",Transactional,tool,260,20,D: 100-299,doable 15-29,yes,66,"Grey Goose"
"price of grey goose vodka 1 litre",Commercial,tool,260,12,D: 100-299,easy 0-14,yes,65,"Grey Goose"
"ale pale",Informational,tool,260,0,D: 100-299,easy 0-14,no,72,"IPA; Lager; Pale Ale"
"pale ales",Commercial,tool,260,0,D: 100-299,easy 0-14,no,86,"IPA; Lager; Pale Ale"
"irish wiskey",Commercial,tool,260,11,D: 100-299,easy 0-14,no,87,"Irish Whiskey; Japanese Whisky; Rye Whiskey"
"good irish whiskey",Commercial,tool,260,21,D: 100-299,doable 15-29,yes,65,"Irish Whiskey"
"japanese bourbon",Commercial,tool,260,12,D: 100-299,easy 0-14,yes,73,"Japanese Whisky"
"japanese whiskey brands",Commercial,tool,260,24,D: 100-299,doable 15-29,yes,71,"Japanese Whisky"
"good japanese whiskey",Commercial,tool,260,17,D: 100-299,doable 15-29,yes,65,"Japanese Whisky"
"talisker scotch",Commercial,tool,260,12,D: 100-299,easy 0-14,yes,70,"Japanese Whisky; Scotch Whisky; Single Malt"
"jonnie walker",Commercial,tool,260,22,D: 100-299,doable 15-29,no,75,"Johnnie Walker"
"johnnie walker whiskey black label",Informational,tool,260,21,D: 100-299,doable 15-29,yes,73,"Johnnie Walker; Jägermeister"
"blue johnnie walker",Commercial,tool,260,10,D: 100-299,easy 0-14,yes,67,"Johnnie Walker"
"johnny walker ruby",Informational,tool,260,13,D: 100-299,easy 0-14,no,67,"Johnnie Walker"
"gold label reserve johnnie walker",Commercial,tool,260,21,D: 100-299,doable 15-29,yes,66,"Johnnie Walker; Jägermeister"
"johnnie walker black label whisky",Commercial,tool,260,25,D: 100-299,doable 15-29,yes,66,"Johnnie Walker"
"johnnie walker king george",Commercial,tool,260,15,D: 100-299,doable 15-29,yes,66,"Johnnie Walker"
"johnnie walker ruby",Commercial,tool,260,19,D: 100-299,doable 15-29,yes,66,"Johnnie Walker"
"johnny walker green label",Informational,tool,260,15,D: 100-299,doable 15-29,yes,66,"Johnnie Walker"
"johnnie walker black 700ml",Commercial,tool,260,14,D: 100-299,easy 0-14,yes,65,"Johnnie Walker; Jägermeister"
"johnnie walker black label 1 litre",Commercial,tool,260,12,D: 100-299,easy 0-14,yes,65,"Johnnie Walker"
"johnnie walker black label price",Transactional,tool,260,9,D: 100-299,easy 0-14,yes,65,"Johnnie Walker"
"johnnie walker blue label 1l",Commercial,tool,260,9,D: 100-299,easy 0-14,yes,65,"Johnnie Walker"
"johnnie walker red label whisky",Informational,tool,260,17,D: 100-299,doable 15-29,yes,65,"Johnnie Walker; Jägermeister"
"liquer 43",Commercial,tool,260,21,D: 100-299,doable 15-29,no,66,"Jägermeister"
"kalhua",Transactional,tool,260,25,D: 100-299,doable 15-29,no,65,"Kahlúa"
"laphroaig select",Commercial,tool,260,19,D: 100-299,doable 15-29,yes,67,"Laphroaig"
"laphroaig qa cask",Commercial,tool,260,5,D: 100-299,easy 0-14,yes,66,"Laphroaig"
"islay single malt",Informational,tool,260,17,D: 100-299,doable 15-29,no,65,"Laphroaig; Scotch Whisky; Single Malt"
"single malt from islay",Informational,tool,260,,D: 100-299,unknown,no,65,"Laphroaig; Scotch Whisky; Single Malt"
"single malt isle of islay",Informational,tool,260,13,D: 100-299,easy 0-14,no,65,"Laphroaig; Scotch Whisky; Single Malt"
"single malt scotch whisky islay",Commercial,tool,260,11,D: 100-299,easy 0-14,yes,65,"Laphroaig; Scotch Whisky; Single Malt"
"limoncello spritzer cocktail",Informational,tool,260,24,D: 100-299,doable 15-29,yes,67,"Limoncello"
"pallini limoncello",Transactional,tool,260,16,D: 100-299,doable 15-29,yes,67,"Limoncello"
"limoncello black cockatoo",Informational,tool,260,26,D: 100-299,doable 15-29,yes,65,"Limoncello"
"macalan",Commercial,tool,260,25,D: 100-299,doable 15-29,no,78,"Macallan"
"mcallan",Commercial,tool,260,17,D: 100-299,doable 15-29,no,74,"Macallan"
"macallan 12 year",Commercial,tool,260,9,D: 100-299,easy 0-14,yes,71,"Macallan"
"the macallan 18",Commercial,tool,260,8,D: 100-299,easy 0-14,yes,66,"Macallan"
"martell vs",Commercial,tool,260,17,D: 100-299,doable 15-29,yes,72,"Martell"
"mezcals",Navigational,tool,260,17,D: 100-299,doable 15-29,yes,74,"Mezcal"
"tequila for sale",Transactional,tool,260,14,D: 100-299,easy 0-14,yes,69,"Mezcal; Tequila; White Tequila"
"tequila on sale",Transactional,tool,260,10,D: 100-299,easy 0-14,yes,69,"Mezcal; Tequila; White Tequila"
"non alcohol drinks",Commercial,tool,260,0,D: 100-299,easy 0-14,no,76,"Non Alcoholic"
"drinks non alcoholic",Transactional,tool,260,0,D: 100-299,easy 0-14,yes,74,"Non Alcoholic"
"non drink",Navigational,tool,260,0,D: 100-299,easy 0-14,no,73,"Non Alcoholic"
"non alcoholic drinks australia",Commercial,tool,260,0,D: 100-299,easy 0-14,yes,72,"Non Alcoholic"
"good non alcoholic drinks",Commercial,tool,260,0,D: 100-299,easy 0-14,yes,67,"Non Alcoholic"
"red wine bottle",Commercial,tool,260,10,D: 100-299,easy 0-14,yes,75,"Red Wine; Wine"
"red wine offers",Commercial,tool,260,10,D: 100-299,easy 0-14,yes,67,"Red Wine; White Wine; Wine"
"buying wine",Transactional,tool,260,71,D: 100-299,extreme 70+,yes,69,"Red Wine; Wine"
"pinot wine",Transactional,tool,260,25,D: 100-299,doable 15-29,yes,66,"Red Wine; White Wine; Wine"
"bubbles wines",Commercial,tool,260,11,D: 100-299,easy 0-14,no,66,"Red Wine; Sparkling; White Wine; Wine"
"online wine",Commercial,tool,260,70,D: 100-299,extreme 70+,yes,65,"Red Wine; Wine"
"sparkling wine and wine",Informational,tool,260,,D: 100-299,unknown,yes,66,"Red Wine; Sparkling; White Wine; Wine"
"sparkling wineries",Commercial,tool,260,15,D: 100-299,doable 15-29,yes,66,"Red Wine; Sparkling; White Wine; Wine"
"wine and sparkling",Commercial,tool,260,19,D: 100-299,doable 15-29,yes,66,"Red Wine; Sparkling; White Wine; Wine"
"royal salute 25",Commercial,tool,260,10,D: 100-299,easy 0-14,yes,77,"Royal Salute"
"rums",Transactional,tool,260,21,D: 100-299,doable 15-29,no,72,"Rum; Spiced Rum"
"different scotch whiskeys",Commercial,tool,260,19,D: 100-299,doable 15-29,yes,72,"Scotch Whisky"
"scotch on sale",Transactional,tool,260,13,D: 100-299,easy 0-14,yes,72,"Scotch Whisky"
"scotches",Transactional,tool,260,28,D: 100-299,doable 15-29,no,72,"Scotch Whisky"
"scotch sale",Transactional,tool,260,9,D: 100-299,easy 0-14,yes,71,"Scotch Whisky"
"good scotch liquor",Commercial,tool,260,19,D: 100-299,doable 15-29,yes,68,"Scotch Whisky"
"good drinking scotch",Commercial,tool,260,9,D: 100-299,easy 0-14,yes,67,"Scotch Whisky"
"good scotch whiskey",Commercial,tool,260,14,D: 100-299,easy 0-14,yes,67,"Scotch Whisky"
"scotch is",Informational,tool,260,16,D: 100-299,doable 15-29,yes,66,"Scotch Whisky"
"scotch on special",Commercial,tool,260,11,D: 100-299,easy 0-14,yes,66,"Scotch Whisky"
"blended malt whiskey",Commercial,tool,260,13,D: 100-299,easy 0-14,yes,72,"Single Malt"
"sojo alcohol",Commercial,tool,260,18,D: 100-299,doable 15-29,no,72,"Soju"
"saint germain alcohol",Informational,tool,260,17,D: 100-299,doable 15-29,yes,65,"St Germain"
"tequlia",Commercial,tool,260,13,D: 100-299,easy 0-14,no,75,"Tequila"
"tequila price",Commercial,tool,260,12,D: 100-299,easy 0-14,yes,68,"Tequila; White Tequila"
"tequila deals",Commercial,tool,260,12,D: 100-299,easy 0-14,yes,65,"Tequila; White Tequila"
"watet",Informational,tool,260,75,D: 100-299,extreme 70+,no,78,"Water"
"au water",Informational,tool,260,70,D: 100-299,extreme 70+,no,73,"Water"
"jobs at water corporation",Commercial,tool,260,14,D: 100-299,easy 0-14,no,67,"Water"
"sweetness of white wines",Informational,tool,260,9,D: 100-299,easy 0-14,no,70,"White Wine"
"white wines that are dry",Informational,tool,260,9,D: 100-299,easy 0-14,no,70,"White Wine"
"sauvignon blanc dry white wine",Commercial,tool,260,16,D: 100-299,doable 15-29,yes,69,"White Wine"
"white wine specials",Commercial,tool,260,14,D: 100-299,easy 0-14,yes,67,"White Wine"
"savon blanc white wine",Transactional,tool,260,13,D: 100-299,easy 0-14,yes,65,"White Wine"
"online wines",Commercial,tool,260,NaN,D: 100-299,extreme 70+,no,67,"Wine"
"online wine shop",Commercial,tool,260,NaN,D: 100-299,extreme 70+,yes,66,"Wine"
"wine for sale online",Transactional,tool,260,NaN,D: 100-299,extreme 70+,yes,65,"Wine"
"wine online aus",Commercial,tool,260,NaN,D: 100-299,extreme 70+,yes,65,"Wine"
"absenta absinthe",Transactional,tool,210,21,D: 100-299,doable 15-29,yes,67,"Absinthe; Calvados; Chartreuse"
"black absinthe",Commercial,tool,210,17,D: 100-299,doable 15-29,yes,67,"Absinthe; Calvados; Chartreuse"
"absinth drink",Informational,tool,210,30,D: 100-299,hard 30-49,no,65,"Absinthe"
"amaro alcohol",Informational,tool,210,18,D: 100-299,doable 15-29,yes,77,"Amaro"
"italian liqueur amaro",Commercial,tool,210,14,D: 100-299,easy 0-14,yes,75,"Amaro"
"amaro italy",Informational,tool,210,24,D: 100-299,doable 15-29,yes,74,"Amaro"
"italian amaro",Informational,tool,210,28,D: 100-299,doable 15-29,yes,74,"Amaro"
"amaro italian drink",Informational,tool,210,22,D: 100-299,doable 15-29,yes,70,"Amaro"
"amaros",Transactional,tool,210,46,D: 100-299,hard 30-49,yes,65,"Amaro"
"campari and soda",Informational,tool,210,17,D: 100-299,doable 15-29,no,67,"Amaro; Campari"
"is jack daniels whiskey",Informational,tool,210,21,D: 100-299,doable 15-29,yes,66,"American Whiskey; Glenfiddich; Japanese Whisky; Scotch Whisky"
"whisky for sale",Transactional,tool,210,18,D: 100-299,doable 15-29,yes,70,"American Whiskey; Australian Whisky; Irish Whiskey; Japanese Whisky; Laphroaig; Scotch Whisky; Whisky"
"drinking single malt scotch",Commercial,tool,210,10,D: 100-299,easy 0-14,yes,77,"American Whiskey; Australian Whisky; Bourbon; Cream Liqueur; Irish Whiskey; Japanese Whisky; Rye Whiskey; Scotch Whisky; Single Malt; Whisky"
"japanese whisky hibiki",Commercial,tool,210,10,D: 100-299,easy 0-14,yes,69,"American Whiskey; Japanese Whisky"
"scotch wiskey",Commercial,tool,210,13,D: 100-299,easy 0-14,yes,73,"American Whiskey; Cream Liqueur; Scotch Whisky; Whisky"
"whiskies",Commercial,tool,210,33,D: 100-299,hard 30-49,no,74,"American Whiskey; Australian Whisky; Irish Whiskey; Japanese Whisky; Rye Whiskey; Scotch Whisky; Single Malt; Whisky"
"whisky laphroaig distillery",Informational,tool,210,19,D: 100-299,doable 15-29,yes,84,"American Whiskey; Irish Whiskey; Laphroaig; Macallan; Rye Whiskey; Scotch Whisky; Single Malt; Whisky"
"japanese scotch whiskey",Commercial,tool,210,21,D: 100-299,doable 15-29,yes,77,"American Whiskey; Japanese Whisky; Rye Whiskey"
"johnnie walker single malt",Informational,tool,210,15,D: 100-299,doable 15-29,yes,74,"American Whiskey; Johnnie Walker; Laphroaig; Scotch Whisky"
"talisker gate",Informational,tool,210,16,D: 100-299,doable 15-29,no,67,"American Whiskey; Macallan; Scotch Whisky"
"aperil",Informational,tool,210,39,D: 100-299,hard 30-49,no,68,"Aperol"
"aperol dan murphys",Transactional,tool,210,27,D: 100-299,doable 15-29,no,68,"Aperol; IPA"
"aperol 700ml",Commercial,tool,210,10,D: 100-299,easy 0-14,no,65,"Aperol"
"absolut vodka absolut vodka",Transactional,tool,210,17,D: 100-299,doable 15-29,yes,70,"Aperol; Brandy; Cointreau; Dark Rum; Disaronno; Gin Premix; Gold Tequila; Jägermeister; Orange Liqueur; Polish Vodka; Rum; Russian Vodka; Sambuca; Tequila; Vodka Premix; Vodka; White Rum; White Tequila"
"patron tequila alcohol",Commercial,tool,210,15,D: 100-299,doable 15-29,yes,65,"Aperol; Cointreau; Don Julio; Gold Tequila; Jägermeister; Mezcal; Patron; Tequila; White Tequila"
"tequila anejo",Informational,tool,210,10,D: 100-299,easy 0-14,yes,65,"Aperol; Don Julio; Gold Tequila; Jose Cuervo; Mezcal; Tequila"
"single malt whisky australia",Commercial,tool,210,21,D: 100-299,doable 15-29,yes,73,"Australian Whisky; Single Malt"
"single malt australia",Commercial,tool,210,22,D: 100-299,doable 15-29,no,72,"Australian Whisky; Single Malt"
"best whisky australia",Commercial,tool,210,17,D: 100-299,doable 15-29,yes,70,"Australian Whisky"
"best australian whiskey",Commercial,tool,210,10,D: 100-299,easy 0-14,yes,68,"Australian Whisky"
"good whiskey australia",Commercial,tool,210,16,D: 100-299,doable 15-29,yes,67,"Australian Whisky"
"premium scotch whisky",Commercial,tool,210,9,D: 100-299,easy 0-14,yes,68,"Australian Whisky; Bourbon; Irish Whiskey; Japanese Whisky; Whisky"
"scotch whisky single malt",Transactional,tool,210,18,D: 100-299,doable 15-29,yes,71,"Australian Whisky; Scotch Whisky; Single Malt"
"japan whisky",Transactional,tool,210,14,D: 100-299,easy 0-14,yes,81,"Australian Whisky; Japanese Whisky"
"12 glenlivet",Informational,tool,210,11,D: 100-299,easy 0-14,no,65,"Australian Whisky; Baileys Irish Cream; GlenDronach; Glenfiddich; Grand Marnier; Grey Goose; Johnnie Walker; Single Malt"
"buy single malt whisky online",Transactional,tool,210,23,D: 100-299,doable 15-29,yes,65,"Australian Whisky; Single Malt; Whisky"
"glenmorangie 13 year old moscatel cask",Informational,tool,210,7,D: 100-299,easy 0-14,yes,67,"Australian Whisky; GlenDronach; Glenfiddich; Laphroaig; Macallan; Scotch Whisky; Single Malt"
"baijiu alcohol",Commercial,tool,210,27,D: 100-299,doable 15-29,yes,68,"Baijiu"
"soju korean",Commercial,tool,210,32,D: 100-299,hard 30-49,yes,72,"Baijiu; Soju"
"cream baileys",Commercial,tool,210,22,D: 100-299,doable 15-29,yes,80,"Baileys Irish Cream; Cream Liqueur"
"bailey irish cream",Informational,tool,210,35,D: 100-299,hard 30-49,no,79,"Baileys Irish Cream"
"bailey's irish cream",Informational,tool,210,17,D: 100-299,doable 15-29,no,77,"Baileys Irish Cream"
"baileys irish cream bottle",Commercial,tool,210,14,D: 100-299,easy 0-14,yes,73,"Baileys Irish Cream"
"baileys original irish cream",Commercial,tool,210,26,D: 100-299,doable 15-29,yes,73,"Baileys Irish Cream"
"baileys original irish cream liqueur",Commercial,tool,210,22,D: 100-299,doable 15-29,yes,69,"Baileys Irish Cream"
"bailey's baileys",Transactional,tool,210,17,D: 100-299,doable 15-29,yes,67,"Baileys Irish Cream; Cream Liqueur"
"baileys irish liqueur",Transactional,tool,210,25,D: 100-299,doable 15-29,yes,67,"Baileys Irish Cream; Cream Liqueur"
"baileys irish cream flavors",Commercial,tool,210,28,D: 100-299,doable 15-29,yes,66,"Baileys Irish Cream"
"grifter pale ale",Commercial,tool,210,0,D: 100-299,easy 0-14,no,79,"Beer; IPA; Lager; Light Beer; Pale Ale"
"bourbon whisky",Commercial,tool,210,17,D: 100-299,doable 15-29,yes,71,"Bourbon; Japanese Whisky; Rye Whiskey"
"bourbon for sale",Transactional,tool,210,13,D: 100-299,easy 0-14,yes,68,"Bourbon"
"buy bourbon online",Transactional,tool,210,6,D: 100-299,easy 0-14,yes,65,"Bourbon"
"rittenhouse rye",Informational,tool,210,19,D: 100-299,doable 15-29,no,80,"Bourbon; Brandy; Rye Whiskey; Spiced Rum"
"brandy melville george street",Navigational,tool,210,61,D: 100-299,very hard 50-69,yes,68,"Brandy"
"brandy melville wynyard",Navigational,tool,210,30,D: 100-299,hard 30-49,yes,68,"Brandy"
"brandy australia",Commercial,tool,210,19,D: 100-299,doable 15-29,yes,66,"Brandy"
"buy cognac",Transactional,tool,210,17,D: 100-299,doable 15-29,yes,76,"Brandy; Calvados; Cinnamon Liqueur; Cognac"
"cognac specials",Commercial,tool,210,11,D: 100-299,easy 0-14,yes,65,"Brandy; Cinnamon Liqueur; Cognac; Cointreau"
"irische whiskeys",Commercial,tool,210,17,D: 100-299,doable 15-29,no,78,"Brandy; Irish Whiskey; Japanese Whisky; Rye Whiskey"
"irish blended whisky",Commercial,tool,210,7,D: 100-299,easy 0-14,yes,78,"Brandy; Irish Whiskey; Japanese Whisky; Rye Whiskey"
"irish whiskey blended",Commercial,tool,210,10,D: 100-299,easy 0-14,yes,78,"Brandy; Irish Whiskey; Japanese Whisky; Rye Whiskey"
"irish whiskey blends",Commercial,tool,210,14,D: 100-299,easy 0-14,yes,78,"Brandy; Irish Whiskey; Japanese Whisky; Rye Whiskey"
"alcohol in sambuca",Commercial,tool,210,14,D: 100-299,easy 0-14,yes,66,"Calvados; Sambuca"
"jagermiester",Transactional,tool,210,28,D: 100-299,doable 15-29,no,70,"Campari; Jägermeister"
"cocktails with st germain liqueur",Commercial,tool,210,32,D: 100-299,hard 30-49,yes,72,"Campari; Orange Liqueur; Sambuca; St Germain"
"jager the alcohol",Informational,tool,210,34,D: 100-299,hard 30-49,no,70,"Campari; Grand Marnier; Jägermeister"
"jagermeister alc",Informational,tool,210,21,D: 100-299,doable 15-29,yes,75,"Campari; Jägermeister"
"san germain liquor",Informational,tool,210,33,D: 100-299,hard 30-49,yes,72,"Campari; Orange Liqueur; Sambuca; St Germain"
"vodka drink price",Commercial,tool,210,10,D: 100-299,easy 0-14,yes,67,"Campari; Russian Vodka; Vodka Premix; Vodka"
"chartreuse liqueur",Informational,tool,210,20,D: 100-299,doable 15-29,yes,73,"Chartreuse"
"chardonnay vinegar",Informational,tool,210,7,D: 100-299,easy 0-14,yes,67,"Chartreuse; White Wine; Wine"
"martell cognac vsop",Commercial,tool,210,10,D: 100-299,easy 0-14,yes,72,"Chartreuse; Cognac; Cointreau; Grand Marnier; Martell"
"coffee liqueur coffee",Informational,tool,210,18,D: 100-299,doable 15-29,yes,81,"Coffee Liqueur; Orange Liqueur"
"liqueur coffee",Commercial,tool,210,13,D: 100-299,easy 0-14,yes,76,"Coffee Liqueur; Cream Liqueur; Orange Liqueur"
"congnac",Commercial,tool,210,22,D: 100-299,doable 15-29,no,76,"Cognac"
"martin cognac",Commercial,tool,210,10,D: 100-299,easy 0-14,yes,72,"Cognac; Martell"
"rémy martin cognac",Navigational,tool,210,18,D: 100-299,doable 15-29,yes,70,"Cognac; Cointreau; Martell"
"cognac xo remy martin",Commercial,tool,210,17,D: 100-299,doable 15-29,yes,69,"Cognac; Martell"
"remy martiny",Transactional,tool,210,15,D: 100-299,doable 15-29,yes,69,"Cognac; Cointreau; Martell"
"martell vsop cognac",Informational,tool,210,14,D: 100-299,easy 0-14,yes,67,"Cognac; Grand Marnier; Martell"
"cointreau first choice",Transactional,tool,210,10,D: 100-299,easy 0-14,yes,65,"Cognac; Cointreau; Patron"
"what is cointreau liqueur",Informational,tool,210,28,D: 100-299,doable 15-29,yes,72,"Cointreau; Soju"
"cuervo tequila",Commercial,tool,210,12,D: 100-299,easy 0-14,yes,73,"Cointreau; Don Julio; Gold Tequila; Jose Cuervo; Tequila"
"food condiments",Informational,tool,210,19,D: 100-299,doable 15-29,yes,74,"Condiments"
"special scotch",Commercial,tool,210,17,D: 100-299,doable 15-29,yes,72,"Cream Liqueur; Scotch Whisky"
"rum for sale",Transactional,tool,210,12,D: 100-299,easy 0-14,yes,69,"Dark Rum; Rum; Spiced Rum; White Rum"
"cheap white rum",Commercial,tool,210,16,D: 100-299,doable 15-29,yes,67,"Dark Rum; Rum; Spiced Rum; White Rum; White Tequila"
"disaronna",Informational,tool,210,17,D: 100-299,doable 15-29,no,90,"Disaronno"
"disarrano",Commercial,tool,210,13,D: 100-299,easy 0-14,no,74,"Disaronno"
"disaranno",Commercial,tool,210,13,D: 100-299,easy 0-14,no,72,"Disaronno"
"don julio price",Transactional,tool,210,12,D: 100-299,easy 0-14,yes,69,"Don Julio; Jose Cuervo"
"jose cuervo silver",Commercial,tool,210,13,D: 100-299,easy 0-14,yes,65,"Don Julio; Jose Cuervo"
"tequila jimador",Informational,tool,210,9,D: 100-299,easy 0-14,yes,65,"Don Julio; Jose Cuervo; Tequila"
"energy drink australia",Commercial,tool,210,22,D: 100-299,doable 15-29,no,71,"energy drink"
"pre mix alcoholic drinks",Commercial,tool,210,0,D: 100-299,easy 0-14,yes,65,"Gin Premix; Premix; Vodka Premix"
"vodka premix drinks",Commercial,tool,210,0,D: 100-299,easy 0-14,yes,86,"Gin Premix; Premix; Vodka Premix; Vodka"
"premixed alcoholic beverages",Commercial,tool,210,0,D: 100-299,easy 0-14,yes,66,"Gin Premix; Premix; Soju; Vodka Premix; Vodka"
"pre mix",Commercial,tool,210,0,D: 100-299,easy 0-14,no,65,"Gin Premix; Premix; Vodka Premix"
"premixed liquor drinks",Commercial,tool,210,0,D: 100-299,easy 0-14,no,65,"Gin Premix; Premix; Vodka Premix"
"premixes",Informational,tool,210,0,D: 100-299,easy 0-14,no,66,"Gin Premix; Premix; Vodka Premix"
"vodka purchase",Transactional,tool,210,0,D: 100-299,easy 0-14,yes,66,"Gin Premix; Polish Vodka; Vodka Premix; Vodka"
"ginger beer plant",Informational,tool,210,0,D: 100-299,easy 0-14,yes,67,"Ginger Beer"
"goat ginger beer",Commercial,tool,210,0,D: 100-299,easy 0-14,yes,67,"Ginger Beer"
"gin online",Commercial,tool,210,18,D: 100-299,doable 15-29,yes,65,"Gin"
"glenlevit",Commercial,tool,210,17,D: 100-299,doable 15-29,no,65,"GlenDronach; Glenfiddich; Grey Goose"
"glenfiddich single malt scotch whisky",Commercial,tool,210,17,D: 100-299,doable 15-29,yes,73,"GlenDronach; Glenfiddich; Scotch Whisky; Single Malt"
"glenfiddich 12 year",Informational,tool,210,19,D: 100-299,doable 15-29,yes,71,"Glenfiddich"
"grey goose altius",Informational,tool,210,12,D: 100-299,easy 0-14,yes,77,"Glenfiddich; Gold Tequila; Grey Goose; Vodka"
"scotch single malt",Transactional,tool,210,22,D: 100-299,doable 15-29,yes,70,"Glenfiddich; Scotch Whisky; Single Malt"
"tequila drink price",Commercial,tool,210,16,D: 100-299,doable 15-29,yes,76,"Gold Tequila; Mezcal; Tequila; White Tequila"
"tequilas",Commercial,tool,210,15,D: 100-299,doable 15-29,no,77,"Gold Tequila; Mezcal; Tequila; White Tequila"
"grey goose price",Transactional,tool,210,15,D: 100-299,doable 15-29,yes,78,"Grey Goose"
"great goose",Informational,tool,210,17,D: 100-299,doable 15-29,yes,72,"Grey Goose"
"grey goose price 1 liter",Transactional,tool,210,18,D: 100-299,doable 15-29,yes,68,"Grey Goose"
"buy grey goose",Transactional,tool,210,12,D: 100-299,easy 0-14,yes,67,"Grey Goose"
"grey goose 1l price",Transactional,tool,210,17,D: 100-299,doable 15-29,yes,66,"Grey Goose"
"gray goose vodka price",Transactional,tool,210,9,D: 100-299,easy 0-14,yes,65,"Grey Goose"
".ipa",Informational,tool,210,,D: 100-299,unknown,no,75,"IPA"
"ipa online",Navigational,tool,210,0,D: 100-299,easy 0-14,no,66,"IPA"
"india pale ale beers",Commercial,tool,210,0,D: 100-299,easy 0-14,no,65,"IPA; Pale Ale"
"ipa ales",Informational,tool,210,0,D: 100-299,easy 0-14,no,65,"IPA; Pale Ale"
"finest irish whiskey",Commercial,tool,210,16,D: 100-299,doable 15-29,yes,66,"Irish Whiskey"
"laphroaig scotch",Commercial,tool,210,16,D: 100-299,doable 15-29,yes,85,"Irish Whiskey; Laphroaig; Rye Whiskey"
"walker whisky johnnie walker",Informational,tool,210,20,D: 100-299,doable 15-29,yes,79,"Johnnie Walker"
"uísque johnnie walker",Informational,tool,210,16,D: 100-299,doable 15-29,yes,75,"Johnnie Walker"
"johnnie walker high rye",Commercial,tool,210,11,D: 100-299,easy 0-14,yes,73,"Johnnie Walker; Jägermeister"
"whisky brands johnnie walker",Transactional,tool,210,17,D: 100-299,doable 15-29,yes,69,"Johnnie Walker"
"johnnie walker blue price",Transactional,tool,210,10,D: 100-299,easy 0-14,yes,66,"Johnnie Walker"
"johnnie walker whiskey brands",Commercial,tool,210,22,D: 100-299,doable 15-29,yes,66,"Johnnie Walker"
"dan murphy johnnie walker blue",Transactional,tool,210,25,D: 100-299,doable 15-29,yes,65,"Johnnie Walker"
"johnnie walker aged 18 years",Commercial,tool,210,12,D: 100-299,easy 0-14,yes,65,"Johnnie Walker"
"johnnie walker black label cost",Informational,tool,210,10,D: 100-299,easy 0-14,yes,65,"Johnnie Walker"
"johnnie walker collection",Transactional,tool,210,14,D: 100-299,easy 0-14,yes,65,"Johnnie Walker"
"johnnie walker whiskey range",Navigational,tool,210,28,D: 100-299,doable 15-29,yes,65,"Johnnie Walker"
"jagermeister alcohol",Informational,tool,210,31,D: 100-299,hard 30-49,yes,66,"Jägermeister"
"jägermeister price",Transactional,tool,210,11,D: 100-299,easy 0-14,no,65,"Jägermeister"
"laphroiag",Commercial,tool,210,15,D: 100-299,doable 15-29,no,92,"Laphroaig"
"drink recipes with limoncello",Informational,tool,210,28,D: 100-299,doable 15-29,yes,67,"Limoncello"
"limenchello",Informational,tool,210,28,D: 100-299,doable 15-29,no,65,"Limoncello"
"recipe for limoncello liqueur",Informational,tool,210,29,D: 100-299,doable 15-29,yes,65,"Limoncello"
"macallan whisky price",Transactional,tool,210,9,D: 100-299,easy 0-14,yes,70,"Macallan"
"macallan 21",Commercial,tool,210,10,D: 100-299,easy 0-14,yes,65,"Macallan"
"tequila sale",Transactional,tool,210,10,D: 100-299,easy 0-14,yes,67,"Mezcal; Tequila; White Tequila"
"tequila online",Commercial,tool,210,8,D: 100-299,easy 0-14,yes,65,"Mezcal; Tequila; White Tequila"
"nikka session",Commercial,tool,210,8,D: 100-299,easy 0-14,yes,74,"Nikka"
"nikka coffey malt",Commercial,tool,210,17,D: 100-299,doable 15-29,yes,66,"Nikka"
"nikka yoichi",Commercial,tool,210,12,D: 100-299,easy 0-14,yes,66,"Nikka"
"non alc",Informational,tool,210,0,D: 100-299,easy 0-14,no,76,"Non Alcoholic"
"non-alcoholic beverages",Commercial,tool,210,,D: 100-299,unknown,no,76,"Non Alcoholic"
"mocktail recipe non alcoholic",Informational,tool,210,,D: 100-299,unknown,yes,75,"Non Alcoholic"
"nice non alcoholic drinks",Commercial,tool,210,0,D: 100-299,easy 0-14,yes,71,"Non Alcoholic"
"non alcoholic spirit",Commercial,tool,210,0,D: 100-299,easy 0-14,yes,69,"Non Alcoholic"
"the non alcoholic club",Navigational,tool,210,0,D: 100-299,easy 0-14,yes,65,"Non Alcoholic"
"orange flavored liqueur",Informational,tool,210,29,D: 100-299,doable 15-29,yes,65,"Orange Liqueur"
"red wine price",Commercial,tool,210,20,D: 100-299,doable 15-29,yes,67,"Red Wine; White Wine"
"red wine bottles",Commercial,tool,210,9,D: 100-299,easy 0-14,yes,66,"Red Wine"
"wine shiraz",Informational,tool,210,26,D: 100-299,doable 15-29,yes,66,"Red Wine; White Wine; Wine"
"online drink purchase",Transactional,tool,210,58,D: 100-299,very hard 50-69,no,65,"Red Wine; Wine"
"white fizzy wine",Informational,tool,210,11,D: 100-299,easy 0-14,yes,66,"Red Wine; Sparkling; White Wine"
"royal salute scotch",Commercial,tool,210,10,D: 100-299,easy 0-14,yes,82,"Royal Salute"
"chivas royal salute 21",Commercial,tool,210,8,D: 100-299,easy 0-14,yes,66,"Royal Salute"
"rye whisky",Informational,tool,210,15,D: 100-299,doable 15-29,yes,76,"Rye Whiskey"
"sambuca white",Commercial,tool,210,9,D: 100-299,easy 0-14,yes,69,"Sambuca"
"blended scotch",Commercial,tool,210,24,D: 100-299,doable 15-29,yes,69,"Scotch Whisky"
"bottle of scotch whiskey",Commercial,tool,210,8,D: 100-299,easy 0-14,yes,69,"Scotch Whisky; Whisky"
"best scotch malt whisky",Commercial,tool,210,18,D: 100-299,doable 15-29,yes,67,"Scotch Whisky"
"brands of scotch liquor",Commercial,tool,210,13,D: 100-299,easy 0-14,yes,66,"Scotch Whisky"
"gold reserve whiskey",Commercial,tool,210,9,D: 100-299,easy 0-14,yes,66,"Scotch Whisky; White Rum"
"single malt highland",Informational,tool,210,9,D: 100-299,easy 0-14,yes,66,"Scotch Whisky"
"whisky list",Navigational,tool,210,47,D: 100-299,hard 30-49,yes,66,"Scotch Whisky; Whisky"
"what is the single malt whisky",Informational,tool,210,18,D: 100-299,doable 15-29,yes,65,"Single Malt"
"soju flavour",Commercial,tool,210,15,D: 100-299,doable 15-29,yes,71,"Soju"
"soju percentage",Informational,tool,210,25,D: 100-299,doable 15-29,yes,67,"Soju"
"codka",Commercial,tool,210,28,D: 100-299,doable 15-29,no,68,"Vodka"
"watee",Informational,tool,210,70,D: 100-299,extreme 70+,no,65,"Water"
"seeet white wine",Commercial,tool,210,8,D: 100-299,easy 0-14,yes,70,"White Wine"
"sweetness of white wine",Informational,tool,210,9,D: 100-299,easy 0-14,yes,70,"White Wine"
"white wines are dry",Informational,tool,210,10,D: 100-299,easy 0-14,no,70,"White Wine"
"low alcohol sauvignon blanc",Informational,tool,210,9,D: 100-299,easy 0-14,no,69,"White Wine"
"sauvignon blanc for cooking",Commercial,tool,210,19,D: 100-299,doable 15-29,no,69,"White Wine"
"white wine sale",Transactional,tool,210,10,D: 100-299,easy 0-14,yes,67,"White Wine"
"wine order",Commercial,tool,210,NaN,D: 100-299,extreme 70+,yes,68,"Wine"
"zero sugar",Informational,tool,210,0,D: 100-299,easy 0-14,yes,100,"Zero Sugar"
"what are cognac",Informational,tool,170,19,D: 100-299,doable 15-29,yes,78,"Absinthe; Brandy; Calvados; Campari; Cinnamon Liqueur; Cognac; Cointreau; Cream Liqueur; Grand Marnier; Orange Liqueur"
"amaro lucano",Informational,tool,170,11,D: 100-299,easy 0-14,yes,78,"Amaro"
"american bourbon whiskey",Commercial,tool,170,9,D: 100-299,easy 0-14,yes,72,"American Whiskey; Bourbon; Japanese Whisky; Rye Whiskey"
"dalmore whiskey",Commercial,tool,170,11,D: 100-299,easy 0-14,yes,66,"American Whiskey; Glenfiddich; Irish Whiskey; Laphroaig; Macallan; Single Malt; Whisky"
"japanese whiske",Commercial,tool,170,17,D: 100-299,doable 15-29,yes,81,"American Whiskey; Australian Whisky; Irish Whiskey; Japanese Whisky; Scotch Whisky"
"what is jack daniels whiskey",Informational,tool,170,18,D: 100-299,doable 15-29,yes,66,"American Whiskey; Glenfiddich; Rye Whiskey; Scotch Whisky"
"scotch whisky shop",Commercial,tool,170,45,D: 100-299,hard 30-49,yes,72,"American Whiskey; Australian Whisky; Irish Whiskey; Japanese Whisky; Scotch Whisky; Single Malt; Whisky"
"aberlour single malt whiskey",Transactional,tool,170,9,D: 100-299,easy 0-14,yes,65,"American Whiskey; Australian Whisky; Irish Whiskey; Laphroaig; Rye Whiskey; Single Malt"
"macallan scotch whiskey",Commercial,tool,170,8,D: 100-299,easy 0-14,yes,77,"American Whiskey; Australian Whisky; Cognac; Irish Whiskey; Japanese Whisky; Macallan; Mezcal; Scotch Whisky; Single Malt"
"nice single malt whiskey",Commercial,tool,170,14,D: 100-299,easy 0-14,yes,77,"American Whiskey; Australian Whisky; Bourbon; Cream Liqueur; Irish Whiskey; Japanese Whisky; Rye Whiskey; Scotch Whisky; Single Malt; Whisky"
"premium single malt scotch whisky",Commercial,tool,170,12,D: 100-299,easy 0-14,yes,77,"American Whiskey; Australian Whisky; Bourbon; Cream Liqueur; Irish Whiskey; Japanese Whisky; Rye Whiskey; Scotch Whisky; Single Malt; Whisky"
"single highland malt scotch whisky",Commercial,tool,170,7,D: 100-299,easy 0-14,yes,77,"American Whiskey; Australian Whisky; Bourbon; Cream Liqueur; Irish Whiskey; Japanese Whisky; Rye Whiskey; Scotch Whisky; Single Malt; Whisky"
"macallan whisky 12",Commercial,tool,170,13,D: 100-299,easy 0-14,yes,72,"American Whiskey; Laphroaig; Macallan; Scotch Whisky"
"scotch whiskey for sale",Transactional,tool,170,11,D: 100-299,easy 0-14,yes,75,"American Whiskey; Japanese Whisky; Scotch Whisky"
"scotch whisky oversupply crisis",Informational,tool,170,21,D: 100-299,doable 15-29,yes,67,"American Whiskey; Australian Whisky; Bourbon; Cognac; Cream Liqueur; Dark Rum; Gin Premix; Irish Whiskey; Japanese Whisky; Laphroaig; Macallan; Rum; Rye Whiskey; Scotch Whisky; Single Malt; Whisky; White Rum; White Tequila"
"glenmorangie whisky",Transactional,tool,170,17,D: 100-299,doable 15-29,yes,69,"American Whiskey; GlenDronach; Glenfiddich; Laphroaig; Rye Whiskey; Scotch Whisky"
"grand talon rice whisky",Commercial,tool,170,0,D: 100-299,easy 0-14,yes,67,"American Whiskey; Macallan; Scotch Whisky"
"macallan uisque",Transactional,tool,170,17,D: 100-299,doable 15-29,yes,82,"American Whiskey; Cognac; Laphroaig; Macallan; Whisky"
"aperol liqueur",Informational,tool,170,23,D: 100-299,doable 15-29,yes,67,"Aperol; Limoncello"
"cost of aperol",Commercial,tool,170,14,D: 100-299,easy 0-14,no,65,"Aperol"
"campari au",Commercial,tool,170,14,D: 100-299,easy 0-14,no,70,"Aperol; Campari; Disaronno; Sambuca"
"smirnoff vodka smirnoff",Informational,tool,170,17,D: 100-299,doable 15-29,yes,65,"Aperol; Gin Premix; Russian Vodka; Soju; Vodka Premix; Vodka"
"chandon brut champagne",Transactional,tool,170,15,D: 100-299,doable 15-29,yes,66,"Aperol; Campari; Cointreau"
"australian whiskeys",Transactional,tool,170,24,D: 100-299,doable 15-29,yes,85,"Australian Whisky; Japanese Whisky"
"australian single malt",Commercial,tool,170,16,D: 100-299,doable 15-29,yes,79,"Australian Whisky; Single Malt"
"whiskey brands australia",Commercial,tool,170,16,D: 100-299,doable 15-29,yes,75,"Australian Whisky; Japanese Whisky"
"single malt whiskey australia",Commercial,tool,170,27,D: 100-299,doable 15-29,yes,72,"Australian Whisky; Single Malt"
"premium spirits",Informational,tool,170,21,D: 100-299,doable 15-29,no,68,"Australian Whisky; Bourbon; Irish Whiskey; Japanese Whisky; Whisky"
"buying whisky online",Transactional,tool,170,40,D: 100-299,hard 30-49,yes,68,"Australian Whisky; Irish Whiskey; Whisky"
"deals on whisky",Commercial,tool,170,15,D: 100-299,doable 15-29,yes,65,"Australian Whisky; Irish Whiskey; Whisky"
"aberlour malt whisky",Commercial,tool,170,13,D: 100-299,easy 0-14,yes,65,"Australian Whisky; Laphroaig; Scotch Whisky"
"deals whisky",Commercial,tool,170,16,D: 100-299,doable 15-29,yes,65,"Australian Whisky; Irish Whiskey; Whisky"
"what is the scotch whisky",Informational,tool,170,28,D: 100-299,doable 15-29,yes,68,"Australian Whisky; Scotch Whisky"
"baileys irish liquor",Transactional,tool,170,19,D: 100-299,doable 15-29,yes,77,"Baileys Irish Cream"
"bailey liquor",Transactional,tool,170,20,D: 100-299,doable 15-29,no,69,"Baileys Irish Cream"
"baileys cream",Transactional,tool,170,28,D: 100-299,doable 15-29,yes,68,"Baileys Irish Cream"
"baileys reserve",Navigational,tool,170,17,D: 100-299,doable 15-29,yes,67,"Baileys Irish Cream; Cream Liqueur"
"bailey alcohol",Transactional,tool,170,18,D: 100-299,doable 15-29,no,66,"Baileys Irish Cream"
"liqueurs baileys",Commercial,tool,170,28,D: 100-299,doable 15-29,yes,66,"Baileys Irish Cream; Cream Liqueur"
"baileys irish cream 1l price",Transactional,tool,170,10,D: 100-299,easy 0-14,yes,65,"Baileys Irish Cream"
"jameson irish whisky",Commercial,tool,170,17,D: 100-299,doable 15-29,yes,65,"Baileys Irish Cream; Cointreau; Jägermeister; Sambuca"
"the glenlivet single malt scotch whisky",Commercial,tool,170,16,D: 100-299,doable 15-29,yes,67,"Baileys Irish Cream; GlenDronach; Glenfiddich; Grey Goose; Single Malt"
"bellvedere",Transactional,tool,170,28,D: 100-299,doable 15-29,no,72,"Belvedere"
"bourbon alcohol",Commercial,tool,170,14,D: 100-299,easy 0-14,yes,73,"Bourbon; Rye Whiskey"
"whisky and rye",Transactional,tool,170,29,D: 100-299,doable 15-29,yes,80,"Bourbon; Brandy; Rye Whiskey; Spiced Rum"
"low cost brandy",Commercial,tool,170,16,D: 100-299,doable 15-29,yes,69,"Brandy"
"australia brandy",Commercial,tool,170,23,D: 100-299,doable 15-29,yes,67,"Brandy"
"rye whiskeys",Commercial,tool,170,19,D: 100-299,doable 15-29,no,75,"Brandy; Mezcal; Rye Whiskey; Spiced Rum"
"premium irish whiskey",Commercial,tool,170,,D: 100-299,unknown,yes,78,"Brandy; Irish Whiskey; Japanese Whisky; Rye Whiskey"
"cognac offers",Commercial,tool,170,10,D: 100-299,easy 0-14,yes,70,"Brandy; Cinnamon Liqueur; Cognac"
"chartreuse green liqueur",Commercial,tool,170,20,D: 100-299,doable 15-29,yes,68,"Calvados; Chartreuse; Disaronno; Orange Liqueur"
"blue and white bottle of tequila",Commercial,tool,170,17,D: 100-299,doable 15-29,yes,67,"Calvados; Don Julio; Jose Cuervo; Kahlúa; Mezcal; Tequila; White Tequila"
"clase.azul tequila",Commercial,tool,170,13,D: 100-299,easy 0-14,yes,67,"Calvados; Don Julio; Jose Cuervo; Kahlúa; Mezcal; Tequila; White Tequila"
"canpari",Transactional,tool,170,14,D: 100-299,easy 0-14,no,79,"Campari; Disaronno"
"jagermeister alcohol price",Transactional,tool,170,9,D: 100-299,easy 0-14,yes,79,"Campari; Cognac; Grand Marnier; Jägermeister"
"chartruce",Informational,tool,170,24,D: 100-299,doable 15-29,no,86,"Chartreuse"
"chartreuse wine",Commercial,tool,170,20,D: 100-299,doable 15-29,yes,69,"Chartreuse"
"gran marnier",Transactional,tool,170,21,D: 100-299,doable 15-29,no,87,"Chartreuse; Grand Marnier; Orange Liqueur; St Germain"
"vsop cognac martell",Commercial,tool,170,13,D: 100-299,easy 0-14,yes,72,"Chartreuse; Cognac; Cointreau; Grand Marnier; Martell"
"cider apple cider",Informational,tool,170,7,D: 100-299,easy 0-14,yes,67,"Cider; Ginger Beer"
"cider au",Commercial,tool,170,15,D: 100-299,doable 15-29,yes,66,"Cider"
"coffee liquour",Commercial,tool,170,19,D: 100-299,doable 15-29,yes,81,"Coffee Liqueur; Orange Liqueur"
"rum spice",Commercial,tool,170,25,D: 100-299,doable 15-29,yes,91,"Coffee Liqueur; Dark Rum; Rum; Spiced Rum; White Rum"
"spiced rum spices",Commercial,tool,170,17,D: 100-299,doable 15-29,yes,91,"Coffee Liqueur; Dark Rum; Rum; Spiced Rum; White Rum"
"cognac xo",Commercial,tool,170,14,D: 100-299,easy 0-14,yes,73,"Cognac; Cointreau; Orange Liqueur"
"cognac price",Commercial,tool,170,10,D: 100-299,easy 0-14,yes,70,"Cognac; Cointreau"
"contrieau",Transactional,tool,170,28,D: 100-299,doable 15-29,no,77,"Cointreau"
"countreau",Transactional,tool,170,22,D: 100-299,doable 15-29,no,77,"Cointreau"
"contrau",Transactional,tool,170,27,D: 100-299,doable 15-29,no,72,"Cointreau"
"cuervo tekila",Informational,tool,170,18,D: 100-299,doable 15-29,yes,82,"Cointreau; Don Julio; Gold Tequila; Jose Cuervo; Tequila; White Tequila"
"jose cuervo tequileria",Navigational,tool,170,35,D: 100-299,hard 30-49,yes,82,"Cointreau; Don Julio; Gold Tequila; Jose Cuervo; Tequila; White Tequila"
"josé cuervo tequilería",Commercial,tool,170,15,D: 100-299,doable 15-29,yes,82,"Cointreau; Don Julio; Gold Tequila; Jose Cuervo; Tequila; White Tequila"
"kahluah",Transactional,tool,170,16,D: 100-299,doable 15-29,yes,68,"Cointreau; Jägermeister; Kahlúa"
"white rum for daiquiri",Commercial,tool,170,26,D: 100-299,doable 15-29,yes,81,"Dark Rum; Rum; Spiced Rum; White Rum"
"white rum for mojitos",Commercial,tool,170,19,D: 100-299,doable 15-29,yes,81,"Dark Rum; Rum; Spiced Rum; White Rum"
"rum white",Commercial,tool,170,9,D: 100-299,easy 0-14,yes,83,"Dark Rum; Rum; Spiced Rum; White Rum; White Tequila"
"what is white rum",Informational,tool,170,11,D: 100-299,easy 0-14,yes,68,"Dark Rum; White Rum"
"rum alcohol",Commercial,tool,170,22,D: 100-299,doable 15-29,yes,68,"Dark Rum; Rum; Spiced Rum; White Rum"
"tequila 1942 don julio",Commercial,tool,170,9,D: 100-299,easy 0-14,yes,84,"Don Julio; Gold Tequila; Jose Cuervo; Mezcal; Tequila"
"don julio tequila cost",Transactional,tool,170,7,D: 100-299,easy 0-14,yes,74,"Don Julio; Jose Cuervo"
"cost of don julio",Commercial,tool,170,10,D: 100-299,easy 0-14,yes,73,"Don Julio; Jose Cuervo"
"engry drink",Commercial,tool,170,32,D: 100-299,hard 30-49,no,74,"energy drink"
"energy drinks brands",Informational,tool,170,21,D: 100-299,doable 15-29,yes,65,"energy drink"
"sugarless energy drinks",Commercial,tool,170,23,D: 100-299,doable 15-29,yes,65,"energy drink; Zero Sugar"
"premix vodka",Commercial,tool,170,0,D: 100-299,easy 0-14,yes,88,"Gin Premix; Premix; Vodka Premix; Vodka"
"premix bourbon",Commercial,tool,170,0,D: 100-299,easy 0-14,yes,67,"Gin Premix; Premix; Vodka Premix"
"vodka premixes",Commercial,tool,170,0,D: 100-299,easy 0-14,yes,86,"Gin Premix; Premix; Vodka Premix"
"bourbon premix",Commercial,tool,170,0,D: 100-299,easy 0-14,yes,66,"Gin Premix; Premix; Vodka Premix"
"premix alcohol",Commercial,tool,170,0,D: 100-299,easy 0-14,no,70,"Gin Premix; Premix; Vodka Premix"
"it's ginger beer alcoholic",Commercial,tool,170,,D: 100-299,unknown,yes,67,"Ginger Beer"
"glenfiddich scotch whisky single malt",Commercial,tool,170,12,D: 100-299,easy 0-14,yes,70,"GlenDronach; Glenfiddich; Laphroaig"
"dan murphy glenfiddich",Transactional,tool,170,25,D: 100-299,doable 15-29,yes,68,"Glenfiddich"
"glenfiddich 1 litre",Commercial,tool,170,13,D: 100-299,easy 0-14,yes,66,"Glenfiddich; Single Malt"
"glenfiddich 1 litre price",Transactional,tool,170,15,D: 100-299,doable 15-29,yes,65,"Glenfiddich"
"glenfiddich 1l",Commercial,tool,170,13,D: 100-299,easy 0-14,yes,65,"Glenfiddich; Single Malt"
"goose vodka 1l",Commercial,tool,170,9,D: 100-299,easy 0-14,yes,77,"Glenfiddich; Gold Tequila; Grey Goose; Vodka"
"grey goose 1 liter",Commercial,tool,170,17,D: 100-299,doable 15-29,yes,77,"Glenfiddich; Gold Tequila; Grey Goose; Vodka"
"grey goose one litre",Commercial,tool,170,17,D: 100-299,doable 15-29,yes,77,"Glenfiddich; Gold Tequila; Grey Goose; Vodka"
"grey goode vodka",Transactional,tool,170,17,D: 100-299,doable 15-29,yes,65,"Glenfiddich; Grey Goose"
"tequila cost",Commercial,tool,170,10,D: 100-299,easy 0-14,yes,75,"Gold Tequila; Mezcal; Tequila; White Tequila"
"gray goose price",Transactional,tool,170,10,D: 100-299,easy 0-14,yes,76,"Grey Goose"
"gray goose bottle",Transactional,tool,170,26,D: 100-299,doable 15-29,yes,74,"Grey Goose"
"grey goose australia",Transactional,tool,170,31,D: 100-299,hard 30-49,yes,74,"Grey Goose"
"grey goose 750ml",Transactional,tool,170,15,D: 100-299,doable 15-29,yes,67,"Grey Goose"
"heineken imported",Commercial,tool,170,6,D: 100-299,easy 0-14,yes,66,"Imported Beer"
"what is a i.p.a",Informational,tool,170,,D: 100-299,unknown,no,65,"IPA; Pale Ale"
"irish whisky brands",Commercial,tool,170,18,D: 100-299,doable 15-29,yes,73,"Irish Whiskey"
"blend scotch whisky",Commercial,tool,170,17,D: 100-299,doable 15-29,yes,70,"Irish Whiskey; Rye Whiskey; Scotch Whisky"
"blended scotch whiskies",Commercial,tool,170,25,D: 100-299,doable 15-29,yes,70,"Irish Whiskey; Rye Whiskey; Scotch Whisky"
"japan whiskey",Commercial,tool,170,14,D: 100-299,easy 0-14,yes,75,"Japanese Whisky"
"whiskey japan",Commercial,tool,170,25,D: 100-299,doable 15-29,yes,73,"Japanese Whisky"
"johnnie walker australia",Navigational,tool,170,17,D: 100-299,doable 15-29,yes,80,"Johnnie Walker"
"johnnie walker scotch whiskey",Commercial,tool,170,14,D: 100-299,easy 0-14,yes,78,"Johnnie Walker"
"johnny walker whisky",Commercial,tool,170,25,D: 100-299,doable 15-29,yes,75,"Johnnie Walker"
"johnnie walker black label whiskey",Commercial,tool,170,14,D: 100-299,easy 0-14,yes,68,"Johnnie Walker"
"1 litre johnnie walker black",Commercial,tool,170,12,D: 100-299,easy 0-14,yes,66,"Johnnie Walker"
"johnnie walker double black price",Transactional,tool,170,18,D: 100-299,doable 15-29,yes,66,"Johnnie Walker"
"johnnie walker order",Informational,tool,170,20,D: 100-299,doable 15-29,yes,65,"Johnnie Walker"
"jagermeister dan murphys",Transactional,tool,170,25,D: 100-299,doable 15-29,yes,65,"Jägermeister"
"whisky islay laphroaig",Transactional,tool,170,17,D: 100-299,doable 15-29,yes,66,"Laphroaig"
"limoncello what is",Informational,tool,170,31,D: 100-299,hard 30-49,yes,68,"Limoncello"
"lemoncillo",Informational,tool,170,45,D: 100-299,hard 30-49,no,67,"Limoncello"
"macallan 15 year old",Commercial,tool,170,8,D: 100-299,easy 0-14,yes,73,"Macallan"
"what is a mezcaleria",Informational,tool,170,16,D: 100-299,doable 15-29,yes,75,"Mezcal"
"nikka days",Commercial,tool,170,10,D: 100-299,easy 0-14,yes,74,"Nikka"
"nikka miyagikyo",Commercial,tool,170,15,D: 100-299,doable 15-29,yes,67,"Nikka"
"nikki whiskey",Transactional,tool,170,27,D: 100-299,doable 15-29,yes,67,"Nikka"
"nikka coffey grain whisky",Informational,tool,170,17,D: 100-299,doable 15-29,yes,66,"Nikka"
"non-alcoholic",Informational,tool,170,,D: 100-299,unknown,yes,87,"Non Alcoholic"
"non-alcoholic drinks",Commercial,tool,170,,D: 100-299,unknown,no,76,"Non Alcoholic"
"mocktails recipes non alcoholic",Informational,tool,170,0,D: 100-299,easy 0-14,yes,75,"Non Alcoholic"
"non-alcoholic spirits",Commercial,tool,170,,D: 100-299,unknown,no,66,"Non Alcoholic"
"non alcoholic white wine",Commercial,tool,170,0,D: 100-299,easy 0-14,yes,65,"Non Alcoholic"
"orange alcohol",Informational,tool,170,22,D: 100-299,doable 15-29,no,69,"Orange Liqueur"
"what is pale ale",Informational,tool,170,0,D: 100-299,easy 0-14,no,68,"Pale Ale"
"wine.",Commercial,tool,170,47,D: 100-299,hard 30-49,no,84,"Red Wine; White Wine; Wine"
"red wines online",Commercial,tool,170,40,D: 100-299,hard 30-49,no,67,"Red Wine; Wine"
"white wine chardonnay",Commercial,tool,170,23,D: 100-299,doable 15-29,yes,70,"Red Wine; White Wine; Wine"
"a white wine",Commercial,tool,170,17,D: 100-299,doable 15-29,yes,83,"Red Wine; White Wine"
"buy red wines online",Transactional,tool,170,56,D: 100-299,very hard 50-69,no,66,"Red Wine; Wine"
"vodka alcohol",Commercial,tool,170,29,D: 100-299,doable 15-29,yes,69,"Russian Vodka; Vodka Premix; Vodka"
"highland malt scotch whisky",Commercial,tool,170,16,D: 100-299,doable 15-29,yes,66,"Scotch Whisky"
"single malt highlands",Commercial,tool,170,16,D: 100-299,doable 15-29,yes,66,"Scotch Whisky"
"scotch drink",Commercial,tool,170,25,D: 100-299,doable 15-29,yes,65,"Scotch Whisky"
"single whiskey",Commercial,tool,170,23,D: 100-299,doable 15-29,yes,66,"Single Malt"
"buy soju",Transactional,tool,170,17,D: 100-299,doable 15-29,yes,67,"Soju"
"st germains",Informational,tool,170,30,D: 100-299,hard 30-49,no,73,"St Germain"
"whysky",Commercial,tool,170,59,D: 100-299,very hard 50-69,no,65,"Whisky"
"what's a dry white wine",Informational,tool,170,9,D: 100-299,easy 0-14,yes,70,"White Wine"
"cook with sauvignon blanc",Informational,tool,170,,D: 100-299,unknown,no,69,"White Wine"
"red sauvignon wine",Commercial,tool,170,18,D: 100-299,doable 15-29,yes,69,"White Wine"
"white dry wine",Commercial,tool,170,12,D: 100-299,easy 0-14,yes,66,"White Wine"
"shop wine online",Commercial,tool,170,NaN,D: 100-299,extreme 70+,yes,67,"Wine"
"buy wine australia",Transactional,tool,170,NaN,D: 100-299,extreme 70+,yes,65,"Wine"
"online wine purchase australia",Transactional,tool,170,NaN,D: 100-299,extreme 70+,yes,65,"Wine"
"wine on sale",Transactional,tool,170,NaN,D: 100-299,extreme 70+,yes,65,"Wine"
"wines au",Commercial,tool,170,NaN,D: 100-299,extreme 70+,no,65,"Wine"
"absenthe",Informational,tool,140,28,D: 100-299,doable 15-29,no,73,"Absinthe"
"absinthe fountain",Commercial,tool,140,13,D: 100-299,easy 0-14,yes,67,"Absinthe; Calvados; Chartreuse"
"absinthe the alcohol",Informational,tool,140,40,D: 100-299,hard 30-49,yes,67,"Absinthe; Calvados; Chartreuse"
"whats absinthe",Informational,tool,140,39,D: 100-299,hard 30-49,yes,67,"Absinthe; Calvados; Chartreuse"
"cognac alcohol",Informational,tool,140,17,D: 100-299,doable 15-29,yes,78,"Absinthe; Brandy; Calvados; Cinnamon Liqueur; Cognac; Cointreau"
"disaronno liqueur",Commercial,tool,140,24,D: 100-299,doable 15-29,yes,75,"Amaro; Disaronno"
"japanese whiskey hibiki",Commercial,tool,140,14,D: 100-299,easy 0-14,yes,65,"American Whiskey; Japanese Whisky"
"the yamazaki whisky",Commercial,tool,140,10,D: 100-299,easy 0-14,yes,66,"American Whiskey; Japanese Whisky"
"hibiki whiskey japan",Commercial,tool,140,17,D: 100-299,doable 15-29,yes,66,"American Whiskey; Japanese Whisky"
"scotch whiskey scotch",Commercial,tool,140,9,D: 100-299,easy 0-14,yes,75,"American Whiskey; Cream Liqueur; Japanese Whisky; Scotch Whisky; Whisky"
"whiskey online australia",Commercial,tool,140,39,D: 100-299,hard 30-49,yes,68,"American Whiskey; Australian Whisky; Irish Whiskey; Japanese Whisky; Whisky"
"japenese whiskey",Commercial,tool,140,19,D: 100-299,doable 15-29,yes,82,"American Whiskey; Australian Whisky; Irish Whiskey; Japanese Whisky; Rye Whiskey"
"malt single",Commercial,tool,140,17,D: 100-299,doable 15-29,no,77,"American Whiskey; Australian Whisky; Bourbon; Cream Liqueur; Irish Whiskey; Japanese Whisky; Rye Whiskey; Scotch Whisky; Single Malt; Whisky"
"scotch single",Commercial,tool,140,17,D: 100-299,doable 15-29,yes,77,"American Whiskey; Australian Whisky; Bourbon; Cream Liqueur; Irish Whiskey; Japanese Whisky; Rye Whiskey; Scotch Whisky; Single Malt; Whisky"
"top single malt whisky",Commercial,tool,140,19,D: 100-299,doable 15-29,yes,77,"American Whiskey; Australian Whisky; Bourbon; Cream Liqueur; Irish Whiskey; Japanese Whisky; Rye Whiskey; Scotch Whisky; Single Malt; Whisky"
"ardbeg whiskey",Commercial,tool,140,11,D: 100-299,easy 0-14,yes,65,"American Whiskey; Laphroaig"
"irish malt whiskey",Commercial,tool,140,12,D: 100-299,easy 0-14,yes,73,"American Whiskey; Irish Whiskey; Japanese Whisky; Rye Whiskey"
"whisky japanese",Commercial,tool,140,18,D: 100-299,doable 15-29,yes,86,"American Whiskey; Australian Whisky; Japanese Whisky"
"blended scotch whiskey",Commercial,tool,140,15,D: 100-299,doable 15-29,yes,70,"American Whiskey; Cream Liqueur; Scotch Whisky"
"bourbon whiskey australia",Commercial,tool,140,9,D: 100-299,easy 0-14,yes,67,"American Whiskey; Australian Whisky; Bourbon"
"macallan 12 price",Transactional,tool,140,8,D: 100-299,easy 0-14,yes,82,"American Whiskey; Cognac; Laphroaig; Macallan; Whisky"
"macalln 12",Commercial,tool,140,9,D: 100-299,easy 0-14,no,82,"American Whiskey; Cognac; Laphroaig; Macallan; Whisky"
"talisker port ruighe",Commercial,tool,140,7,D: 100-299,easy 0-14,yes,67,"American Whiskey; Macallan; Scotch Whisky"
"talisker single malt scotch",Transactional,tool,140,13,D: 100-299,easy 0-14,yes,70,"American Whiskey; Scotch Whisky; Single Malt"
"the macallan single malt",Commercial,tool,140,18,D: 100-299,doable 15-29,yes,82,"American Whiskey; Cognac; Laphroaig; Macallan; Whisky"
"apeerol",Transactional,tool,140,24,D: 100-299,doable 15-29,no,77,"Aperol"
"dan murphy's campari",Transactional,tool,140,25,D: 100-299,doable 15-29,no,75,"Aperol; Campari; Disaronno"
"whisky online australia",Commercial,tool,140,47,D: 100-299,hard 30-49,yes,69,"Australian Whisky; Japanese Whisky; Whisky"
"malt whiskey",Commercial,tool,140,14,D: 100-299,easy 0-14,yes,70,"Australian Whisky; Rye Whiskey; Single Malt"
"whisky peak",Informational,tool,140,30,D: 100-299,hard 30-49,yes,68,"Australian Whisky; Bourbon; Irish Whiskey; Japanese Whisky; Whisky"
"malt and whisky",Informational,tool,140,13,D: 100-299,easy 0-14,yes,71,"Australian Whisky; Single Malt"
"scottish whisky",Commercial,tool,140,17,D: 100-299,doable 15-29,yes,73,"Australian Whisky; Irish Whiskey; Scotch Whisky; Whisky"
"islay whisky ardbeg",Commercial,tool,140,17,D: 100-299,doable 15-29,yes,65,"Australian Whisky; Irish Whiskey; Laphroaig; Scotch Whisky"
"whisky delivery",Commercial,tool,140,48,D: 100-299,hard 30-49,yes,65,"Australian Whisky; Irish Whiskey; Japanese Whisky; Scotch Whisky"
"soju alc content",Informational,tool,140,19,D: 100-299,doable 15-29,yes,70,"Baijiu; Soju"
"soju korean drink",Informational,tool,140,24,D: 100-299,doable 15-29,yes,66,"Baijiu; Soju"
"what is in soju",Informational,tool,140,30,D: 100-299,hard 30-49,yes,65,"Baijiu; Soju"
"bailey irish",Transactional,tool,140,25,D: 100-299,doable 15-29,no,69,"Baileys Irish Cream"
"1 litre of baileys",Commercial,tool,140,16,D: 100-299,doable 15-29,yes,67,"Baileys Irish Cream; Cream Liqueur"
"baileys irish cream dan murphy",Transactional,tool,140,24,D: 100-299,doable 15-29,yes,67,"Baileys Irish Cream"
"bailys drink",Commercial,tool,140,25,D: 100-299,doable 15-29,no,67,"Baileys Irish Cream; Cream Liqueur"
"buy baileys irish cream liqueur",Transactional,tool,140,13,D: 100-299,easy 0-14,yes,67,"Baileys Irish Cream"
"baileys irish cream chocolate",Commercial,tool,140,17,D: 100-299,doable 15-29,yes,66,"Baileys Irish Cream"
"baileys original",Commercial,tool,140,21,D: 100-299,doable 15-29,yes,65,"Baileys Irish Cream"
"glenlivet whiskey single malt",Commercial,tool,140,9,D: 100-299,easy 0-14,yes,67,"Baileys Irish Cream; GlenDronach; Glenfiddich; Grey Goose; Rye Whiskey; Single Malt"
"glenfiddich 12 700ml",Commercial,tool,140,12,D: 100-299,easy 0-14,yes,66,"Baileys Irish Cream; Glenfiddich"
"glenfiddich single malt scotch",Commercial,tool,140,18,D: 100-299,doable 15-29,yes,71,"Baileys Irish Cream; GlenDronach; Glenfiddich; Laphroaig; Single Malt"
"glenlivet single malt whisky",Transactional,tool,140,13,D: 100-299,easy 0-14,yes,67,"Baileys Irish Cream; GlenDronach; Glenfiddich; Grey Goose; Single Malt"
"what beers",Informational,tool,140,0,D: 100-299,easy 0-14,no,70,"Beer; Lager; Light Beer; Pale Ale"
"beer au",Commercial,tool,140,0,D: 100-299,easy 0-14,yes,65,"Beer; Lager; Pale Ale"
"lager beers",Commercial,tool,140,0,D: 100-299,easy 0-14,yes,67,"Beer; Lager; Light Beer; Pale Ale"
"lager beer australia",Commercial,tool,140,0,D: 100-299,easy 0-14,yes,65,"Beer; Lager"
"what is a pale beer",Informational,tool,140,0,D: 100-299,easy 0-14,yes,65,"Beer; Light Beer; Pale Ale"
"belevedere",Navigational,tool,140,30,D: 100-299,hard 30-49,no,75,"Belvedere"
"belvedre",Navigational,tool,140,34,D: 100-299,hard 30-49,no,71,"Belvedere"
"liquorland bourbon",Transactional,tool,140,19,D: 100-299,doable 15-29,yes,68,"Bourbon; Rye Whiskey"
"bourbon a whisky",Informational,tool,140,17,D: 100-299,doable 15-29,yes,65,"Bourbon; Rye Whiskey"
"minor case rye whiskey",Commercial,tool,140,9,D: 100-299,easy 0-14,yes,80,"Bourbon; Brandy; Rye Whiskey; Spiced Rum"
"bransy",Commercial,tool,140,45,D: 100-299,hard 30-49,no,72,"Brandy"
"brandy melville makeup bag",Navigational,tool,140,18,D: 100-299,doable 15-29,yes,68,"Brandy"
"brandy melville one size",Informational,tool,140,35,D: 100-299,hard 30-49,yes,68,"Brandy"
"brandy price",Commercial,tool,140,10,D: 100-299,easy 0-14,yes,68,"Brandy"
"brandy in australia",Commercial,tool,140,11,D: 100-299,easy 0-14,yes,67,"Brandy"
"brandy alcohol brands",Commercial,tool,140,15,D: 100-299,doable 15-29,yes,65,"Brandy"
"irish blend whiskey",Commercial,tool,140,14,D: 100-299,easy 0-14,yes,78,"Brandy; Irish Whiskey; Japanese Whisky; Rye Whiskey"
"irish whiskey premium",Commercial,tool,140,6,D: 100-299,easy 0-14,yes,78,"Brandy; Irish Whiskey; Japanese Whisky; Rye Whiskey"
"calvodos",Informational,tool,140,17,D: 100-299,doable 15-29,no,74,"Calvados"
"what is calvados",Informational,tool,140,23,D: 100-299,doable 15-29,yes,66,"Calvados"
"brand of cognac",Commercial,tool,140,26,D: 100-299,doable 15-29,yes,72,"Calvados; Cognac"
"jaggermeister",Transactional,tool,140,27,D: 100-299,doable 15-29,no,72,"Campari; Cognac; Grand Marnier; Jägermeister"
"brut chandon champagne",Commercial,tool,140,18,D: 100-299,doable 15-29,yes,68,"Campari; Cointreau"
"dissaronno",Commercial,tool,140,16,D: 100-299,doable 15-29,no,87,"Campari; Disaronno"
"st-germain elderflower liqueur",Informational,tool,140,14,D: 100-299,easy 0-14,yes,72,"Campari; Orange Liqueur; Sambuca; St Germain"
"contreu",Transactional,tool,140,20,D: 100-299,doable 15-29,no,74,"Chartreuse; Cointreau; Disaronno"
"contriu",Transactional,tool,140,28,D: 100-299,doable 15-29,no,72,"Chartreuse; Cointreau; Disaronno; Patron"
"the cider",Commercial,tool,140,44,D: 100-299,hard 30-49,yes,72,"Cider"
"bundaberg apple cider",Commercial,tool,140,11,D: 100-299,easy 0-14,yes,67,"Cider; Ginger Beer"
"crafty cider",Navigational,tool,140,19,D: 100-299,doable 15-29,yes,67,"Cider; Ginger Beer"
"cocktails with cinnamon whiskey",Informational,tool,140,23,D: 100-299,doable 15-29,yes,84,"Cinnamon Liqueur"
"cointreau liqueur orange",Commercial,tool,140,9,D: 100-299,easy 0-14,yes,68,"Cinnamon Liqueur; Cognac; Cointreau; Orange Liqueur"
"polish wodka",Commercial,tool,140,14,D: 100-299,easy 0-14,yes,80,"Cinnamon Liqueur; Polish Vodka"
"coffee liqueur bws",Transactional,tool,140,17,D: 100-299,doable 15-29,yes,81,"Coffee Liqueur; Orange Liqueur"
"kalúa",Informational,tool,140,31,D: 100-299,hard 30-49,no,68,"Coffee Liqueur; Kahlúa; Orange Liqueur; Tequila; Vodka"
"liqueur orange flavored",Informational,tool,140,22,D: 100-299,doable 15-29,yes,73,"Coffee Liqueur; Orange Liqueur"
"spices for spiced rum",Informational,tool,140,22,D: 100-299,doable 15-29,yes,91,"Coffee Liqueur; Dark Rum; Rum; Spiced Rum; White Rum"
"cognac martell vs",Commercial,tool,140,11,D: 100-299,easy 0-14,yes,69,"Cognac; Grand Marnier; Martell"
"chivas scotch whisky",Commercial,tool,140,14,D: 100-299,easy 0-14,yes,65,"Cognac; Jose Cuervo; Scotch Whisky; Whisky"
"cointreau alcohol",Transactional,tool,140,33,D: 100-299,hard 30-49,yes,71,"Cointreau; Soju"
"jose cuervo marg",Commercial,tool,140,11,D: 100-299,easy 0-14,yes,82,"Cointreau; Don Julio; Gold Tequila; Jose Cuervo; Tequila; White Tequila"
"whats a condiment",Informational,tool,140,50,D: 100-299,very hard 50-69,no,72,"Condiments"
"malt scotch whiskey",Commercial,tool,140,16,D: 100-299,doable 15-29,yes,69,"Cream Liqueur; Glenfiddich; Scotch Whisky"
"whisky single malt glenlivet",Commercial,tool,140,9,D: 100-299,easy 0-14,yes,67,"Cream Liqueur; GlenDronach; Glenfiddich; Grey Goose; Japanese Whisky; Macallan; Single Malt"
"white rums for mojitos",Commercial,tool,140,22,D: 100-299,doable 15-29,no,81,"Dark Rum; Rum; Spiced Rum; White Rum"
"spicy rum",Commercial,tool,140,14,D: 100-299,easy 0-14,yes,84,"Dark Rum; Rum; Spiced Rum; White Rum"
"rum in australia",Commercial,tool,140,13,D: 100-299,easy 0-14,yes,68,"Dark Rum; Rum; Spiced Rum; White Rum"
"dissarano",Commercial,tool,140,13,D: 100-299,easy 0-14,no,76,"Disaronno"
"what is disaronno",Informational,tool,140,19,D: 100-299,doable 15-29,no,67,"Disaronno"
"sambuca galliano",Commercial,tool,140,11,D: 100-299,easy 0-14,yes,67,"Disaronno; Grand Marnier; Sambuca"
"don hulio 1942",Commercial,tool,140,15,D: 100-299,doable 15-29,no,84,"Don Julio; Gold Tequila; Jose Cuervo; Mezcal; Tequila"
"donjulio 1942",Commercial,tool,140,9,D: 100-299,easy 0-14,no,78,"Don Julio; Jose Cuervo"
"don julio rosado",Commercial,tool,140,13,D: 100-299,easy 0-14,yes,71,"Don Julio; Jose Cuervo"
"don julio tequila blanco",Informational,tool,140,11,D: 100-299,easy 0-14,yes,68,"Don Julio; Jose Cuervo; Mezcal; White Tequila"
"energy drink can",Informational,tool,140,19,D: 100-299,doable 15-29,no,67,"energy drink"
"zero sugar drink",Commercial,tool,140,15,D: 100-299,doable 15-29,no,68,"energy drink; Zero Sugar"
"premixed vodka",Commercial,tool,140,0,D: 100-299,easy 0-14,yes,81,"Gin Premix; Premix; Vodka Premix; Vodka"
"vodka pre mix",Commercial,tool,140,0,D: 100-299,easy 0-14,yes,81,"Gin Premix; Premix; Vodka Premix; Vodka"
"gin in a can",Commercial,tool,140,0,D: 100-299,easy 0-14,yes,65,"Gin Premix; Gin"
"pre mixed alcoholic beverages",Commercial,tool,140,0,D: 100-299,easy 0-14,yes,66,"Gin Premix; Premix; Vodka Premix"
"cocktail vodka soda",Informational,tool,140,0,D: 100-299,easy 0-14,yes,66,"Gin Premix; Premix; Vodka Premix; Vodka"
"drink vodka soda",Informational,tool,140,0,D: 100-299,easy 0-14,yes,66,"Gin Premix; Premix; Vodka Premix; Vodka"
"drinks with vodka and club soda",Informational,tool,140,,D: 100-299,unknown,yes,66,"Gin Premix; Premix; Vodka Premix; Vodka"
"recipe for vodka soda",Informational,tool,140,,D: 100-299,unknown,yes,66,"Gin Premix; Premix; Vodka Premix; Vodka"
"recipe vodka soda",Informational,tool,140,0,D: 100-299,easy 0-14,yes,66,"Gin Premix; Premix; Vodka Premix; Vodka"
"vodka and soda recipe",Informational,tool,140,0,D: 100-299,easy 0-14,yes,66,"Gin Premix; Premix; Vodka Premix; Vodka"
"vodka soda cocktail recipe",Informational,tool,140,0,D: 100-299,easy 0-14,yes,66,"Gin Premix; Premix; Vodka Premix; Vodka"
"giner beer",Commercial,tool,140,0,D: 100-299,easy 0-14,yes,72,"Ginger Beer"
"ginger beer au",Commercial,tool,140,0,D: 100-299,easy 0-14,yes,65,"Ginger Beer"
"gins australia",Commercial,tool,140,17,D: 100-299,doable 15-29,no,70,"Gin"
"glenfiddich cost",Commercial,tool,140,10,D: 100-299,easy 0-14,yes,69,"GlenDronach; Glenfiddich"
"glenfiddich dan murphy's",Transactional,tool,140,25,D: 100-299,doable 15-29,yes,70,"GlenDronach; Glenfiddich"
"glenfiddich 1l price",Transactional,tool,140,13,D: 100-299,easy 0-14,yes,65,"Glenfiddich"
"glenfiddich gift pack",Transactional,tool,140,6,D: 100-299,easy 0-14,yes,65,"Glenfiddich"
"grey goose 1l vodka",Commercial,tool,140,,D: 100-299,unknown,yes,77,"Glenfiddich; Gold Tequila; Grey Goose; Vodka"
"tequila 1 liter",Commercial,tool,140,15,D: 100-299,doable 15-29,yes,67,"Gold Tequila; Tequila; White Tequila"
"buying vodka",Transactional,tool,140,8,D: 100-299,easy 0-14,yes,65,"Imported Beer; Polish Vodka; Vodka"
"ipa style beer",Informational,tool,140,0,D: 100-299,easy 0-14,yes,65,"IPA; Pale Ale"
"what is an i p a beer",Informational,tool,140,0,D: 100-299,easy 0-14,yes,65,"IPA; Pale Ale"
"bushmills whisky",Commercial,tool,140,13,D: 100-299,easy 0-14,yes,65,"Irish Whiskey; Laphroaig"
"japanese whiskey in japan",Transactional,tool,140,30,D: 100-299,hard 30-49,yes,67,"Japanese Whisky"
"suntory whisky hakushu",Commercial,tool,140,22,D: 100-299,doable 15-29,yes,66,"Japanese Whisky"
"johnnie walker blue label whiskey",Commercial,tool,140,17,D: 100-299,doable 15-29,yes,70,"Japanese Whisky; Johnnie Walker; Whisky"
"buy scotch",Transactional,tool,140,27,D: 100-299,doable 15-29,yes,74,"Japanese Whisky; Scotch Whisky"
"the johnnie walker",Commercial,tool,140,15,D: 100-299,doable 15-29,yes,79,"Johnnie Walker"
"johnnie walker whiskey price",Commercial,tool,140,12,D: 100-299,easy 0-14,yes,73,"Johnnie Walker"
"johnny walker whiskey",Commercial,tool,140,18,D: 100-299,doable 15-29,yes,73,"Johnnie Walker"
"blue label johnnie walker whisky",Commercial,tool,140,9,D: 100-299,easy 0-14,yes,70,"Johnnie Walker"
"johnnie walker blue label whisky",Commercial,tool,140,10,D: 100-299,easy 0-14,yes,69,"Johnnie Walker"
"johnny blue whiskey",Transactional,tool,140,29,D: 100-299,doable 15-29,yes,66,"Johnnie Walker"
"johnnie walker black label scotch price",Transactional,tool,140,14,D: 100-299,easy 0-14,yes,65,"Johnnie Walker"
"johnnie walker limited edition",Commercial,tool,140,12,D: 100-299,easy 0-14,yes,65,"Johnnie Walker"
"yeager master",Transactional,tool,140,26,D: 100-299,doable 15-29,no,65,"Jägermeister"
"laphroig 10",Commercial,tool,140,11,D: 100-299,easy 0-14,no,74,"Laphroaig"
"bowmore road",Informational,tool,140,14,D: 100-299,easy 0-14,no,66,"Laphroaig"
"bowmore whisky 15",Commercial,tool,140,8,D: 100-299,easy 0-14,yes,66,"Laphroaig"
"bowmore whisky 18",Commercial,tool,140,8,D: 100-299,easy 0-14,yes,66,"Laphroaig"
"lagavulin scotch whiskey",Commercial,tool,140,13,D: 100-299,easy 0-14,yes,65,"Laphroaig"
"islay mist",Commercial,tool,140,8,D: 100-299,easy 0-14,no,65,"Laphroaig; Scotch Whisky; Single Malt"
"light beers australia",Commercial,tool,140,0,D: 100-299,easy 0-14,no,73,"Light Beer"
"what is pale beer",Informational,tool,140,0,D: 100-299,easy 0-14,yes,66,"Light Beer; Pale Ale"
"chilled limoncello",Informational,tool,140,25,D: 100-299,doable 15-29,yes,67,"Limoncello"
"how do you make limoncello liqueur",Informational,tool,140,28,D: 100-299,doable 15-29,yes,67,"Limoncello"
"limecello",Informational,tool,140,8,D: 100-299,easy 0-14,no,67,"Limoncello"
"is limoncello alcoholic",Informational,tool,140,36,D: 100-299,hard 30-49,yes,66,"Limoncello"
"good limoncello",Commercial,tool,140,35,D: 100-299,hard 30-49,yes,65,"Limoncello"
"maccalan",Commercial,tool,140,22,D: 100-299,doable 15-29,no,81,"Macallan"
"macallan 12 year old",Commercial,tool,140,11,D: 100-299,easy 0-14,yes,75,"Macallan"
"12 year old macallan",Commercial,tool,140,9,D: 100-299,easy 0-14,yes,71,"Macallan"
"cost of macallan whiskey",Commercial,tool,140,11,D: 100-299,easy 0-14,yes,70,"Macallan"
"macallan 12 years",Commercial,tool,140,12,D: 100-299,easy 0-14,yes,70,"Macallan"
"macallan classic cut",Commercial,tool,140,10,D: 100-299,easy 0-14,yes,70,"Macallan"
"macallan whisky cost",Commercial,tool,140,12,D: 100-299,easy 0-14,yes,70,"Macallan"
"martel xo",Commercial,tool,140,9,D: 100-299,easy 0-14,no,69,"Martell"
"xo martell",Commercial,tool,140,11,D: 100-299,easy 0-14,yes,65,"Martell"
"tequila au",Commercial,tool,140,17,D: 100-299,doable 15-29,yes,75,"Mezcal; Tequila; White Tequila"
"nikka whisky barrel",Commercial,tool,140,16,D: 100-299,doable 15-29,yes,74,"Nikka"
"nikka coffey gin",Commercial,tool,140,10,D: 100-299,easy 0-14,yes,69,"Nikka"
"nikka coffey",Commercial,tool,140,18,D: 100-299,doable 15-29,yes,68,"Nikka"
"non alcohol beverages",Commercial,tool,140,0,D: 100-299,easy 0-14,no,78,"Non Alcoholic"
"drink non alcoholic",Transactional,tool,140,0,D: 100-299,easy 0-14,yes,76,"Non Alcoholic"
"non alcohol drink",Commercial,tool,140,0,D: 100-299,easy 0-14,no,75,"Non Alcoholic"
"no alcoholic beer",Commercial,tool,140,0,D: 100-299,easy 0-14,yes,69,"Non Alcoholic"
"non alcoholic australian drinks",Commercial,tool,140,0,D: 100-299,easy 0-14,yes,69,"Non Alcoholic"
"non alcoholic beverages australia",Commercial,tool,140,0,D: 100-299,easy 0-14,yes,69,"Non Alcoholic"
"french orange liqueur",Informational,tool,140,28,D: 100-299,doable 15-29,yes,65,"Orange Liqueur"
"what is patron",Informational,tool,140,52,D: 100-299,very hard 50-69,yes,71,"Patron"
"red wine for sale",Transactional,tool,140,27,D: 100-299,doable 15-29,yes,67,"Red Wine; White Wine; Wine"
"buy red wines",Transactional,tool,140,20,D: 100-299,doable 15-29,no,65,"Red Wine; Wine"
"order red wine online",Commercial,tool,140,52,D: 100-299,very hard 50-69,yes,65,"Red Wine; Wine"
"red shiraz",Informational,tool,140,20,D: 100-299,doable 15-29,no,65,"Red Wine"
"red wine gift",Commercial,tool,140,9,D: 100-299,easy 0-14,yes,65,"Red Wine"
"red wine online purchase",Transactional,tool,140,36,D: 100-299,hard 30-49,yes,68,"Red Wine; Wine"
"buying red wine",Transactional,tool,140,10,D: 100-299,easy 0-14,yes,65,"Red Wine; White Wine; Wine"
"buying red wine online",Transactional,tool,140,62,D: 100-299,very hard 50-69,yes,65,"Red Wine; Wine"
"online red wine",Commercial,tool,140,40,D: 100-299,hard 30-49,yes,66,"Red Wine; White Wine; Wine"
"red wine buy online",Commercial,tool,140,45,D: 100-299,hard 30-49,yes,65,"Red Wine; Wine"
"glass of sparkling wine",Informational,tool,140,10,D: 100-299,easy 0-14,yes,66,"Red Wine; Sparkling; White Wine; Wine"
"royal salute scotch price",Commercial,tool,140,9,D: 100-299,easy 0-14,yes,73,"Royal Salute"
"price of royal salute 21",Transactional,tool,140,9,D: 100-299,easy 0-14,yes,72,"Royal Salute"
"royal salute price",Commercial,tool,140,10,D: 100-299,easy 0-14,yes,72,"Royal Salute"
"royal salute whiskey price",Transactional,tool,140,9,D: 100-299,easy 0-14,yes,72,"Royal Salute"
"royal salute 21 year old price",Transactional,tool,140,13,D: 100-299,easy 0-14,yes,69,"Royal Salute"
"royal salute whisky cost",Commercial,tool,140,12,D: 100-299,easy 0-14,yes,69,"Royal Salute"
"royal salute cost",Commercial,tool,140,10,D: 100-299,easy 0-14,yes,66,"Royal Salute"
"vodka best in the world",Commercial,tool,140,23,D: 100-299,doable 15-29,yes,76,"Russian Vodka"
"smirnoff vodka premix",Commercial,tool,140,10,D: 100-299,easy 0-14,yes,72,"Russian Vodka; Vodka Premix"
"whiskey in the rye",Commercial,tool,140,9,D: 100-299,easy 0-14,yes,69,"Rye Whiskey"
"what is rye whiskey",Informational,tool,140,17,D: 100-299,doable 15-29,yes,68,"Rye Whiskey"
"rye whisky rye whisky",Commercial,tool,140,13,D: 100-299,easy 0-14,yes,67,"Rye Whiskey"
"sambu a",Informational,tool,140,22,D: 100-299,doable 15-29,no,78,"Sambuca"
"scotch for sale",Transactional,tool,140,12,D: 100-299,easy 0-14,yes,74,"Scotch Whisky"
"scotch or whisky",Commercial,tool,140,15,D: 100-299,doable 15-29,yes,69,"Scotch Whisky"
"highland cream scotch",Commercial,tool,140,9,D: 100-299,easy 0-14,yes,66,"Scotch Whisky"
"islay malt whisky",Informational,tool,140,13,D: 100-299,easy 0-14,yes,66,"Scotch Whisky"
"talisker single malt",Commercial,tool,140,11,D: 100-299,easy 0-14,no,66,"Scotch Whisky; Single Malt"
"single malt sale",Transactional,tool,140,14,D: 100-299,easy 0-14,no,65,"Single Malt"
"soju strawberry",Informational,tool,140,11,D: 100-299,easy 0-14,yes,65,"Soju"
"st-germain",Informational,tool,140,23,D: 100-299,doable 15-29,no,100,"St Germain"
"vodka alc",Commercial,tool,140,25,D: 100-299,doable 15-29,yes,71,"Vodka Premix; Vodka"
"bottle of vodka cost",Commercial,tool,140,10,D: 100-299,easy 0-14,yes,65,"Vodka Premix; Vodka"
"vodka australia",Commercial,tool,140,10,D: 100-299,easy 0-14,yes,69,"Vodka Premix; Vodka; White Tequila"
"vodka bottle price",Commercial,tool,140,10,D: 100-299,easy 0-14,yes,68,"Vodka Premix; Vodka"
"water australia",Informational,tool,140,71,D: 100-299,extreme 70+,no,77,"Water"
"water au",Informational,tool,140,67,D: 100-299,very hard 50-69,no,71,"Water"
"aus water",Navigational,tool,140,8,D: 100-299,easy 0-14,no,70,"Water"
"water auth",Informational,tool,140,60,D: 100-299,very hard 50-69,no,68,"Water"
"water corportion",Navigational,tool,140,47,D: 100-299,hard 30-49,no,67,"Water"
"watercopr",Navigational,tool,140,61,D: 100-299,very hard 50-69,no,67,"Water"
"sauvignon blanc cooking",Informational,tool,140,15,D: 100-299,doable 15-29,no,69,"White Wine"
"souvenir blanc wine",Commercial,tool,140,21,D: 100-299,doable 15-29,yes,69,"White Wine"
"wine savon blanc",Transactional,tool,140,12,D: 100-299,easy 0-14,yes,69,"White Wine"
"white wine dry",Commercial,tool,140,8,D: 100-299,easy 0-14,yes,67,"White Wine"
"popular white wines",Commercial,tool,140,17,D: 100-299,doable 15-29,no,66,"White Wine"
"wine order online",Commercial,tool,140,NaN,D: 100-299,extreme 70+,yes,66,"Wine"
"wines australia",Navigational,tool,140,NaN,D: 100-299,extreme 70+,no,66,"Wine"
"buying wines online",Transactional,tool,140,NaN,D: 100-299,extreme 70+,no,65,"Wine"
"purchase wine online",Transactional,tool,140,NaN,D: 100-299,extreme 70+,yes,65,"Wine"
"shop for wine online",Commercial,tool,140,NaN,D: 100-299,extreme 70+,yes,65,"Wine"
"absine",Informational,tool,110,31,D: 100-299,hard 30-49,no,67,"Absinthe; Calvados; Chartreuse"
"absinthian",Informational,tool,110,37,D: 100-299,hard 30-49,no,67,"Absinthe; Calvados; Chartreuse"
"hennessy v.s.o.p cognac",Commercial,tool,110,14,D: 100-299,easy 0-14,yes,65,"Absinthe; Cognac"
"st germain liquor",Commercial,tool,110,24,D: 100-299,doable 15-29,no,71,"Absinthe; Campari; Cointreau; Grand Marnier; Sambuca; St Germain"
"amaro italian",Informational,tool,110,29,D: 100-299,doable 15-29,yes,78,"Amaro"
"amaretto di saronno",Informational,tool,110,14,D: 100-299,easy 0-14,no,72,"Amaro; Aperol; Campari; Disaronno"
"campari recipes drinks",Informational,tool,110,34,D: 100-299,hard 30-49,no,71,"Amaro; Campari; Disaronno"
"disaronno originale amaretto liqueur",Commercial,tool,110,10,D: 100-299,easy 0-14,yes,86,"Amaro; Campari; Disaronno"
"what is disaronno amaretto",Commercial,tool,110,19,D: 100-299,doable 15-29,no,69,"Amaro; Disaronno"
"liqueur disaronno",Commercial,tool,110,22,D: 100-299,doable 15-29,yes,76,"Amaro; Campari; Disaronno"
"american whiskey brands",Commercial,tool,110,17,D: 100-299,doable 15-29,yes,70,"American Whiskey"
"bourbon american",Commercial,tool,110,16,D: 100-299,doable 15-29,yes,69,"American Whiskey; Bourbon"
"whiskey shop",Commercial,tool,110,49,D: 100-299,hard 30-49,yes,65,"American Whiskey; Australian Whisky; Irish Whiskey; Whisky"
"lafraugh whiskey",Commercial,tool,110,17,D: 100-299,doable 15-29,yes,78,"American Whiskey; Irish Whiskey; Laphroaig; Rye Whiskey"
"macallan malt whisky",Commercial,tool,110,11,D: 100-299,easy 0-14,yes,80,"American Whiskey; Australian Whisky; Cognac; Irish Whiskey; Laphroaig; Macallan; Scotch Whisky; Single Malt"
"whisky bourbon",Commercial,tool,110,20,D: 100-299,doable 15-29,yes,75,"American Whiskey; Australian Whisky; Bourbon; Irish Whiskey; Japanese Whisky; Rye Whiskey; Whisky"
"scotch whisky price",Commercial,tool,110,10,D: 100-299,easy 0-14,yes,72,"American Whiskey; Cream Liqueur; Scotch Whisky"
"10 laphroaig",Commercial,tool,110,15,D: 100-299,doable 15-29,yes,84,"American Whiskey; Irish Whiskey; Laphroaig; Macallan; Rye Whiskey; Scotch Whisky; Single Malt; Whisky"
"12 year old glenfiddich",Commercial,tool,110,13,D: 100-299,easy 0-14,yes,77,"American Whiskey; GlenDronach; Glenfiddich; Japanese Whisky; Laphroaig; Macallan; Scotch Whisky; Single Malt"
"ardbeg 10 cask strength",Commercial,tool,110,,D: 100-299,unknown,no,67,"American Whiskey; Irish Whiskey; Laphroaig"
"bourbon whiskey whisky",Commercial,tool,110,9,D: 100-299,easy 0-14,yes,70,"American Whiskey; Australian Whisky; Bourbon; Irish Whiskey; Rye Whiskey; Whisky"
"glen fiddich 12",Commercial,tool,110,11,D: 100-299,easy 0-14,no,77,"American Whiskey; GlenDronach; Glenfiddich; Japanese Whisky; Laphroaig; Macallan; Scotch Whisky; Single Malt"
"glenfiddich snow phoenix",Commercial,tool,110,6,D: 100-299,easy 0-14,yes,77,"American Whiskey; GlenDronach; Glenfiddich; Japanese Whisky; Laphroaig; Macallan; Scotch Whisky; Single Malt"
"laphroaig 10 year old single malt scotch whisky",Commercial,tool,110,16,D: 100-299,doable 15-29,yes,84,"American Whiskey; Irish Whiskey; Laphroaig; Macallan; Rye Whiskey; Scotch Whisky; Single Malt; Whisky"
"macallen whiskey",Commercial,tool,110,17,D: 100-299,doable 15-29,yes,76,"American Whiskey; Cognac; Macallan; Mezcal"
"whiskey aus",Commercial,tool,110,31,D: 100-299,hard 30-49,yes,78,"American Whiskey; Australian Whisky; Japanese Whisky; Whisky"
"jack daniels whisky",Commercial,tool,110,11,D: 100-299,easy 0-14,yes,66,"American Whiskey; Glenfiddich; Jägermeister; Rye Whiskey; Scotch Whisky"
"macallan m",Commercial,tool,110,9,D: 100-299,easy 0-14,yes,82,"American Whiskey; Cognac; Laphroaig; Macallan; Whisky"
"macellan whiskey",Commercial,tool,110,17,D: 100-299,doable 15-29,yes,82,"American Whiskey; Cognac; Laphroaig; Macallan; Whisky"
"price scotch",Commercial,tool,110,8,D: 100-299,easy 0-14,yes,67,"American Whiskey; Scotch Whisky"
"redbreast whisky",Commercial,tool,110,14,D: 100-299,easy 0-14,yes,66,"American Whiskey; Irish Whiskey; Scotch Whisky"
"the macallan scotch",Commercial,tool,110,17,D: 100-299,doable 15-29,yes,82,"American Whiskey; Cognac; Laphroaig; Macallan; Whisky"
"the macallan scotch whiskey",Commercial,tool,110,14,D: 100-299,easy 0-14,yes,82,"American Whiskey; Cognac; Laphroaig; Macallan; Whisky"
"the macallan single malt whisky",Commercial,tool,110,11,D: 100-299,easy 0-14,yes,82,"American Whiskey; Cognac; Laphroaig; Macallan; Whisky"
"whisky talisker",Commercial,tool,110,14,D: 100-299,easy 0-14,yes,69,"American Whiskey; Australian Whisky; Glenfiddich; Japanese Whisky; Scotch Whisky; Whisky"
"aparol",Informational,tool,110,37,D: 100-299,hard 30-49,no,74,"Aperol"
"aperol aperitif",Informational,tool,110,14,D: 100-299,easy 0-14,no,68,"Aperol"
"buy aperol",Transactional,tool,110,16,D: 100-299,doable 15-29,no,67,"Aperol"
"absolute alcohol",Navigational,tool,110,24,D: 100-299,doable 15-29,no,70,"Aperol; Brandy; Cointreau; Dark Rum; Disaronno; Gin Premix; Gold Tequila; Jägermeister; Orange Liqueur; Polish Vodka; Rum; Russian Vodka; Sambuca; Tequila; Vodka Premix; Vodka; White Rum; White Tequila"
"cost of campari",Commercial,tool,110,11,D: 100-299,easy 0-14,no,65,"Aperol; Campari; Disaronno"
"campari price",Commercial,tool,110,9,D: 100-299,easy 0-14,no,67,"Aperol; Campari; Disaronno; Sambuca"
"buy cointreau liqueur",Transactional,tool,110,12,D: 100-299,easy 0-14,yes,73,"Aperol; Cinnamon Liqueur; Cognac; Cointreau; Grand Marnier; Orange Liqueur"
"australian whiskies",Transactional,tool,110,24,D: 100-299,doable 15-29,yes,86,"Australian Whisky; Single Malt"
"australian whisky brands",Commercial,tool,110,14,D: 100-299,easy 0-14,yes,80,"Australian Whisky; Japanese Whisky"
"australian scotch",Transactional,tool,110,23,D: 100-299,doable 15-29,yes,79,"Australian Whisky"
"good scotch australia",Commercial,tool,110,11,D: 100-299,easy 0-14,yes,70,"Australian Whisky; Scotch Whisky; Single Malt"
"whisky gift pack australia",Commercial,tool,110,6,D: 100-299,easy 0-14,yes,69,"Australian Whisky"
"best australian single malt whiskey",Commercial,tool,110,16,D: 100-299,doable 15-29,yes,68,"Australian Whisky"
"australian rye whiskey",Commercial,tool,110,8,D: 100-299,easy 0-14,yes,65,"Australian Whisky; Irish Whiskey; Rye Whiskey"
"deal whisky",Commercial,tool,110,17,D: 100-299,doable 15-29,yes,67,"Australian Whisky; Single Malt; Whisky"
"japanese whisky australia",Commercial,tool,110,10,D: 100-299,easy 0-14,yes,73,"Australian Whisky; Japanese Whisky"
"single malt whiskies",Commercial,tool,110,21,D: 100-299,doable 15-29,no,70,"Australian Whisky; Single Malt"
"premium spirit",Commercial,tool,110,12,D: 100-299,easy 0-14,no,68,"Australian Whisky; Bourbon; Irish Whiskey; Japanese Whisky; Whisky"
"buy single malt whisky",Transactional,tool,110,21,D: 100-299,doable 15-29,yes,73,"Australian Whisky; Japanese Whisky; Scotch Whisky; Single Malt; Whisky"
"bourbon in australia",Commercial,tool,110,10,D: 100-299,easy 0-14,yes,72,"Australian Whisky; Bourbon"
"macallan scotch whisky",Commercial,tool,110,10,D: 100-299,easy 0-14,yes,77,"Australian Whisky; Macallan; Scotch Whisky; Single Malt; Whisky"
"bourbons australia",Commercial,tool,110,13,D: 100-299,easy 0-14,no,69,"Australian Whisky; Bourbon"
"whisky glenfiddich",Commercial,tool,110,20,D: 100-299,doable 15-29,yes,79,"Australian Whisky; Baileys Irish Cream; GlenDronach; Glenfiddich; Irish Whiskey; Japanese Whisky; Laphroaig; Scotch Whisky; Single Malt; Whisky"
"glenmorangie malt scotch whisky",Commercial,tool,110,21,D: 100-299,doable 15-29,yes,68,"Australian Whisky; GlenDronach; Glenfiddich; Irish Whiskey; Japanese Whisky; Scotch Whisky; Single Malt; Whisky"
"glenmorangie single malt scotch whisky",Commercial,tool,110,7,D: 100-299,easy 0-14,yes,67,"Australian Whisky; Baileys Irish Cream; GlenDronach; Glenfiddich; Japanese Whisky; Scotch Whisky; Single Malt"
"glen livet 12",Commercial,tool,110,15,D: 100-299,doable 15-29,no,65,"Australian Whisky; Baileys Irish Cream; GlenDronach; Glenfiddich; Grand Marnier; Grey Goose; Johnnie Walker; Single Malt"
"glenlivet triple cask matured",Commercial,tool,110,9,D: 100-299,easy 0-14,no,65,"Australian Whisky; Baileys Irish Cream; GlenDronach; Glenfiddich; Grand Marnier; Grey Goose; Johnnie Walker; Single Malt"
"baijou",Commercial,tool,110,28,D: 100-299,doable 15-29,no,75,"Baijiu"
"wines from china",Commercial,tool,110,15,D: 100-299,doable 15-29,no,71,"Baijiu; Soju"
"what is baijiu",Informational,tool,110,32,D: 100-299,hard 30-49,yes,68,"Baijiu"
"korean alcoholic drink soju",Commercial,tool,110,39,D: 100-299,hard 30-49,yes,67,"Baijiu; Soju"
"soju drink buy",Transactional,tool,110,30,D: 100-299,hard 30-49,yes,70,"Baijiu; Soju"
"irish cream baileys",Commercial,tool,110,14,D: 100-299,easy 0-14,yes,77,"Baileys Irish Cream; Cream Liqueur"
"baileys the original irish cream",Commercial,tool,110,21,D: 100-299,doable 15-29,yes,74,"Baileys Irish Cream"
"baileys cream whiskey",Commercial,tool,110,17,D: 100-299,doable 15-29,yes,69,"Baileys Irish Cream; Cream Liqueur"
"1 l of baileys",Commercial,tool,110,15,D: 100-299,doable 15-29,yes,67,"Baileys Irish Cream; Cream Liqueur"
"baileys irish cream and",Informational,tool,110,17,D: 100-299,doable 15-29,yes,67,"Baileys Irish Cream"
"baileys whisky cream",Informational,tool,110,14,D: 100-299,easy 0-14,yes,67,"Baileys Irish Cream; Cream Liqueur"
"irländsk gräddlikör",Informational,tool,110,12,D: 100-299,easy 0-14,no,67,"Baileys Irish Cream; Cream Liqueur"
"baileys.",Commercial,tool,110,21,D: 100-299,doable 15-29,yes,66,"Baileys Irish Cream"
"irish baileys",Transactional,tool,110,17,D: 100-299,doable 15-29,yes,66,"Baileys Irish Cream"
"baileys irish cream liqueur 700ml",Commercial,tool,110,6,D: 100-299,easy 0-14,yes,65,"Baileys Irish Cream"
"glenmorangie single malt scotch",Commercial,tool,110,9,D: 100-299,easy 0-14,yes,67,"Baileys Irish Cream; GlenDronach; Glenfiddich; Laphroaig; Macallan; Single Malt"
"glenlivet whisky",Commercial,tool,110,22,D: 100-299,doable 15-29,yes,68,"Baileys Irish Cream; GlenDronach; Glenfiddich; Grey Goose; Laphroaig; Scotch Whisky; Single Malt"
"glenmorangie malt scotch",Commercial,tool,110,11,D: 100-299,easy 0-14,yes,68,"Baileys Irish Cream; GlenDronach; Glenfiddich; Irish Whiskey; Scotch Whisky; Single Malt"
"belvedere near me",Transactional,tool,110,37,D: 100-299,hard 30-49,yes,72,"Belvedere"
"bottle of bourbon",Commercial,tool,110,15,D: 100-299,doable 15-29,yes,69,"Bourbon"
"bourbon whiskey for sale",Transactional,tool,110,7,D: 100-299,easy 0-14,yes,68,"Bourbon"
"bourbon whiskey kentucky",Commercial,tool,110,12,D: 100-299,easy 0-14,yes,65,"Bourbon; Rye Whiskey"
"whiskey bourbon brands",Commercial,tool,110,28,D: 100-299,doable 15-29,yes,65,"Bourbon; Rye Whiskey"
"whiskey is bourbon",Informational,tool,110,12,D: 100-299,easy 0-14,yes,65,"Bourbon; Rye Whiskey"
"brnady",Commercial,tool,110,69,D: 100-299,very hard 50-69,no,71,"Brandy"
"brandy melville apparel",Navigational,tool,110,65,D: 100-299,very hard 50-69,yes,68,"Brandy"
"georgetown brandy melville",Commercial,tool,110,25,D: 100-299,doable 15-29,yes,68,"Brandy"
"is brandy melville one size",Informational,tool,110,22,D: 100-299,doable 15-29,yes,68,"Brandy"
"brandy cost",Commercial,tool,110,10,D: 100-299,easy 0-14,yes,67,"Brandy"
"brandy alcohol price",Commercial,tool,110,10,D: 100-299,easy 0-14,yes,65,"Brandy"
"vodka prices",Transactional,tool,110,8,D: 100-299,easy 0-14,yes,65,"Brandy; Vodka Premix; Vodka"
"henessy cognac",Transactional,tool,110,11,D: 100-299,easy 0-14,yes,70,"Brandy; Cognac; Cointreau; Grand Marnier"
"bottle of vodka price",Commercial,tool,110,9,D: 100-299,easy 0-14,yes,65,"Brandy; Gin Premix; Russian Vodka; Vodka Premix; Vodka"
"cognac hennessy",Commercial,tool,110,11,D: 100-299,easy 0-14,yes,71,"Brandy; Cognac; Cointreau; Grand Marnier; Orange Liqueur"
"what is a jagermeister bomb",Informational,tool,110,42,D: 100-299,hard 30-49,yes,66,"Brandy; Jägermeister"
"cognac cost",Commercial,tool,110,10,D: 100-299,easy 0-14,yes,74,"Calvados; Cinnamon Liqueur; Cognac; Cointreau"
"soda campari",Informational,tool,110,16,D: 100-299,doable 15-29,no,65,"Campari"
"jagermesiter",Transactional,tool,110,16,D: 100-299,doable 15-29,no,66,"Campari; Grand Marnier; Jägermeister"
"grandmarnier",Transactional,tool,110,14,D: 100-299,easy 0-14,yes,80,"Campari; Chartreuse; Grand Marnier; St Germain"
"jagermaster",Transactional,tool,110,20,D: 100-299,doable 15-29,no,69,"Campari; Jägermeister"
"what is chartreuse",Informational,tool,110,32,D: 100-299,hard 30-49,yes,72,"Chartreuse"
"charteruse",Informational,tool,110,20,D: 100-299,doable 15-29,no,68,"Chartreuse"
"what is grand marnier",Informational,tool,110,34,D: 100-299,hard 30-49,yes,75,"Chartreuse; Grand Marnier; St Germain"
"champagne chardonnay",Informational,tool,110,8,D: 100-299,easy 0-14,yes,67,"Chartreuse; White Wine; Wine"
"chardonnay champagne",Commercial,tool,110,7,D: 100-299,easy 0-14,yes,67,"Chartreuse; White Wine; Wine"
"what is a grand marnier",Informational,tool,110,17,D: 100-299,doable 15-29,yes,71,"Chartreuse; Grand Marnier; Orange Liqueur; St Germain"
"cognac martell",Commercial,tool,110,14,D: 100-299,easy 0-14,yes,73,"Chartreuse; Cognac; Grand Marnier; Martell"
"crafted cider",Commercial,tool,110,9,D: 100-299,easy 0-14,yes,67,"Cider; Ginger Beer"
"wood nut in cider",Informational,tool,110,24,D: 100-299,doable 15-29,yes,67,"Cider; Ginger Beer"
"cinnamon liqueur",Transactional,tool,110,10,D: 100-299,easy 0-14,yes,100,"Cinnamon Liqueur"
"cognac drinks price",Commercial,tool,110,8,D: 100-299,easy 0-14,yes,68,"Cinnamon Liqueur; Cognac; Cointreau; White Tequila"
"spice rum",Informational,tool,110,17,D: 100-299,doable 15-29,yes,84,"Cinnamon Liqueur; Dark Rum; Rum; Spiced Rum; White Rum"
"coffee liqueurs",Commercial,tool,110,11,D: 100-299,easy 0-14,yes,77,"Coffee Liqueur; Cream Liqueur"
"coffee liqueur kahlua",Commercial,tool,110,,D: 100-299,unknown,yes,68,"Coffee Liqueur; Kahlúa; Orange Liqueur; Tequila; Vodka"
"kalua the drink",Informational,tool,110,35,D: 100-299,hard 30-49,no,68,"Coffee Liqueur; Kahlúa; Orange Liqueur; Tequila; Vodka"
"kahlua coffee",Informational,tool,110,26,D: 100-299,doable 15-29,yes,66,"Coffee Liqueur; Kahlúa"
"cognac fine champagne remy martin",Navigational,tool,110,22,D: 100-299,doable 15-29,yes,69,"Cognac; Cointreau; Martell"
"remy martin cognac fine champagne vsop",Informational,tool,110,14,D: 100-299,easy 0-14,yes,69,"Cognac; Cointreau; Martell"
"xo hennessy cognac",Commercial,tool,110,9,D: 100-299,easy 0-14,yes,65,"Cognac"
"john cuervo tequila",Commercial,tool,110,13,D: 100-299,easy 0-14,yes,68,"Cognac; Don Julio; Gold Tequila; Jose Cuervo; Tequila; White Tequila"
"cointraeu",Transactional,tool,110,23,D: 100-299,doable 15-29,no,74,"Cointreau"
"contreui",Transactional,tool,110,21,D: 100-299,doable 15-29,no,74,"Cointreau"
"cointrau",Transactional,tool,110,28,D: 100-299,doable 15-29,no,68,"Cointreau"
"condoments",Informational,tool,110,43,D: 100-299,hard 30-49,no,66,"Condiments"
"mojito white rum",Informational,tool,110,31,D: 100-299,hard 30-49,yes,81,"Dark Rum; Rum; Spiced Rum; White Rum"
"whats white rum",Informational,tool,110,9,D: 100-299,easy 0-14,yes,81,"Dark Rum; Rum; Spiced Rum; White Rum"
"dark rum australia",Commercial,tool,110,8,D: 100-299,easy 0-14,yes,74,"Dark Rum; Rum; Spiced Rum; White Rum"
"rum au",Commercial,tool,110,11,D: 100-299,easy 0-14,yes,78,"Dark Rum; Rum; Spiced Rum; White Rum"
"rum price",Commercial,tool,110,11,D: 100-299,easy 0-14,yes,71,"Dark Rum; Rum; Spiced Rum; White Rum"
"diasronno",Commercial,tool,110,21,D: 100-299,doable 15-29,no,79,"Disaronno"
"disarrona",Commercial,tool,110,21,D: 100-299,doable 15-29,no,78,"Disaronno"
"dissorano",Commercial,tool,110,12,D: 100-299,easy 0-14,no,78,"Disaronno"
"di saronno",Informational,tool,110,26,D: 100-299,doable 15-29,no,77,"Disaronno"
"disoranno",Commercial,tool,110,11,D: 100-299,easy 0-14,no,75,"Disaronno"
"what is in disaronno",Informational,tool,110,17,D: 100-299,doable 15-29,no,73,"Disaronno"
"disaronno price",Transactional,tool,110,20,D: 100-299,doable 15-29,no,66,"Disaronno"
"don julio 1942 tequila price",Transactional,tool,110,9,D: 100-299,easy 0-14,yes,73,"Don Julio; Jose Cuervo"
"1942 don julio cost",Commercial,tool,110,12,D: 100-299,easy 0-14,yes,71,"Don Julio; Jose Cuervo"
"don julio anejo tequila",Commercial,tool,110,12,D: 100-299,easy 0-14,yes,70,"Don Julio; Jose Cuervo; Tequila"
"don julio 1942 tequila cost",Commercial,tool,110,7,D: 100-299,easy 0-14,yes,68,"Don Julio; Jose Cuervo"
"josé cuervo",Commercial,tool,110,14,D: 100-299,easy 0-14,yes,79,"Don Julio; Jose Cuervo"
"jose cuervo gold",Informational,tool,110,13,D: 100-299,easy 0-14,yes,68,"Don Julio; Gold Tequila; Jose Cuervo"
"power drink",Commercial,tool,110,22,D: 100-299,doable 15-29,no,76,"energy drink"
"enery drinks",Commercial,tool,110,26,D: 100-299,doable 15-29,no,68,"energy drink"
"energy drink cans",Commercial,tool,110,7,D: 100-299,easy 0-14,no,65,"energy drink"
"energy drinks in australia",Informational,tool,110,19,D: 100-299,doable 15-29,yes,65,"energy drink"
"energy drinks in cans",Informational,tool,110,16,D: 100-299,doable 15-29,yes,65,"energy drink"
"whiskey premix",Commercial,tool,110,0,D: 100-299,easy 0-14,yes,70,"Gin Premix; Premix; Vodka Premix"
"vodka and soda premix",Commercial,tool,110,0,D: 100-299,easy 0-14,yes,75,"Gin Premix; Premix; Vodka Premix"
"premixed vodka soda",Commercial,tool,110,0,D: 100-299,easy 0-14,yes,71,"Gin Premix; Premix; Vodka Premix"
"ready to drink coctail",Commercial,tool,110,0,D: 100-299,easy 0-14,no,69,"Gin Premix; Premix; Soju; Vodka Premix; Vodka"
"vodak soda",Informational,tool,110,,D: 100-299,unknown,no,66,"Gin Premix; Premix; Vodka Premix; Vodka"
"vodaka soda",Informational,tool,110,0,D: 100-299,easy 0-14,no,66,"Gin Premix; Premix; Vodka Premix; Vodka"
"vodka soda drink recipes",Informational,tool,110,0,D: 100-299,easy 0-14,yes,66,"Gin Premix; Premix; Vodka Premix; Vodka"
"is root beer the same as ginger beer",Informational,tool,110,0,D: 100-299,easy 0-14,yes,67,"Ginger Beer"
"gin au",Commercial,tool,110,21,D: 100-299,doable 15-29,yes,68,"Gin"
"glenmorange whisky",Transactional,tool,110,16,D: 100-299,doable 15-29,yes,66,"GlenDronach; Glenfiddich; Laphroaig; Orange Liqueur; Scotch Whisky; Whisky"
"glenfiddich whisky price",Commercial,tool,110,18,D: 100-299,doable 15-29,yes,68,"GlenDronach; Glenfiddich"
"glenlivet scotch whiskey",Commercial,tool,110,13,D: 100-299,easy 0-14,yes,65,"GlenDronach; Glenfiddich; Grey Goose; Irish Whiskey"
"glenfiddich single malt scotch whisky price",Transactional,tool,110,11,D: 100-299,easy 0-14,yes,65,"GlenDronach; Glenfiddich; Single Malt"
"12 year glenfiddich",Informational,tool,110,12,D: 100-299,easy 0-14,yes,69,"Glenfiddich"
"glenfiddich gran reserva",Commercial,tool,110,9,D: 100-299,easy 0-14,yes,67,"Glenfiddich"
"cost of glenfiddich 12",Commercial,tool,110,12,D: 100-299,easy 0-14,yes,65,"Glenfiddich"
"dan murphy glenfiddich 12",Transactional,tool,110,24,D: 100-299,doable 15-29,yes,65,"Glenfiddich"
"vodka grey goose price",Transactional,tool,110,11,D: 100-299,easy 0-14,yes,77,"Glenfiddich; Gold Tequila; Grey Goose; Vodka"
"lagavulin whisky",Informational,tool,110,23,D: 100-299,doable 15-29,yes,70,"Glenfiddich; Laphroaig"
"tequila gold",Commercial,tool,110,8,D: 100-299,easy 0-14,yes,80,"Gold Tequila; Tequila; White Tequila"
"sierra teqila",Commercial,tool,110,8,D: 100-299,easy 0-14,no,66,"Gold Tequila; Tequila; White Tequila"
"jagermaester",Transactional,tool,110,27,D: 100-299,doable 15-29,no,72,"Grand Marnier; Jägermeister"
"grey goose 1 ltr price",Transactional,tool,110,14,D: 100-299,easy 0-14,yes,67,"Grey Goose"
"ipa aus",Navigational,tool,110,0,D: 100-299,easy 0-14,no,66,"IPA"
"beer india pale ale",Commercial,tool,110,0,D: 100-299,easy 0-14,yes,65,"IPA; Pale Ale"
"ipas beer",Informational,tool,110,0,D: 100-299,easy 0-14,yes,65,"IPA; Pale Ale"
"single malt irish whiskey",Commercial,tool,110,12,D: 100-299,easy 0-14,yes,66,"Irish Whiskey; Rye Whiskey; Single Malt"
"blended malt scotch whiskey",Commercial,tool,110,21,D: 100-299,doable 15-29,yes,70,"Irish Whiskey; Rye Whiskey; Scotch Whisky"
"scotch mist",Informational,tool,110,27,D: 100-299,doable 15-29,yes,75,"Irish Whiskey; Japanese Whisky; Scotch Whisky"
"japanese whisky brands",Commercial,tool,110,21,D: 100-299,doable 15-29,yes,75,"Japanese Whisky"
"japanese whiskey nikka",Transactional,tool,110,24,D: 100-299,doable 15-29,yes,72,"Japanese Whisky; Nikka"
"nikka japanese whiskey",Commercial,tool,110,16,D: 100-299,doable 15-29,yes,70,"Japanese Whisky; Nikka"
"johnnie walker's",Commercial,tool,110,18,D: 100-299,doable 15-29,yes,72,"Johnnie Walker"
"blue label age",Informational,tool,110,14,D: 100-299,easy 0-14,no,70,"Johnnie Walker"
"johnnie wlaker blue",Informational,tool,110,13,D: 100-299,easy 0-14,yes,70,"Johnnie Walker"
"johnie walker black",Commercial,tool,110,28,D: 100-299,doable 15-29,no,66,"Johnnie Walker"
"jonnie walker black label",Navigational,tool,110,14,D: 100-299,easy 0-14,no,66,"Johnnie Walker"
"jaeger meister",Transactional,tool,110,22,D: 100-299,doable 15-29,no,68,"Jägermeister"
"islay laphroaig scotch whisky",Transactional,tool,110,16,D: 100-299,doable 15-29,yes,69,"Laphroaig"
"laphroaig four oak",Commercial,tool,110,8,D: 100-299,easy 0-14,yes,68,"Laphroaig"
"laphroaig dan murphy",Transactional,tool,110,25,D: 100-299,doable 15-29,yes,66,"Laphroaig"
"islay single malt whiskey",Informational,tool,110,11,D: 100-299,easy 0-14,yes,65,"Laphroaig; Scotch Whisky; Single Malt"
"single islay malt scotch whisky",Commercial,tool,110,9,D: 100-299,easy 0-14,yes,65,"Laphroaig; Scotch Whisky; Single Malt"
"south island single malt",Commercial,tool,110,9,D: 100-299,easy 0-14,no,65,"Laphroaig; Scotch Whisky; Single Malt"
"whisky single malt macallan",Commercial,tool,110,9,D: 100-299,easy 0-14,yes,78,"Laphroaig; Macallan; Single Malt"
"how to make a limoncello drink",Informational,tool,110,36,D: 100-299,hard 30-49,yes,67,"Limoncello"
"how to prepare limoncello",Informational,tool,110,27,D: 100-299,doable 15-29,yes,67,"Limoncello"
"italian lemon liqueur",Informational,tool,110,31,D: 100-299,hard 30-49,yes,67,"Limoncello"
"italian lemon liquor",Informational,tool,110,26,D: 100-299,doable 15-29,no,67,"Limoncello"
"lemencello",Informational,tool,110,36,D: 100-299,hard 30-49,no,67,"Limoncello"
"is limoncello an alcoholic drink",Informational,tool,110,50,D: 100-299,very hard 50-69,yes,66,"Limoncello"
"limon cello",Informational,tool,110,49,D: 100-299,hard 30-49,no,66,"Limoncello"
"recipe for limoncello",Informational,tool,110,27,D: 100-299,doable 15-29,yes,65,"Limoncello"
"macllan",Informational,tool,110,17,D: 100-299,doable 15-29,no,81,"Macallan"
"classic cut macallan",Commercial,tool,110,8,D: 100-299,easy 0-14,yes,66,"Macallan"
"tequila affordable",Commercial,tool,110,19,D: 100-299,doable 15-29,yes,73,"Mezcal; Tequila; White Tequila"
"nikka on the barrel",Commercial,tool,110,15,D: 100-299,doable 15-29,yes,74,"Nikka"
"whisky nikka coffey",Commercial,tool,110,16,D: 100-299,doable 15-29,yes,67,"Nikka"
"non alc drinks",Informational,tool,110,0,D: 100-299,easy 0-14,no,80,"Non Alcoholic"
"beverages non alcoholic recipes",Informational,tool,110,0,D: 100-299,easy 0-14,yes,75,"Non Alcoholic"
"australian drinks non alcoholic",Commercial,tool,110,0,D: 100-299,easy 0-14,yes,71,"Non Alcoholic"
"orange liquors",Informational,tool,110,34,D: 100-299,hard 30-49,no,79,"Orange Liqueur"
"what is st germain liqueur",Informational,tool,110,22,D: 100-299,doable 15-29,yes,66,"Orange Liqueur; St Germain"
"polish vodka australia",Commercial,tool,110,5,D: 100-299,easy 0-14,yes,75,"Polish Vodka"
"polish cherry vodka",Commercial,tool,110,18,D: 100-299,doable 15-29,yes,65,"Polish Vodka"
"bottle of red wine",Commercial,tool,110,10,D: 100-299,easy 0-14,yes,71,"Red Wine; White Wine; Wine"
"bottle red wine",Commercial,tool,110,9,D: 100-299,easy 0-14,yes,68,"Red Wine; White Wine; Wine"
"red wine box",Commercial,tool,110,6,D: 100-299,easy 0-14,yes,65,"Red Wine"
"red wine cabernet sauvignon",Commercial,tool,110,17,D: 100-299,doable 15-29,yes,65,"Red Wine"
"red wine cost",Commercial,tool,110,10,D: 100-299,easy 0-14,yes,65,"Red Wine"
"red wine premium",Commercial,tool,110,8,D: 100-299,easy 0-14,yes,65,"Red Wine"
"wine buying",Transactional,tool,110,72,D: 100-299,extreme 70+,yes,69,"Red Wine; Wine"
"sharaz wine",Informational,tool,110,24,D: 100-299,doable 15-29,yes,66,"Red Wine; Wine"
"acheter du vin",Commercial,tool,110,61,D: 100-299,very hard 50-69,no,65,"Red Wine; Wine"
"royal salute whisky",Informational,tool,110,12,D: 100-299,easy 0-14,yes,80,"Royal Salute"
"royal salute rate",Commercial,tool,110,10,D: 100-299,easy 0-14,yes,77,"Royal Salute"
"royal salute dan murphy",Transactional,tool,110,15,D: 100-299,doable 15-29,yes,72,"Royal Salute"
"chivas royal salute",Commercial,tool,110,8,D: 100-299,easy 0-14,yes,69,"Royal Salute"
"royal salute whisky price",Transactional,tool,110,8,D: 100-299,easy 0-14,yes,68,"Royal Salute"
"whiskey royal salute price",Commercial,tool,110,8,D: 100-299,easy 0-14,yes,68,"Royal Salute"
"russian vodka brands",Commercial,tool,110,12,D: 100-299,easy 0-14,yes,66,"Russian Vodka"
"russian standard vodka australia",Commercial,tool,110,6,D: 100-299,easy 0-14,yes,65,"Russian Vodka"
"bottle vodka",Commercial,tool,110,14,D: 100-299,easy 0-14,yes,69,"Russian Vodka; Soju; Vodka Premix; Vodka"
"vodkas",Commercial,tool,110,36,D: 100-299,hard 30-49,no,70,"Russian Vodka; Vodka"
"rye liquor brands",Commercial,tool,110,21,D: 100-299,doable 15-29,no,72,"Rye Whiskey"
"what is in rye whiskey",Informational,tool,110,16,D: 100-299,doable 15-29,yes,70,"Rye Whiskey"
"glenlivet 18 years price in usa",Transactional,tool,110,17,D: 100-299,doable 15-29,no,68,"Scotch Whisky"
"loch lomond 18 year old",Commercial,tool,110,8,D: 100-299,easy 0-14,yes,68,"Scotch Whisky"
"scotch whiskey bottles",Commercial,tool,110,9,D: 100-299,easy 0-14,yes,68,"Scotch Whisky; Whisky"
"scotch cost",Commercial,tool,110,10,D: 100-299,easy 0-14,yes,67,"Scotch Whisky"
"highland malt whisky",Commercial,tool,110,15,D: 100-299,doable 15-29,yes,66,"Scotch Whisky"
"highland single malt whisky",Commercial,tool,110,16,D: 100-299,doable 15-29,yes,66,"Scotch Whisky"
"highland whisky single malt",Commercial,tool,110,10,D: 100-299,easy 0-14,yes,66,"Scotch Whisky"
"scotch whisky best",Commercial,tool,110,9,D: 100-299,easy 0-14,yes,66,"Scotch Whisky; Whisky"
"whisky single malt highland",Commercial,tool,110,6,D: 100-299,easy 0-14,yes,66,"Scotch Whisky"
"scotch alcohol price",Commercial,tool,110,12,D: 100-299,easy 0-14,yes,65,"Scotch Whisky"
"talisker single malt whisky",Transactional,tool,110,11,D: 100-299,easy 0-14,yes,65,"Scotch Whisky; Single Malt"
"so ju",Informational,tool,110,41,D: 100-299,hard 30-49,no,72,"Soju"
"sojo drink",Informational,tool,110,12,D: 100-299,easy 0-14,no,70,"Soju"
"flavour soju",Commercial,tool,110,21,D: 100-299,doable 15-29,yes,68,"Soju"
"soju pack",Commercial,tool,110,12,D: 100-299,easy 0-14,yes,66,"Soju"
"white sparkling wine",Informational,tool,110,9,D: 100-299,easy 0-14,yes,69,"Sparkling; White Wine"
"what is st germain",Informational,tool,110,28,D: 100-299,doable 15-29,no,71,"St Germain"
"elderflower st germain",Informational,tool,110,14,D: 100-299,easy 0-14,no,69,"St Germain"
"what is st germain alcohol",Informational,tool,110,24,D: 100-299,doable 15-29,no,69,"St Germain"
"what is saint germain alcohol",Informational,tool,110,28,D: 100-299,doable 15-29,yes,66,"St Germain"
"teqila",Commercial,tool,110,15,D: 100-299,doable 15-29,no,81,"Tequila; White Tequila"
"bottle of tequila",Commercial,tool,110,7,D: 100-299,easy 0-14,yes,71,"Tequila; White Tequila"
"vokda",Commercial,tool,110,30,D: 100-299,hard 30-49,no,65,"Vodka"
"waterr",Informational,tool,110,73,D: 100-299,extreme 70+,no,83,"Water"
"watrr",Informational,tool,110,13,D: 100-299,easy 0-14,no,71,"Water"
"sauvignon blanc wine for cooking",Commercial,tool,110,8,D: 100-299,easy 0-14,yes,69,"White Wine"
"good wine white",Commercial,tool,110,10,D: 100-299,easy 0-14,yes,66,"White Wine"
"wine australia online",Commercial,tool,110,67,D: 100-299,very hard 50-69,yes,66,"White Wine"
"light white wine",Informational,tool,110,9,D: 100-299,easy 0-14,yes,65,"White Wine"
"shop wine",Commercial,tool,110,NaN,D: 100-299,extreme 70+,yes,67,"Wine"
"wine buying online",Transactional,tool,110,NaN,D: 100-299,extreme 70+,yes,67,"Wine"
"wines online australia",Commercial,tool,110,NaN,D: 100-299,extreme 70+,no,66,"Wine"
"online order wine",Commercial,tool,110,NaN,D: 100-299,extreme 70+,yes,65,"Wine"
"wine sales au",Transactional,tool,110,NaN,D: 100-299,extreme 70+,yes,65,"Wine"
"no sugar no sugar",Informational,tool,110,0,D: 100-299,easy 0-14,no,65,"Zero Sugar"
"absinte",Transactional,tool,90,25,E: 50-99,doable 15-29,no,82,"Absinthe"
"absinthe in australia",Commercial,tool,90,15,E: 50-99,doable 15-29,yes,69,"Absinthe; Cinnamon Liqueur; Polish Vodka"
"absinthe la",Commercial,tool,90,6,E: 50-99,easy 0-14,yes,67,"Absinthe; Calvados; Chartreuse"
"green fairy absinthe drink",Informational,tool,90,13,E: 50-99,easy 0-14,yes,67,"Absinthe; Calvados; Chartreuse"
"red absinthe",Informational,tool,90,9,E: 50-99,easy 0-14,yes,67,"Absinthe; Calvados; Chartreuse"
"what is cognacs",Informational,tool,90,18,E: 50-99,doable 15-29,no,78,"Absinthe; Brandy; Calvados; Campari; Cinnamon Liqueur; Cognac; Cointreau; Cream Liqueur; Grand Marnier; Orange Liqueur"
"italian bitter liqueur",Commercial,tool,90,18,E: 50-99,doable 15-29,yes,78,"Amaro"
"rucolino amaro",Commercial,tool,90,7,E: 50-99,easy 0-14,yes,78,"Amaro"
"cocktails using campari",Commercial,tool,90,34,E: 50-99,hard 30-49,no,71,"Amaro; Campari; Disaronno"
"is disaronno amaretto",Informational,tool,90,14,E: 50-99,easy 0-14,no,71,"Amaro; Campari; Disaronno"
"price for disaronno",Transactional,tool,90,12,E: 50-99,easy 0-14,no,86,"Amaro; Campari; Disaronno"
"american kentucky whiskey",Informational,tool,90,8,E: 50-99,easy 0-14,yes,78,"American Whiskey; Rye Whiskey"
"american whiskey vs bourbon",Commercial,tool,90,20,E: 50-99,doable 15-29,yes,78,"American Whiskey; Bourbon; Rye Whiskey; Scotch Whisky; Whisky"
"american bourbons",Informational,tool,90,10,E: 50-99,easy 0-14,no,74,"American Whiskey; Bourbon; Rye Whiskey"
"american whiskey and bourbon",Commercial,tool,90,12,E: 50-99,easy 0-14,yes,74,"American Whiskey; Rye Whiskey"
"american bourbon whisky",Commercial,tool,90,8,E: 50-99,easy 0-14,yes,73,"American Whiskey; Australian Whisky; Bourbon; Irish Whiskey; Japanese Whisky; Rye Whiskey; Whisky"
"bourbon in japan",Informational,tool,90,10,E: 50-99,easy 0-14,yes,81,"American Whiskey; Australian Whisky; Irish Whiskey; Japanese Whisky; Scotch Whisky"
"japanese whiskey bar sydney",Commercial,tool,90,31,E: 50-99,hard 30-49,yes,81,"American Whiskey; Australian Whisky; Irish Whiskey; Japanese Whisky; Scotch Whisky"
"japanese whiskies",Commercial,tool,90,21,E: 50-99,doable 15-29,yes,81,"American Whiskey; Australian Whisky; Irish Whiskey; Japanese Whisky; Scotch Whisky"
"suntory japanese whisky",Commercial,tool,90,25,E: 50-99,doable 15-29,yes,81,"American Whiskey; Australian Whisky; Irish Whiskey; Japanese Whisky; Scotch Whisky"
"togouchi whiskey",Commercial,tool,90,6,E: 50-99,easy 0-14,yes,81,"American Whiskey; Australian Whisky; Irish Whiskey; Japanese Whisky; Scotch Whisky"
"whiskey buy online",Transactional,tool,90,28,E: 50-99,doable 15-29,yes,65,"American Whiskey; Australian Whisky; Irish Whiskey; Japanese Whisky; Rye Whiskey"
"dalwhinnie whiskey",Informational,tool,90,27,E: 50-99,doable 15-29,yes,69,"American Whiskey; Australian Whisky; Glenfiddich; Irish Whiskey; Laphroaig; Scotch Whisky"
"whiskey glenfiddich",Commercial,tool,90,22,E: 50-99,doable 15-29,yes,77,"American Whiskey; Australian Whisky; GlenDronach; Glenfiddich; Irish Whiskey; Japanese Whisky; Laphroaig; Rye Whiskey; Scotch Whisky; Whisky"
"mccallum whisky",Commercial,tool,90,15,E: 50-99,doable 15-29,yes,71,"American Whiskey; Australian Whisky; Glenfiddich; Laphroaig; Macallan; Whisky"
"scotch whisky malt",Transactional,tool,90,28,E: 50-99,doable 15-29,yes,77,"American Whiskey; Australian Whisky; Bourbon; Cream Liqueur; Irish Whiskey; Japanese Whisky; Rye Whiskey; Scotch Whisky; Single Malt; Whisky"
"single malt or scotch",Commercial,tool,90,24,E: 50-99,doable 15-29,yes,77,"American Whiskey; Australian Whisky; Bourbon; Cream Liqueur; Irish Whiskey; Japanese Whisky; Rye Whiskey; Scotch Whisky; Single Malt; Whisky"
"whiskey scotch single malt",Commercial,tool,90,21,E: 50-99,doable 15-29,yes,77,"American Whiskey; Australian Whisky; Bourbon; Cream Liqueur; Irish Whiskey; Japanese Whisky; Rye Whiskey; Scotch Whisky; Single Malt; Whisky"
"ardbeg whisky ten",Commercial,tool,90,17,E: 50-99,doable 15-29,yes,67,"American Whiskey; Irish Whiskey; Laphroaig"
"glenfedich 12",Informational,tool,90,12,E: 50-99,easy 0-14,no,77,"American Whiskey; GlenDronach; Glenfiddich; Japanese Whisky; Laphroaig; Macallan; Scotch Whisky; Single Malt"
"glenfiddich 12 sherry cask",Commercial,tool,90,12,E: 50-99,easy 0-14,yes,77,"American Whiskey; GlenDronach; Glenfiddich; Japanese Whisky; Laphroaig; Macallan; Scotch Whisky; Single Malt"
"john walker whiskey",Transactional,tool,90,15,E: 50-99,doable 15-29,yes,80,"American Whiskey; Johnnie Walker; Whisky"
"scotch whisky laphroaig",Commercial,tool,90,9,E: 50-99,easy 0-14,yes,84,"American Whiskey; Irish Whiskey; Laphroaig; Macallan; Rye Whiskey; Scotch Whisky; Single Malt; Whisky"
"scotch whisky on sale",Transactional,tool,90,9,E: 50-99,easy 0-14,yes,67,"American Whiskey; Australian Whisky; Bourbon; Cognac; Cream Liqueur; Dark Rum; Gin Premix; Irish Whiskey; Japanese Whisky; Laphroaig; Macallan; Rum; Rye Whiskey; Scotch Whisky; Single Malt; Whisky; White Rum; White Tequila"
"macallan single malt whisky",Commercial,tool,90,14,E: 50-99,easy 0-14,yes,82,"American Whiskey; Cognac; Laphroaig; Macallan; Whisky"
"macallans whiskey",Commercial,tool,90,17,E: 50-99,doable 15-29,yes,82,"American Whiskey; Cognac; Laphroaig; Macallan; Whisky"
"apreol",Transactional,tool,90,28,E: 50-99,doable 15-29,no,71,"Aperol"
"liquor aperol",Informational,tool,90,12,E: 50-99,easy 0-14,no,69,"Aperol"
"aperol alcohol",Transactional,tool,90,15,E: 50-99,doable 15-29,no,66,"Aperol"
"absolutl",Informational,tool,90,58,E: 50-99,very hard 50-69,no,70,"Aperol; Brandy; Cointreau; Dark Rum; Disaronno; Gin Premix; Gold Tequila; Jägermeister; Orange Liqueur; Polish Vodka; Rum; Russian Vodka; Sambuca; Tequila; Vodka Premix; Vodka; White Rum; White Tequila"
"top 10 whisky in australia",Commercial,tool,90,15,E: 50-99,doable 15-29,yes,88,"Australian Whisky; Japanese Whisky; Single Malt; Whisky"
"whisky in australia",Commercial,tool,90,28,E: 50-99,doable 15-29,yes,78,"Australian Whisky; Japanese Whisky; Single Malt; Whisky"
"australia whisky brands",Commercial,tool,90,14,E: 50-99,easy 0-14,yes,76,"Australian Whisky"
"whiskey single malt",Commercial,tool,90,18,E: 50-99,doable 15-29,yes,72,"Australian Whisky; Irish Whiskey; Japanese Whisky; Single Malt"
"japanese whisky bar sydney",Commercial,tool,90,,E: 50-99,unknown,yes,68,"Australian Whisky; Bourbon; Irish Whiskey; Japanese Whisky; Whisky"
"luxury scotch whisky",Commercial,tool,90,12,E: 50-99,easy 0-14,yes,68,"Australian Whisky; Bourbon; Irish Whiskey; Japanese Whisky; Whisky"
"whisky online order",Commercial,tool,90,28,E: 50-99,doable 15-29,yes,66,"Australian Whisky; Irish Whiskey; Japanese Whisky; Scotch Whisky; Whisky"
"whisky sales",Transactional,tool,90,17,E: 50-99,doable 15-29,yes,66,"Australian Whisky; Whisky"
"single malt scotch whiskey",Commercial,tool,90,18,E: 50-99,doable 15-29,yes,69,"Australian Whisky; Japanese Whisky; Scotch Whisky; Single Malt; Whisky"
"buy japanese whisky online",Transactional,tool,90,5,E: 50-99,easy 0-14,yes,73,"Australian Whisky; Japanese Whisky"
"glenlivet american oak selection",Commercial,tool,90,7,E: 50-99,easy 0-14,no,65,"Australian Whisky; Baileys Irish Cream; GlenDronach; Glenfiddich; Grand Marnier; Grey Goose; Johnnie Walker; Single Malt"
"glenmorangie scotch whiskey",Commercial,tool,90,21,E: 50-99,doable 15-29,yes,70,"Australian Whisky; Baileys Irish Cream; GlenDronach; Glenfiddich; Irish Whiskey; Japanese Whisky; Laphroaig; Scotch Whisky; Whisky"
"glenmorangie whisky scotland",Commercial,tool,90,,E: 50-99,unknown,yes,67,"Australian Whisky; GlenDronach; Glenfiddich; Laphroaig; Macallan; Scotch Whisky; Single Malt"
"good whiskys",Commercial,tool,90,15,E: 50-99,doable 15-29,no,66,"Australian Whisky; Japanese Whisky; Scotch Whisky"
"the glenmorangie distillery",Navigational,tool,90,34,E: 50-99,hard 30-49,no,67,"Australian Whisky; GlenDronach; Glenfiddich; Laphroaig; Macallan; Scotch Whisky; Single Malt"
"葛瑪蘭 威士忌",Informational,tool,90,23,E: 50-99,doable 15-29,no,67,"Australian Whisky; GlenDronach; Glenfiddich; Laphroaig; Macallan; Scotch Whisky; Single Malt"
"白酒 英文",Informational,tool,90,24,E: 50-99,doable 15-29,no,71,"Baijiu; Soju"
"baiju alcohol",Informational,tool,90,21,E: 50-99,doable 15-29,no,65,"Baijiu"
"soju korean wine",Commercial,tool,90,28,E: 50-99,doable 15-29,yes,68,"Baijiu; Soju"
"what a standard drink",Informational,tool,90,20,E: 50-99,doable 15-29,no,68,"Baijiu; Soju"
"alcohol content in soju",Informational,tool,90,17,E: 50-99,doable 15-29,yes,70,"Baijiu; Soju"
"soju korean alcohol",Informational,tool,90,41,E: 50-99,hard 30-49,yes,74,"Baijiu; Soju"
"what is in baileys irish cream",Informational,tool,90,27,E: 50-99,doable 15-29,yes,74,"Baileys Irish Cream"
"baileys irish cream flavours",Commercial,tool,90,21,E: 50-99,doable 15-29,yes,69,"Baileys Irish Cream"
"1l of baileys",Commercial,tool,90,11,E: 50-99,easy 0-14,yes,67,"Baileys Irish Cream; Cream Liqueur"
"baileys dip",Informational,tool,90,9,E: 50-99,easy 0-14,yes,67,"Baileys Irish Cream; Cream Liqueur"
"baileys flavours australia",Commercial,tool,90,12,E: 50-99,easy 0-14,yes,67,"Baileys Irish Cream"
"irish creamer recipe",Informational,tool,90,13,E: 50-99,easy 0-14,no,67,"Baileys Irish Cream; Cream Liqueur"
"old gold baileys",Informational,tool,90,17,E: 50-99,doable 15-29,yes,67,"Baileys Irish Cream; Cream Liqueur"
"what is bailey's irish cream made from",Informational,tool,90,27,E: 50-99,doable 15-29,no,67,"Baileys Irish Cream; Cream Liqueur"
"baileys australia",Commercial,tool,90,12,E: 50-99,easy 0-14,yes,65,"Baileys Irish Cream"
"glenfiddich 700ml",Commercial,tool,90,10,E: 50-99,easy 0-14,yes,69,"Baileys Irish Cream; GlenDronach; Glenfiddich"
"laphroaig scotch whiskey",Commercial,tool,90,14,E: 50-99,easy 0-14,yes,82,"Baileys Irish Cream; Cream Liqueur; Glenfiddich; Irish Whiskey; Laphroaig; Rye Whiskey; Scotch Whisky; Whisky"
"the glenlivet scotch single malt",Commercial,tool,90,9,E: 50-99,easy 0-14,yes,66,"Baileys Irish Cream; GlenDronach; Glenfiddich; Grey Goose; Single Malt"
"beer lager",Commercial,tool,90,0,E: 50-99,easy 0-14,yes,71,"Beer; Ginger Beer; Lager; Pale Ale"
"bourbon liquor",Commercial,tool,90,10,E: 50-99,easy 0-14,yes,72,"Bourbon; Rye Whiskey"
"bourben",Commercial,tool,90,15,E: 50-99,doable 15-29,no,69,"Bourbon"
"buy bourbon",Transactional,tool,90,11,E: 50-99,easy 0-14,yes,67,"Bourbon"
"bourbon meaning",Informational,tool,90,22,E: 50-99,doable 15-29,yes,65,"Bourbon; Rye Whiskey"
"bourbon vs whiskey taste",Commercial,tool,90,8,E: 50-99,easy 0-14,yes,65,"Bourbon; Rye Whiskey"
"how bourbon is made",Informational,tool,90,28,E: 50-99,doable 15-29,yes,65,"Bourbon; Rye Whiskey"
"the difference between bourbon and whiskey",Commercial,tool,90,17,E: 50-99,doable 15-29,yes,65,"Bourbon; Rye Whiskey"
"whiskey bourbon difference",Informational,tool,90,17,E: 50-99,doable 15-29,yes,65,"Bourbon; Rye Whiskey"
"rye booze",Informational,tool,90,23,E: 50-99,doable 15-29,no,80,"Bourbon; Brandy; Rye Whiskey; Spiced Rum"
"rye is whiskey",Informational,tool,90,,E: 50-99,unknown,yes,80,"Bourbon; Brandy; Rye Whiskey; Spiced Rum"
"rye or whiskey",Informational,tool,90,,E: 50-99,unknown,yes,80,"Bourbon; Brandy; Rye Whiskey; Spiced Rum"
"rye whiskey versus bourbon",Commercial,tool,90,18,E: 50-99,doable 15-29,yes,80,"Bourbon; Brandy; Rye Whiskey; Spiced Rum"
"whiskey or rye",Informational,tool,90,17,E: 50-99,doable 15-29,yes,80,"Bourbon; Brandy; Rye Whiskey; Spiced Rum"
"brandy melbille uk",Navigational,tool,90,,E: 50-99,unknown,yes,68,"Brandy"
"brandy melville coat",Navigational,tool,90,37,E: 50-99,hard 30-49,yes,68,"Brandy"
"brandy melville door",Informational,tool,90,25,E: 50-99,doable 15-29,yes,68,"Brandy"
"brandy melville italia",Navigational,tool,90,46,E: 50-99,hard 30-49,yes,68,"Brandy"
"brandy melville jacket",Navigational,tool,90,,E: 50-99,unknown,yes,68,"Brandy"
"brandy melville stickers",Commercial,tool,90,25,E: 50-99,doable 15-29,yes,68,"Brandy"
"brandy melville sweatpants",Navigational,tool,90,18,E: 50-99,doable 15-29,yes,68,"Brandy"
"stickers brandy melville",Commercial,tool,90,21,E: 50-99,doable 15-29,yes,68,"Brandy"
"irish whiskey blend",Commercial,tool,90,12,E: 50-99,easy 0-14,yes,78,"Brandy; Irish Whiskey; Japanese Whisky; Rye Whiskey"
"cognac for sale",Transactional,tool,90,10,E: 50-99,easy 0-14,yes,73,"Brandy; Calvados; Cinnamon Liqueur; Cognac"
"grand marnier price",Transactional,tool,90,10,E: 50-99,easy 0-14,yes,65,"Brandy; Grand Marnier; St Germain"
"how much is a bottle of vodka",Informational,tool,90,8,E: 50-99,easy 0-14,yes,68,"Brandy; Russian Vodka; Vodka Premix; Vodka"
"jagermeister bomber costume",Informational,tool,90,25,E: 50-99,doable 15-29,yes,66,"Brandy; Jägermeister"
"rye alcohol brands",Commercial,tool,90,28,E: 50-99,doable 15-29,no,69,"Brandy; Rye Whiskey"
"what is a cognac",Informational,tool,90,15,E: 50-99,doable 15-29,yes,66,"Calvados; Cognac"
"st germain liquer",Commercial,tool,90,20,E: 50-99,doable 15-29,no,68,"Campari; Grand Marnier; Sambuca; St Germain"
"saint germain elderflower",Commercial,tool,90,28,E: 50-99,doable 15-29,yes,72,"Campari; Orange Liqueur; Sambuca; St Germain"
"st. germain alcohol",Commercial,tool,90,25,E: 50-99,doable 15-29,no,72,"Campari; Orange Liqueur; Sambuca; St Germain"
"what is chartreuse alcohol",Informational,tool,90,25,E: 50-99,doable 15-29,yes,77,"Chartreuse"
"what is chartreuse liqueur",Informational,tool,90,37,E: 50-99,hard 30-49,yes,75,"Chartreuse"
"california chardonnay",Commercial,tool,90,7,E: 50-99,easy 0-14,yes,67,"Chartreuse; White Wine; Wine"
"what is grand marnier liqueur",Commercial,tool,90,19,E: 50-99,doable 15-29,yes,71,"Chartreuse; Grand Marnier; Jägermeister; Orange Liqueur; St Germain"
"vsop martell cognac",Commercial,tool,90,9,E: 50-99,easy 0-14,yes,72,"Chartreuse; Cognac; Cointreau; Grand Marnier; Martell"
"honey cider",Informational,tool,90,6,E: 50-99,easy 0-14,yes,67,"Cider; Ginger Beer"
"simply cider",Informational,tool,90,6,E: 50-99,easy 0-14,yes,67,"Cider; Ginger Beer"
"cinnamon bourbon",Informational,tool,90,23,E: 50-99,doable 15-29,yes,84,"Cinnamon Liqueur"
"coffee flavoured liqueur",Informational,tool,90,34,E: 50-99,hard 30-49,yes,80,"Cinnamon Liqueur; Coffee Liqueur; Cream Liqueur; Kahlúa; Orange Liqueur"
"cocktails with coffee liqueur",Informational,tool,90,22,E: 50-99,doable 15-29,yes,81,"Coffee Liqueur; Orange Liqueur"
"coffee liqure",Informational,tool,90,9,E: 50-99,easy 0-14,yes,81,"Coffee Liqueur; Orange Liqueur"
"premium coffee liqueur",Commercial,tool,90,17,E: 50-99,doable 15-29,yes,81,"Coffee Liqueur; Orange Liqueur"
"coffee flavored liqueur",Commercial,tool,90,15,E: 50-99,doable 15-29,yes,75,"Coffee Liqueur; Cream Liqueur; Orange Liqueur"
"good coffee liqueur",Commercial,tool,90,27,E: 50-99,doable 15-29,yes,66,"Coffee Liqueur; Orange Liqueur"
"kahlúa coffee liqueur",Commercial,tool,90,13,E: 50-99,easy 0-14,yes,68,"Coffee Liqueur; Kahlúa; Orange Liqueur; Tequila; Vodka"
"caribbean spiced rum",Informational,tool,90,,E: 50-99,unknown,yes,91,"Coffee Liqueur; Dark Rum; Rum; Spiced Rum; White Rum"
"xo cognac hennessy",Commercial,tool,90,9,E: 50-99,easy 0-14,yes,67,"Cognac"
"martell vs cognac",Commercial,tool,90,10,E: 50-99,easy 0-14,yes,66,"Cognac; Grand Marnier; Martell"
"coontreau",Transactional,tool,90,21,E: 50-99,doable 15-29,no,82,"Cointreau"
"cointreua",Transactional,tool,90,17,E: 50-99,doable 15-29,no,72,"Cointreau"
"cointreau 700ml best price",Commercial,tool,90,9,E: 50-99,easy 0-14,yes,69,"Cointreau; Soju"
"condaments",Informational,tool,90,43,E: 50-99,hard 30-49,no,71,"Condiments"
"scotch whiskey liqueur",Commercial,tool,90,12,E: 50-99,easy 0-14,yes,66,"Cream Liqueur; Scotch Whisky"
"rum purchase",Transactional,tool,90,12,E: 50-99,easy 0-14,yes,74,"Dark Rum; Rum; Spiced Rum; White Rum; White Tequila"
"great australian rum co",Commercial,tool,90,6,E: 50-99,easy 0-14,yes,74,"Dark Rum; Rum; Spiced Rum; White Rum"
"rum liquorland",Transactional,tool,90,21,E: 50-99,doable 15-29,yes,74,"Dark Rum; Rum; Spiced Rum; White Rum"
"bottle rum",Commercial,tool,90,10,E: 50-99,easy 0-14,yes,65,"Dark Rum; Rum; Spiced Rum; White Rum"
"flavoured rum",Commercial,tool,90,8,E: 50-99,easy 0-14,yes,71,"Dark Rum; Rum; Spiced Rum; White Rum"
"flavored rum",Commercial,tool,90,17,E: 50-99,doable 15-29,yes,73,"Dark Rum; Rum; Spiced Rum; White Rum"
"rum online purchase",Transactional,tool,90,10,E: 50-99,easy 0-14,yes,71,"Dark Rum; Rum; Spiced Rum; White Rum"
"white tum",Informational,tool,90,11,E: 50-99,easy 0-14,no,75,"Dark Rum; White Rum"
"order rum online",Commercial,tool,90,6,E: 50-99,easy 0-14,yes,67,"Dark Rum; Rum; Spiced Rum"
"rum cost",Commercial,tool,90,13,E: 50-99,easy 0-14,yes,69,"Dark Rum; Rum; Spiced Rum; White Rum"
"order rum",Commercial,tool,90,6,E: 50-99,easy 0-14,yes,72,"Dark Rum; Rum; Spiced Rum; White Rum"
"disaronno cost",Commercial,tool,90,19,E: 50-99,doable 15-29,no,69,"Disaronno"
"disaronno amaretto cost",Commercial,tool,90,11,E: 50-99,easy 0-14,no,66,"Disaronno"
"disaronno amaretto price",Transactional,tool,90,14,E: 50-99,easy 0-14,no,65,"Disaronno"
"don julios",Informational,tool,90,16,E: 50-99,doable 15-29,yes,84,"Don Julio; Gold Tequila; Jose Cuervo; Mezcal; Tequila"
"don juilo",Informational,tool,90,12,E: 50-99,easy 0-14,no,83,"Don Julio; Jose Cuervo"
"don julio bottle",Transactional,tool,90,11,E: 50-99,easy 0-14,yes,65,"Don Julio; Jose Cuervo"
"tequilas de jose cuervo",Transactional,tool,90,22,E: 50-99,doable 15-29,yes,70,"Don Julio; Jose Cuervo"
"jose quervo",Transactional,tool,90,17,E: 50-99,doable 15-29,yes,76,"Don Julio; Jose Cuervo"
"jose cuervo tequila gold",Informational,tool,90,9,E: 50-99,easy 0-14,yes,69,"Don Julio; Gold Tequila; Jose Cuervo"
"jose cuervo agave",Commercial,tool,90,9,E: 50-99,easy 0-14,yes,65,"Don Julio; Jose Cuervo"
"drink energy drink",Transactional,tool,90,28,E: 50-99,doable 15-29,no,68,"energy drink"
"enegry drinks",Commercial,tool,90,26,E: 50-99,doable 15-29,no,68,"energy drink"
"energy drinl",Commercial,tool,90,31,E: 50-99,hard 30-49,no,68,"energy drink"
"health risks from energy drinks",Informational,tool,90,50,E: 50-99,very hard 50-69,yes,68,"energy drink"
"drinks energy",Informational,tool,90,26,E: 50-99,doable 15-29,no,67,"energy drink"
"energy drink v",Transactional,tool,90,26,E: 50-99,doable 15-29,no,65,"energy drink"
"soda vodka",Commercial,tool,90,0,E: 50-99,easy 0-14,yes,66,"Gin Premix; Premix; Vodka Premix; Vodka"
"australian+gin",Commercial,tool,90,,E: 50-99,unknown,no,68,"Gin Premix; Gin"
"boutique gin",Commercial,tool,90,0,E: 50-99,easy 0-14,yes,68,"Gin Premix; Gin"
"ginger beet",Commercial,tool,90,0,E: 50-99,easy 0-14,no,66,"Ginger Beer"
"gin from australia",Commercial,tool,90,17,E: 50-99,doable 15-29,yes,68,"Gin"
"the glendronach",Informational,tool,90,16,E: 50-99,doable 15-29,yes,75,"GlenDronach"
"glen deveron 16",Informational,tool,90,9,E: 50-99,easy 0-14,no,66,"GlenDronach"
"glenfedich",Commercial,tool,90,25,E: 50-99,doable 15-29,no,76,"GlenDronach; Glenfiddich"
"glenlivey",Commercial,tool,90,15,E: 50-99,doable 15-29,no,68,"GlenDronach; Glenfiddich; Grey Goose"
"glenrivet",Commercial,tool,90,15,E: 50-99,doable 15-29,no,66,"GlenDronach; Glenfiddich; Grey Goose"
"glenfidditch",Commercial,tool,90,18,E: 50-99,doable 15-29,no,70,"GlenDronach; Glenfiddich"
"glenlivet malt whisky",Commercial,tool,90,17,E: 50-99,doable 15-29,yes,65,"GlenDronach; Glenfiddich; Grey Goose; Japanese Whisky; Rye Whiskey; Scotch Whisky; Single Malt"
"the glenlivet single malt scotch",Commercial,tool,90,12,E: 50-99,easy 0-14,yes,67,"GlenDronach; Glenfiddich; Grey Goose; Laphroaig; Rye Whiskey; Scotch Whisky; Single Malt"
"whisky glenlivet",Informational,tool,90,19,E: 50-99,doable 15-29,yes,65,"GlenDronach; Glenfiddich; Grey Goose"
"glenfiddich 25",Commercial,tool,90,7,E: 50-99,easy 0-14,yes,68,"Glenfiddich"
"grey goose gift pack",Transactional,tool,90,14,E: 50-99,easy 0-14,yes,77,"Glenfiddich; Gold Tequila; Grey Goose; Vodka"
"grey goose vodka 1 l",Commercial,tool,90,14,E: 50-99,easy 0-14,yes,77,"Glenfiddich; Gold Tequila; Grey Goose; Vodka"
"glenmorangie scotch whisky price",Transactional,tool,90,8,E: 50-99,easy 0-14,yes,65,"Glenfiddich; Laphroaig; Scotch Whisky"
"tequila cuervo gold",Commercial,tool,90,10,E: 50-99,easy 0-14,yes,72,"Gold Tequila; Jose Cuervo; White Tequila"
"kick the rules tequila australia",Commercial,tool,90,7,E: 50-99,easy 0-14,yes,76,"Gold Tequila; Mezcal; Rum; Tequila; White Tequila"
"tiquila",Commercial,tool,90,15,E: 50-99,doable 15-29,no,88,"Gold Tequila; Mezcal; Rum; Tequila; White Tequila"
"tequila alcohol",Commercial,tool,90,13,E: 50-99,easy 0-14,yes,70,"Gold Tequila; Mezcal; Tequila; White Tequila"
"grey goose 1 l",Commercial,tool,90,18,E: 50-99,doable 15-29,yes,71,"Grey Goose"
"1 l grey goose vodka",Commercial,tool,90,18,E: 50-99,doable 15-29,yes,66,"Grey Goose; Russian Vodka; Vodka"
"gray goose alcohol content",Commercial,tool,90,13,E: 50-99,easy 0-14,yes,65,"Grey Goose"
"australia ipa",Informational,tool,90,0,E: 50-99,easy 0-14,no,65,"IPA"
"bushmills single malt whiskey",Commercial,tool,90,12,E: 50-99,easy 0-14,yes,65,"Irish Whiskey; Single Malt"
"laphroag",Commercial,tool,90,9,E: 50-99,easy 0-14,no,84,"Irish Whiskey; Laphroaig"
"best rated blended scotch",Commercial,tool,90,18,E: 50-99,doable 15-29,yes,70,"Irish Whiskey; Rye Whiskey; Scotch Whisky"
"cost of laphroaig whisky",Commercial,tool,90,7,E: 50-99,easy 0-14,yes,73,"Irish Whiskey; Laphroaig"
"laphroaig scotch whisky price",Commercial,tool,90,9,E: 50-99,easy 0-14,yes,75,"Irish Whiskey; Laphroaig"
"talisker scotch whiskey",Commercial,tool,90,9,E: 50-99,easy 0-14,yes,66,"Irish Whiskey; Scotch Whisky"
"japanese wiskey",Commercial,tool,90,13,E: 50-99,easy 0-14,yes,79,"Japanese Whisky"
"good japanese whisky",Commercial,tool,90,16,E: 50-99,doable 15-29,yes,69,"Japanese Whisky"
"royal salute scotch whisky",Informational,tool,90,14,E: 50-99,easy 0-14,yes,78,"Japanese Whisky; Royal Salute; Scotch Whisky; Whisky"
"johnnie walker black label scotch whiskey",Commercial,tool,90,19,E: 50-99,doable 15-29,yes,73,"Johnnie Walker; Jägermeister"
"johnnie walker black label scotch whisky",Commercial,tool,90,11,E: 50-99,easy 0-14,yes,73,"Johnnie Walker; Jägermeister"
"johnnie walker good",Commercial,tool,90,9,E: 50-99,easy 0-14,yes,73,"Johnnie Walker; Jägermeister"
"johnnie walker label",Commercial,tool,90,19,E: 50-99,doable 15-29,yes,73,"Johnnie Walker"
"johny walker blue",Commercial,tool,90,24,E: 50-99,doable 15-29,no,73,"Johnnie Walker"
"scotch whisky johnnie walker black label",Commercial,tool,90,,E: 50-99,unknown,yes,73,"Johnnie Walker; Jägermeister"
"is johnnie walker scotch",Informational,tool,90,22,E: 50-99,doable 15-29,yes,71,"Johnnie Walker"
"johhnie walker blue",Commercial,tool,90,18,E: 50-99,doable 15-29,no,70,"Johnnie Walker"
"johnny walker blue label cost",Commercial,tool,90,9,E: 50-99,easy 0-14,no,70,"Johnnie Walker"
"label blue whisky",Informational,tool,90,17,E: 50-99,doable 15-29,yes,70,"Johnnie Walker"
"whiskey with blue label",Informational,tool,90,18,E: 50-99,doable 15-29,yes,70,"Johnnie Walker"
"black label johnnie walker price",Transactional,tool,90,19,E: 50-99,doable 15-29,yes,68,"Johnnie Walker"
"jhony walker blue",Commercial,tool,90,26,E: 50-99,doable 15-29,no,66,"Johnnie Walker"
"johnie walker blue label",Commercial,tool,90,25,E: 50-99,doable 15-29,no,66,"Johnnie Walker"
"jaegermister",Informational,tool,90,33,E: 50-99,hard 30-49,no,66,"Jägermeister"
"yagermister",Transactional,tool,90,20,E: 50-99,doable 15-29,no,66,"Jägermeister"
"jagermeister bottle",Informational,tool,90,10,E: 50-99,easy 0-14,yes,65,"Jägermeister"
"laphroaig 10 year old",Commercial,tool,90,11,E: 50-99,easy 0-14,yes,73,"Laphroaig"
"distillery laphroaig",Navigational,tool,90,18,E: 50-99,doable 15-29,yes,70,"Laphroaig"
"laphroaig 25",Informational,tool,90,10,E: 50-99,easy 0-14,yes,68,"Laphroaig"
"laphroaig scotland",Navigational,tool,90,17,E: 50-99,doable 15-29,yes,67,"Laphroaig"
"islay single malts",Informational,tool,90,13,E: 50-99,easy 0-14,no,65,"Laphroaig; Scotch Whisky; Single Malt"
"south island single malt whisky",Commercial,tool,90,9,E: 50-99,easy 0-14,yes,65,"Laphroaig; Scotch Whisky; Single Malt"
"light beer in australia",Commercial,tool,90,0,E: 50-99,easy 0-14,yes,69,"Light Beer"
"good lite beer",Commercial,tool,90,0,E: 50-99,easy 0-14,yes,68,"Light Beer"
"good light beers",Informational,tool,90,0,E: 50-99,easy 0-14,no,67,"Light Beer"
"lemon liqueur italy",Informational,tool,90,37,E: 50-99,hard 30-49,yes,67,"Limoncello"
"limoncino",Commercial,tool,90,14,E: 50-99,easy 0-14,yes,67,"Limoncello"
"what is in a limoncello drink",Informational,tool,90,42,E: 50-99,hard 30-49,yes,67,"Limoncello"
"macallen",Commercial,tool,90,22,E: 50-99,doable 15-29,no,81,"Macallan"
"macallan 15 double cask",Commercial,tool,90,7,E: 50-99,easy 0-14,yes,68,"Macallan"
"mccallum whiskey",Transactional,tool,90,24,E: 50-99,doable 15-29,yes,68,"Macallan"
"18 macallan",Commercial,tool,90,10,E: 50-99,easy 0-14,yes,66,"Macallan"
"macclan 18",Commercial,tool,90,9,E: 50-99,easy 0-14,no,66,"Macallan"
"mccalin 18",Commercial,tool,90,7,E: 50-99,easy 0-14,no,66,"Macallan"
"mccalan 25",Commercial,tool,90,11,E: 50-99,easy 0-14,no,65,"Macallan"
"best inexpensive tequila",Commercial,tool,90,18,E: 50-99,doable 15-29,yes,73,"Mezcal; Tequila; White Tequila"
"mexico tequila",Commercial,tool,90,16,E: 50-99,doable 15-29,yes,66,"Mezcal; Tequila"
"purchase tequila online",Transactional,tool,90,6,E: 50-99,easy 0-14,yes,66,"Mezcal; Tequila; White Tequila"
"nicks whisky",Transactional,tool,90,33,E: 50-99,hard 30-49,yes,74,"Nikka"
"non alcoholic beverage",Commercial,tool,90,0,E: 50-99,easy 0-14,yes,81,"Non Alcoholic"
"how to avoid alcoholic drinks",Informational,tool,90,0,E: 50-99,easy 0-14,yes,75,"Non Alcoholic"
"non alcoholic cocktail mixers",Commercial,tool,90,0,E: 50-99,easy 0-14,yes,75,"Non Alcoholic"
"non alcoholic malt drink",Informational,tool,90,0,E: 50-99,easy 0-14,yes,75,"Non Alcoholic"
"non caffeinated drinks",Informational,tool,90,0,E: 50-99,easy 0-14,no,75,"Non Alcoholic"
"non-alcoholic cocktail",Informational,tool,90,,E: 50-99,unknown,no,75,"Non Alcoholic"
"best non alc wines",Commercial,tool,90,0,E: 50-99,easy 0-14,no,71,"Non Alcoholic"
"best non alcoholic white wine",Commercial,tool,90,0,E: 50-99,easy 0-14,yes,71,"Non Alcoholic"
"non alcoholic red wines",Commercial,tool,90,0,E: 50-99,easy 0-14,yes,71,"Non Alcoholic"
"non-alcoholic red wine",Commercial,tool,90,,E: 50-99,unknown,yes,71,"Non Alcoholic"
"0 alcohol",Commercial,tool,90,0,E: 50-99,easy 0-14,no,66,"Non Alcoholic"
"what is a pale ale",Informational,tool,90,0,E: 50-99,easy 0-14,no,68,"Pale Ale"
"wines red wine",Commercial,tool,90,9,E: 50-99,easy 0-14,yes,67,"Red Wine; White Wine; Wine"
"red wine merlot",Commercial,tool,90,12,E: 50-99,easy 0-14,yes,66,"Red Wine; White Wine"
"whitr wine",Commercial,tool,90,17,E: 50-99,doable 15-29,yes,84,"Red Wine; White Wine"
"bottle of white wine",Commercial,tool,90,9,E: 50-99,easy 0-14,yes,70,"Red Wine; White Wine"
"wine au",Commercial,tool,90,56,E: 50-99,very hard 50-69,yes,72,"Red Wine; White Wine; Wine"
"wine not chauffeurs",Navigational,tool,90,18,E: 50-99,doable 15-29,yes,65,"Red Wine; Wine"
"wine to order online",Commercial,tool,90,66,E: 50-99,very hard 50-69,yes,65,"Red Wine; Wine"
"royal salute 21 year old blended scotch whisky 700ml",Commercial,tool,90,7,E: 50-99,easy 0-14,yes,77,"Royal Salute"
"price royal salute",Transactional,tool,90,9,E: 50-99,easy 0-14,yes,76,"Royal Salute"
"russia vodka",Commercial,tool,90,9,E: 50-99,easy 0-14,yes,76,"Russian Vodka"
"russian vodkas",Commercial,tool,90,25,E: 50-99,doable 15-29,yes,76,"Russian Vodka"
"finest russian vodka",Commercial,tool,90,18,E: 50-99,doable 15-29,yes,66,"Russian Vodka"
"what are rye whiskeys",Informational,tool,90,26,E: 50-99,doable 15-29,no,69,"Rye Whiskey"
"what is rye liquor",Informational,tool,90,19,E: 50-99,doable 15-29,no,68,"Rye Whiskey"
"what is whiskey rye",Informational,tool,90,13,E: 50-99,easy 0-14,yes,68,"Rye Whiskey"
"rye whiskey types",Commercial,tool,90,25,E: 50-99,doable 15-29,yes,66,"Rye Whiskey"
"blue sambuca",Commercial,tool,90,8,E: 50-99,easy 0-14,yes,77,"Sambuca"
"scotch whisky islay",Commercial,tool,90,9,E: 50-99,easy 0-14,yes,69,"Scotch Whisky"
"scotch price",Commercial,tool,90,10,E: 50-99,easy 0-14,yes,68,"Scotch Whisky"
"balvenie scotch whisky",Commercial,tool,90,17,E: 50-99,doable 15-29,yes,67,"Scotch Whisky; Whisky"
"aberlour single malt scotch",Commercial,tool,90,16,E: 50-99,doable 15-29,yes,65,"Scotch Whisky"
"sherry barrel whisky",Commercial,tool,90,7,E: 50-99,easy 0-14,yes,65,"Scotch Whisky"
"single whisky malt",Commercial,tool,90,17,E: 50-99,doable 15-29,yes,69,"Single Malt"
"soju grape",Commercial,tool,90,8,E: 50-99,easy 0-14,yes,67,"Soju"
"sparkeling",Informational,tool,90,20,E: 50-99,doable 15-29,no,77,"Sparkling"
"spiced run",Informational,tool,90,5,E: 50-99,easy 0-14,yes,79,"Spiced Rum"
"tequla",Commercial,tool,90,12,E: 50-99,easy 0-14,no,74,"Tequila; White Tequila"
"tequila on special",Commercial,tool,90,9,E: 50-99,easy 0-14,yes,71,"Tequila; White Tequila"
"australia tequila",Commercial,tool,90,9,E: 50-99,easy 0-14,yes,69,"Tequila; White Tequila"
"tequila brands australia",Commercial,tool,90,10,E: 50-99,easy 0-14,yes,66,"Tequila"
"vodka online purchase",Transactional,tool,90,9,E: 50-99,easy 0-14,yes,65,"Vodka"
"water coperation",Navigational,tool,90,47,E: 50-99,hard 30-49,no,67,"Water"
"water corporation direct debit",Navigational,tool,90,17,E: 50-99,doable 15-29,no,67,"Water"
"water corporation email",Navigational,tool,90,28,E: 50-99,doable 15-29,no,67,"Water"
"watercorp email",Navigational,tool,90,20,E: 50-99,doable 15-29,no,67,"Water"
"dry wite wine",Commercial,tool,90,12,E: 50-99,easy 0-14,yes,70,"White Wine"
"what is white dry wine",Informational,tool,90,9,E: 50-99,easy 0-14,yes,70,"White Wine"
"white wine drinks",Informational,tool,90,16,E: 50-99,doable 15-29,yes,70,"White Wine"
"french sauvignon blanc",Informational,tool,90,16,E: 50-99,doable 15-29,yes,69,"White Wine"
"little angel sauvignon blanc",Transactional,tool,90,7,E: 50-99,easy 0-14,yes,69,"White Wine"
"non alcoholic sauvignon blanc",Informational,tool,90,15,E: 50-99,doable 15-29,yes,69,"White Wine"
"sauv blanc white wine",Commercial,tool,90,8,E: 50-99,easy 0-14,yes,69,"White Wine"
"sauvignon france",Informational,tool,90,18,E: 50-99,doable 15-29,no,69,"White Wine"
"white wine sav blanc",Transactional,tool,90,22,E: 50-99,doable 15-29,yes,66,"White Wine"
"wine online shopping",Commercial,tool,90,NaN,E: 50-99,extreme 70+,yes,68,"Wine"
"purchase wines online",Transactional,tool,90,NaN,E: 50-99,extreme 70+,no,65,"Wine"
"wine brand",Commercial,tool,90,NaN,E: 50-99,extreme 70+,yes,65,"Wine"
"absunthe",Transactional,tool,70,21,E: 50-99,doable 15-29,no,75,"Absinthe"
"absithne",Informational,tool,70,29,E: 50-99,doable 15-29,no,73,"Absinthe"
"absinthe liquor",Transactional,tool,70,28,E: 50-99,doable 15-29,yes,72,"Absinthe; Cinnamon Liqueur"
"absinthe booze",Transactional,tool,70,31,E: 50-99,hard 30-49,yes,70,"Absinthe"
"absinthe order",Transactional,tool,70,13,E: 50-99,easy 0-14,yes,70,"Absinthe; Cinnamon Liqueur"
"absinthe purchase",Transactional,tool,70,6,E: 50-99,easy 0-14,yes,69,"Absinthe"
"absynth drink",Transactional,tool,70,24,E: 50-99,doable 15-29,no,68,"Absinthe"
"spirit absinthe",Transactional,tool,70,35,E: 50-99,hard 30-49,yes,68,"Absinthe"
"absint",Informational,tool,70,27,E: 50-99,doable 15-29,yes,67,"Absinthe; Calvados; Chartreuse"
"absinthe and green fairy",Informational,tool,70,12,E: 50-99,easy 0-14,yes,67,"Absinthe; Calvados; Chartreuse"
"absinthe the green fairy",Informational,tool,70,6,E: 50-99,easy 0-14,yes,67,"Absinthe; Calvados; Chartreuse"
"absinthe spirit drink",Transactional,tool,70,25,E: 50-99,doable 15-29,yes,65,"Absinthe; Cinnamon Liqueur"
"cognac s",Commercial,tool,70,20,E: 50-99,doable 15-29,yes,78,"Absinthe; Brandy; Calvados; Campari; Cinnamon Liqueur; Cognac; Cointreau; Cream Liqueur; Grand Marnier; Orange Liqueur"
"cognacs",Transactional,tool,70,24,E: 50-99,doable 15-29,no,78,"Absinthe; Brandy; Calvados; Campari; Cinnamon Liqueur; Cognac; Cointreau; Cream Liqueur; Grand Marnier; Orange Liqueur"
"cogniac",Informational,tool,70,33,E: 50-99,hard 30-49,no,78,"Absinthe; Brandy; Calvados; Campari; Cinnamon Liqueur; Cognac; Cointreau; Cream Liqueur; Grand Marnier; Orange Liqueur"
"alcohol in cognac",Commercial,tool,70,17,E: 50-99,doable 15-29,yes,74,"Absinthe; Calvados; Cognac"
"brandy vsop",Commercial,tool,70,6,E: 50-99,easy 0-14,yes,65,"Absinthe; Cognac"
"what's amaro",Informational,inferred,70,,E: 50-99,unknown,yes,78,"Amaro"
"what is amaro liqueur",Informational,tool,70,36,E: 50-99,hard 30-49,yes,71,"Amaro"
"camparis",Unclassified,none,70,,E: 50-99,unknown,no,71,"Amaro; Campari; Disaronno"
"cocktail campari",Informational,tool,70,31,E: 50-99,hard 30-49,no,71,"Amaro; Campari; Disaronno"
"american whiskey bourbon and rye",Informational,tool,70,11,E: 50-99,easy 0-14,yes,78,"American Whiskey; Bourbon; Rye Whiskey; Scotch Whisky; Whisky"
"best selling bourbon in america",Commercial,tool,70,21,E: 50-99,doable 15-29,yes,78,"American Whiskey; Bourbon; Rye Whiskey; Scotch Whisky; Whisky"
"kentucky whiskey brands",Commercial,tool,70,25,E: 50-99,doable 15-29,yes,78,"American Whiskey; Bourbon; Rye Whiskey; Scotch Whisky; Whisky"
"king of kentucky bourbon",Commercial,tool,70,15,E: 50-99,doable 15-29,yes,78,"American Whiskey; Bourbon; Rye Whiskey; Scotch Whisky; Whisky"
"good american whisky",Commercial,tool,70,10,E: 50-99,easy 0-14,yes,71,"American Whiskey; Australian Whisky; Japanese Whisky; Scotch Whisky"
"buy american whiskey online",Transactional,tool,70,8,E: 50-99,easy 0-14,yes,69,"American Whiskey"
"japanese whiksy",Commercial,tool,70,17,E: 50-99,doable 15-29,yes,81,"American Whiskey; Australian Whisky; Irish Whiskey; Japanese Whisky; Scotch Whisky"
"japanese whisky bar",Commercial,tool,70,25,E: 50-99,doable 15-29,yes,81,"American Whiskey; Australian Whisky; Irish Whiskey; Japanese Whisky; Scotch Whisky"
"japanese whisky delivery",Commercial,tool,70,9,E: 50-99,easy 0-14,yes,81,"American Whiskey; Australian Whisky; Irish Whiskey; Japanese Whisky; Scotch Whisky"
"japanses whisky",Commercial,tool,70,23,E: 50-99,doable 15-29,yes,81,"American Whiskey; Australian Whisky; Irish Whiskey; Japanese Whisky; Scotch Whisky"
"santori whiskey",Commercial,tool,70,15,E: 50-99,doable 15-29,yes,81,"American Whiskey; Australian Whisky; Irish Whiskey; Japanese Whisky; Scotch Whisky"
"whiskey brands japan",Commercial,tool,70,21,E: 50-99,doable 15-29,yes,81,"American Whiskey; Australian Whisky; Irish Whiskey; Japanese Whisky; Scotch Whisky"
"mcallan whiskey",Transactional,tool,70,24,E: 50-99,doable 15-29,yes,68,"American Whiskey; Macallan; Mezcal; Rye Whiskey"
"the macallan whiskey",Commercial,tool,70,11,E: 50-99,easy 0-14,yes,77,"American Whiskey; Cream Liqueur; Glenfiddich; Laphroaig; Macallan; Rye Whiskey"
"whiskey bourbon",Commercial,tool,70,20,E: 50-99,doable 15-29,yes,71,"American Whiskey; Bourbon; Rye Whiskey; Whisky"
"whiskey macallan",Transactional,tool,70,13,E: 50-99,easy 0-14,yes,78,"American Whiskey; Australian Whisky; Cream Liqueur; Glenfiddich; Laphroaig; Macallan; Scotch Whisky; Single Malt; Whisky"
"whisky scotch",Commercial,tool,70,18,E: 50-99,doable 15-29,yes,84,"American Whiskey; Australian Whisky; Cream Liqueur; Irish Whiskey; Japanese Whisky; Rye Whiskey; Scotch Whisky; Single Malt; Whisky"
"johnnie walker single malt whiskey",Commercial,tool,70,13,E: 50-99,easy 0-14,yes,75,"American Whiskey; Johnnie Walker; Scotch Whisky"
"japenese whisky",Commercial,tool,70,12,E: 50-99,easy 0-14,yes,86,"American Whiskey; Australian Whisky; Brandy; Irish Whiskey; Japanese Whisky; Rye Whiskey"
"mccallan whiskey",Commercial,tool,70,17,E: 50-99,doable 15-29,yes,75,"American Whiskey; Laphroaig; Macallan"
"one malt scotch",Commercial,tool,70,25,E: 50-99,doable 15-29,yes,77,"American Whiskey; Australian Whisky; Bourbon; Cream Liqueur; Irish Whiskey; Japanese Whisky; Rye Whiskey; Scotch Whisky; Single Malt; Whisky"
"scotch single malt whisky",Informational,tool,70,18,E: 50-99,doable 15-29,yes,77,"American Whiskey; Australian Whisky; Bourbon; Cream Liqueur; Irish Whiskey; Japanese Whisky; Rye Whiskey; Scotch Whisky; Single Malt; Whisky"
"scotch wisky",Commercial,tool,70,12,E: 50-99,easy 0-14,yes,78,"American Whiskey; Australian Whisky; Japanese Whisky; Rye Whiskey; Scotch Whisky; Whisky"
"single malt and scotch",Commercial,tool,70,22,E: 50-99,doable 15-29,yes,77,"American Whiskey; Australian Whisky; Bourbon; Cream Liqueur; Irish Whiskey; Japanese Whisky; Rye Whiskey; Scotch Whisky; Single Malt; Whisky"
"single malt and scotch whisky",Commercial,tool,70,22,E: 50-99,doable 15-29,yes,77,"American Whiskey; Australian Whisky; Bourbon; Cream Liqueur; Irish Whiskey; Japanese Whisky; Rye Whiskey; Scotch Whisky; Single Malt; Whisky"
"single malt whiskey.",Commercial,tool,70,22,E: 50-99,doable 15-29,no,77,"American Whiskey; Australian Whisky; Bourbon; Cream Liqueur; Irish Whiskey; Japanese Whisky; Rye Whiskey; Scotch Whisky; Single Malt; Whisky"
"single malt wiskey",Commercial,tool,70,22,E: 50-99,doable 15-29,no,77,"American Whiskey; Australian Whisky; Bourbon; Cream Liqueur; Irish Whiskey; Japanese Whisky; Rye Whiskey; Scotch Whisky; Single Malt; Whisky"
"what is a single malt",Informational,tool,70,25,E: 50-99,doable 15-29,no,77,"American Whiskey; Australian Whisky; Bourbon; Cream Liqueur; Irish Whiskey; Japanese Whisky; Rye Whiskey; Scotch Whisky; Single Malt; Whisky"
"whiskey japanese",Commercial,tool,70,18,E: 50-99,doable 15-29,yes,83,"American Whiskey; Australian Whisky; Irish Whiskey; Japanese Whisky; Rye Whiskey"
"whisky single malt scotch",Commercial,tool,70,15,E: 50-99,doable 15-29,yes,77,"American Whiskey; Australian Whisky; Bourbon; Cream Liqueur; Irish Whiskey; Japanese Whisky; Rye Whiskey; Scotch Whisky; Single Malt; Whisky"
"gelnfiddich 12",Commercial,tool,70,9,E: 50-99,easy 0-14,no,77,"American Whiskey; GlenDronach; Glenfiddich; Japanese Whisky; Laphroaig; Macallan; Scotch Whisky; Single Malt"
"glenfiddich 15 dan murphy",Transactional,tool,70,24,E: 50-99,doable 15-29,yes,77,"American Whiskey; GlenDronach; Glenfiddich; Japanese Whisky; Laphroaig; Macallan; Scotch Whisky; Single Malt"
"glenfiddich single malt whiskey",Commercial,tool,70,17,E: 50-99,doable 15-29,yes,72,"American Whiskey; GlenDronach; Glenfiddich; Irish Whiskey; Laphroaig; Single Malt"
"japanese scotch whisky",Commercial,tool,70,12,E: 50-99,easy 0-14,yes,86,"American Whiskey; Australian Whisky; Irish Whiskey; Japanese Whisky; Rye Whiskey; Scotch Whisky"
"laphroaig 18",Commercial,tool,70,11,E: 50-99,easy 0-14,yes,84,"American Whiskey; Irish Whiskey; Laphroaig; Macallan; Rye Whiskey; Scotch Whisky; Single Malt; Whisky"
"laphroaig elements 3.0",Commercial,tool,70,14,E: 50-99,easy 0-14,yes,84,"American Whiskey; Irish Whiskey; Laphroaig; Macallan; Rye Whiskey; Scotch Whisky; Single Malt; Whisky"
"recommended single malt scotch",Commercial,tool,70,11,E: 50-99,easy 0-14,yes,67,"American Whiskey; Australian Whisky; Bourbon; Cognac; Cream Liqueur; Dark Rum; Gin Premix; Irish Whiskey; Japanese Whisky; Laphroaig; Macallan; Rum; Rye Whiskey; Scotch Whisky; Single Malt; Whisky; White Rum; White Tequila"
"scotch whisky glenfiddich",Informational,tool,70,10,E: 50-99,easy 0-14,yes,77,"American Whiskey; GlenDronach; Glenfiddich; Japanese Whisky; Laphroaig; Macallan; Scotch Whisky; Single Malt"
"single malt for sale",Transactional,tool,70,21,E: 50-99,doable 15-29,no,67,"American Whiskey; Australian Whisky; Bourbon; Cognac; Cream Liqueur; Dark Rum; Gin Premix; Irish Whiskey; Japanese Whisky; Laphroaig; Macallan; Rum; Rye Whiskey; Scotch Whisky; Single Malt; Whisky; White Rum; White Tequila"
"single malt whisky sale",Transactional,tool,70,15,E: 50-99,doable 15-29,yes,67,"American Whiskey; Australian Whisky; Bourbon; Cognac; Cream Liqueur; Dark Rum; Gin Premix; Irish Whiskey; Japanese Whisky; Laphroaig; Macallan; Rum; Rye Whiskey; Scotch Whisky; Single Malt; Whisky; White Rum; White Tequila"
"macalan whiskey",Commercial,tool,70,16,E: 50-99,doable 15-29,yes,82,"American Whiskey; Cognac; Laphroaig; Macallan; Whisky"
"macallan whiskey 12",Commercial,tool,70,9,E: 50-99,easy 0-14,yes,66,"American Whiskey; Baileys Irish Cream; Macallan"
"mc galan whisky",Commercial,tool,70,16,E: 50-99,doable 15-29,yes,82,"American Whiskey; Cognac; Laphroaig; Macallan; Whisky"
"scotch and whisky",Informational,tool,70,14,E: 50-99,easy 0-14,yes,79,"American Whiskey; Australian Whisky; Cream Liqueur; Irish Whiskey; Japanese Whisky; Scotch Whisky; Single Malt; Whisky"
"scotch whiskies",Commercial,tool,70,17,E: 50-99,doable 15-29,yes,76,"American Whiskey; Australian Whisky; Japanese Whisky; Scotch Whisky; Whisky"
"scotch whisky australia",Commercial,tool,70,8,E: 50-99,easy 0-14,yes,73,"American Whiskey; Australian Whisky; Japanese Whisky; Scotch Whisky; Single Malt; Whisky"
"tallisker",Informational,tool,70,46,E: 50-99,hard 30-49,no,67,"American Whiskey; Macallan; Scotch Whisky"
"the macallan single malt scotch",Commercial,tool,70,,E: 50-99,unknown,yes,82,"American Whiskey; Cognac; Laphroaig; Macallan; Whisky"
"the macallan single malt scotch whisky",Commercial,tool,70,6,E: 50-99,easy 0-14,yes,82,"American Whiskey; Cognac; Laphroaig; Macallan; Whisky"
"the mcallan",Commercial,tool,70,,E: 50-99,unknown,no,82,"American Whiskey; Cognac; Laphroaig; Macallan; Whisky"
"whiskey in australia",Commercial,tool,70,36,E: 50-99,hard 30-49,yes,75,"American Whiskey; Australian Whisky; Whisky"
"aeperol",Transactional,tool,70,17,E: 50-99,doable 15-29,no,74,"Aperol"
"aperol buy",Transactional,tool,70,11,E: 50-99,easy 0-14,no,68,"Aperol"
"aperol pack",Commercial,tool,70,12,E: 50-99,easy 0-14,no,66,"Aperol"
"aperol wine",Informational,tool,70,17,E: 50-99,doable 15-29,yes,65,"Aperol"
"aboslut",Commercial,tool,70,16,E: 50-99,doable 15-29,no,70,"Aperol; Brandy; Cointreau; Dark Rum; Disaronno; Gin Premix; Gold Tequila; Jägermeister; Orange Liqueur; Polish Vodka; Rum; Russian Vodka; Sambuca; Tequila; Vodka Premix; Vodka; White Rum; White Tequila"
"absolite vodka",Commercial,tool,70,15,E: 50-99,doable 15-29,yes,70,"Aperol; Brandy; Cointreau; Dark Rum; Disaronno; Gin Premix; Gold Tequila; Jägermeister; Orange Liqueur; Polish Vodka; Rum; Russian Vodka; Sambuca; Tequila; Vodka Premix; Vodka; White Rum; White Tequila"
"absolut shots",Commercial,tool,70,13,E: 50-99,easy 0-14,no,70,"Aperol; Brandy; Cointreau; Dark Rum; Disaronno; Gin Premix; Gold Tequila; Jägermeister; Orange Liqueur; Polish Vodka; Rum; Russian Vodka; Sambuca; Tequila; Vodka Premix; Vodka; White Rum; White Tequila"
"absolut vodka flavour",Informational,tool,70,14,E: 50-99,easy 0-14,yes,70,"Aperol; Brandy; Cointreau; Dark Rum; Disaronno; Gin Premix; Gold Tequila; Jägermeister; Orange Liqueur; Polish Vodka; Rum; Russian Vodka; Sambuca; Tequila; Vodka Premix; Vodka; White Rum; White Tequila"
"cheapest vodka brands",Commercial,tool,70,32,E: 50-99,hard 30-49,yes,70,"Aperol; Brandy; Cointreau; Dark Rum; Disaronno; Gin Premix; Gold Tequila; Jägermeister; Orange Liqueur; Polish Vodka; Rum; Russian Vodka; Sambuca; Tequila; Vodka Premix; Vodka; White Rum; White Tequila"
"patrón silver tequila",Transactional,tool,70,14,E: 50-99,easy 0-14,yes,69,"Aperol; Cointreau; Don Julio; Gold Tequila; Patron; Tequila; White Tequila"
"shot absolut vodka",Commercial,tool,70,14,E: 50-99,easy 0-14,yes,70,"Aperol; Brandy; Cointreau; Dark Rum; Disaronno; Gin Premix; Gold Tequila; Jägermeister; Orange Liqueur; Polish Vodka; Rum; Russian Vodka; Sambuca; Tequila; Vodka Premix; Vodka; White Rum; White Tequila"
"patron tequil",Commercial,tool,70,12,E: 50-99,easy 0-14,yes,69,"Aperol; Cognac; Cointreau; Don Julio; Gold Tequila; Jägermeister; Mezcal; Orange Liqueur; Patron; Tequila; White Tequila"
"cointreau on special",Commercial,tool,70,6,E: 50-99,easy 0-14,yes,75,"Aperol; Campari; Cinnamon Liqueur; Cognac; Cointreau; Disaronno; Grand Marnier; Patron"
"best australian whiskies",Commercial,tool,70,17,E: 50-99,doable 15-29,yes,88,"Australian Whisky; Japanese Whisky; Single Malt; Whisky"
"aussie whiskey",Informational,tool,70,21,E: 50-99,doable 15-29,yes,84,"Australian Whisky; Irish Whiskey; Japanese Whisky; Single Malt"
"australian made whiskey",Commercial,tool,70,17,E: 50-99,doable 15-29,yes,82,"Australian Whisky; Irish Whiskey"
"australian award winning whisky",Commercial,tool,70,17,E: 50-99,doable 15-29,yes,67,"Australian Whisky"
"best whiskeys in australia",Commercial,tool,70,15,E: 50-99,doable 15-29,no,66,"Australian Whisky"
"whisky single malt",Commercial,tool,70,17,E: 50-99,doable 15-29,yes,71,"Australian Whisky; Cream Liqueur; Scotch Whisky; Single Malt; Whisky"
"godawan whisky",Commercial,tool,70,6,E: 50-99,easy 0-14,yes,68,"Australian Whisky; Bourbon; Irish Whiskey; Japanese Whisky; Whisky"
"whisky brand",Commercial,tool,70,20,E: 50-99,doable 15-29,yes,69,"Australian Whisky; Japanese Whisky; Scotch Whisky; Whisky"
"glenlevit 12",Commercial,tool,70,,E: 50-99,unknown,no,65,"Australian Whisky; Baileys Irish Cream; GlenDronach; Glenfiddich; Grand Marnier; Grey Goose; Johnnie Walker; Single Malt"
"glenlivet 12 double oak review",Commercial,tool,70,6,E: 50-99,easy 0-14,no,65,"Australian Whisky; Baileys Irish Cream; GlenDronach; Glenfiddich; Grand Marnier; Grey Goose; Johnnie Walker; Single Malt"
"glenlivit 12",Commercial,tool,70,20,E: 50-99,doable 15-29,no,65,"Australian Whisky; Baileys Irish Cream; GlenDronach; Glenfiddich; Grand Marnier; Grey Goose; Johnnie Walker; Single Malt"
"glenshiel whisky",Commercial,tool,70,9,E: 50-99,easy 0-14,yes,67,"Australian Whisky; GlenDronach; Glenfiddich; Laphroaig; Macallan; Scotch Whisky; Single Malt"
"tasmanian whiskey lark",Transactional,tool,70,,E: 50-99,unknown,yes,66,"Australian Whisky; Lark"
"tasmanian whisky lark",Transactional,tool,70,19,E: 50-99,doable 15-29,yes,66,"Australian Whisky; Lark"
"the glenlivet 12 year old",Commercial,tool,70,10,E: 50-99,easy 0-14,yes,65,"Australian Whisky; Baileys Irish Cream; GlenDronach; Glenfiddich; Grand Marnier; Grey Goose; Johnnie Walker; Single Malt"
"whisky japan",Commercial,tool,70,21,E: 50-99,doable 15-29,yes,82,"Australian Whisky; Japanese Whisky"
"bai jiu alcohol",Transactional,tool,70,29,E: 50-99,doable 15-29,no,71,"Baijiu; Soju"
"moutai baijiu",Transactional,tool,70,39,E: 50-99,hard 30-49,yes,71,"Baijiu; Soju"
"a standard drink contains how many grams of alcohol",Informational,tool,70,18,E: 50-99,doable 15-29,no,68,"Baijiu; Soju"
"jinro chamisul soju",Unclassified,none,70,,E: 50-99,unknown,yes,68,"Baijiu; Soju"
"sojus",Informational,tool,70,39,E: 50-99,hard 30-49,no,67,"Baijiu; Soju"
"standard drinks converter",Unclassified,none,70,,E: 50-99,unknown,no,68,"Baijiu; Soju"
"alcohol percentage of soju",Informational,tool,70,19,E: 50-99,doable 15-29,yes,70,"Baijiu; Soju"
"define soju",Informational,tool,70,52,E: 50-99,very hard 50-69,yes,70,"Baijiu; Soju"
"is soju strong",Informational,tool,70,23,E: 50-99,doable 15-29,yes,70,"Baijiu; Soju"
"soju australia",Commercial,tool,70,15,E: 50-99,doable 15-29,yes,68,"Baijiu; Soju"
"soju percent",Informational,tool,70,,E: 50-99,unknown,yes,70,"Baijiu; Soju"
"packet soju",Commercial,tool,70,12,E: 50-99,easy 0-14,yes,69,"Baijiu; Soju"
"pack of soju",Commercial,tool,70,8,E: 50-99,easy 0-14,yes,65,"Baijiu; Soju"
"bailey's irish cream flavours",Navigational,tool,70,18,E: 50-99,doable 15-29,no,67,"Baileys Irish Cream; Cream Liqueur"
"baileys 1 ltr",Commercial,tool,70,13,E: 50-99,easy 0-14,yes,67,"Baileys Irish Cream; Cream Liqueur"
"baileys irish cream liqueur 1l",Commercial,tool,70,8,E: 50-99,easy 0-14,yes,67,"Baileys Irish Cream"
"baileys irish cream liqueur ingredients",Informational,inferred,70,,E: 50-99,unknown,yes,67,"Baileys Irish Cream; Cream Liqueur"
"baileys whisky",Transactional,tool,70,17,E: 50-99,doable 15-29,yes,67,"Baileys Irish Cream; Cream Liqueur"
"bailys irish cream",Informational,tool,70,17,E: 50-99,doable 15-29,no,67,"Baileys Irish Cream; Cream Liqueur"
"flavors of baileys liquor",Commercial,tool,70,13,E: 50-99,easy 0-14,yes,67,"Baileys Irish Cream; Cream Liqueur"
"irish cream bailey",Transactional,tool,70,27,E: 50-99,doable 15-29,no,67,"Baileys Irish Cream; Cream Liqueur"
"irish cream liquer",Informational,tool,70,7,E: 50-99,easy 0-14,no,67,"Baileys Irish Cream; Cream Liqueur"
"irish cream syrup",Informational,tool,70,6,E: 50-99,easy 0-14,no,67,"Baileys Irish Cream; Cream Liqueur"
"price of baileys",Transactional,tool,70,,E: 50-99,unknown,yes,67,"Baileys Irish Cream; Cream Liqueur"
"recipe of baileys irish cream",Informational,tool,70,31,E: 50-99,hard 30-49,yes,67,"Baileys Irish Cream; Cream Liqueur"
"what is the alcohol in baileys",Informational,tool,70,23,E: 50-99,doable 15-29,yes,67,"Baileys Irish Cream; Cream Liqueur"
"baileys irish cream 1 litre price",Transactional,tool,70,10,E: 50-99,easy 0-14,yes,66,"Baileys Irish Cream"
"irish liqueur",Commercial,tool,70,17,E: 50-99,doable 15-29,yes,66,"Baileys Irish Cream; Cream Liqueur"
"australian pale ales",Informational,tool,70,,E: 50-99,unknown,yes,79,"Beer; IPA; Lager; Light Beer; Pale Ale"
"british pale ale",Informational,tool,70,,E: 50-99,unknown,no,79,"Beer; IPA; Lager; Light Beer; Pale Ale"
"english pale ale",Informational,tool,70,,E: 50-99,unknown,no,79,"Beer; IPA; Lager; Light Beer; Pale Ale"
"tropical pale ale",Commercial,tool,70,0,E: 50-99,easy 0-14,no,79,"Beer; IPA; Lager; Light Beer; Pale Ale"
"belevedere hotel",Navigational,tool,70,22,E: 50-99,doable 15-29,no,72,"Belvedere"
"alcohol bourbon",Commercial,tool,70,13,E: 50-99,easy 0-14,yes,75,"Bourbon"
"burbin",Commercial,tool,70,14,E: 50-99,easy 0-14,no,73,"Bourbon"
"bourbon sale",Transactional,tool,70,8,E: 50-99,easy 0-14,yes,69,"Bourbon"
"best bourbon whiskeys",Commercial,tool,70,18,E: 50-99,doable 15-29,yes,68,"Bourbon; Rye Whiskey"
"best drinking bourbon",Commercial,tool,70,16,E: 50-99,doable 15-29,yes,68,"Bourbon; Rye Whiskey"
"good types of bourbon",Commercial,tool,70,17,E: 50-99,doable 15-29,yes,68,"Bourbon; Rye Whiskey"
"premium bourbons",Commercial,inferred,70,,E: 50-99,unknown,no,68,"Bourbon; Rye Whiskey"
"boubon",Commercial,tool,70,11,E: 50-99,easy 0-14,no,67,"Bourbon"
"black bourbon whiskey",Informational,tool,70,7,E: 50-99,easy 0-14,yes,65,"Bourbon; Rye Whiskey"
"bourbon whiskey is made from what",Informational,inferred,70,,E: 50-99,unknown,yes,65,"Bourbon; Rye Whiskey"
"price bourbon",Commercial,tool,70,9,E: 50-99,easy 0-14,yes,65,"Bourbon"
"what is difference between whiskey and bourbon",Informational,tool,70,16,E: 50-99,doable 15-29,yes,65,"Bourbon; Rye Whiskey"
"what's the difference between a bourbon and a whiskey",Informational,tool,70,15,E: 50-99,doable 15-29,yes,65,"Bourbon; Rye Whiskey"
"what's the difference between a whiskey and a bourbon",Informational,tool,70,,E: 50-99,unknown,yes,65,"Bourbon; Rye Whiskey"
"bourbon rye whiskey",Commercial,tool,70,18,E: 50-99,doable 15-29,yes,80,"Bourbon; Brandy; Rye Whiskey; Spiced Rum"
"bourbon versus rye",Commercial,tool,70,14,E: 50-99,easy 0-14,yes,80,"Bourbon; Brandy; Rye Whiskey; Spiced Rum"
"bourbon vs whiskey vs rye",Commercial,tool,70,22,E: 50-99,doable 15-29,yes,80,"Bourbon; Brandy; Rye Whiskey; Spiced Rum"
"rittenhouse rye whiskey",Informational,tool,70,19,E: 50-99,doable 15-29,yes,80,"Bourbon; Brandy; Rye Whiskey; Spiced Rum"
"rye whiskey vs bourbon taste",Informational,tool,70,13,E: 50-99,easy 0-14,yes,80,"Bourbon; Brandy; Rye Whiskey; Spiced Rum"
"branded brandy",Commercial,tool,70,18,E: 50-99,doable 15-29,yes,73,"Brandy"
"brandy melbourne",Navigational,tool,70,54,E: 50-99,very hard 50-69,yes,68,"Brandy"
"brandy mellville australia",Navigational,tool,70,36,E: 50-99,hard 30-49,yes,68,"Brandy"
"brandy melville chadstone",Navigational,tool,70,57,E: 50-99,very hard 50-69,yes,68,"Brandy"
"brandy melville city",Navigational,tool,70,51,E: 50-99,very hard 50-69,yes,68,"Brandy"
"brandy melville jackets",Navigational,tool,70,62,E: 50-99,very hard 50-69,yes,68,"Brandy"
"brandy melville long sleeve",Navigational,tool,70,18,E: 50-99,doable 15-29,yes,68,"Brandy"
"brandy melville priscilla pants",Navigational,tool,70,,E: 50-99,unknown,yes,68,"Brandy"
"brandy. melville",Navigational,tool,70,67,E: 50-99,very hard 50-69,no,68,"Brandy"
"brandymelville aus",Unclassified,none,70,,E: 50-99,unknown,no,68,"Brandy"
"sydney brandy melville",Navigational,tool,70,35,E: 50-99,hard 30-49,yes,68,"Brandy"
"ブランディーメルビル",Navigational,tool,70,47,E: 50-99,hard 30-49,no,68,"Brandy"
"blended irish whiskey",Commercial,tool,70,13,E: 50-99,easy 0-14,yes,78,"Brandy; Irish Whiskey; Japanese Whisky; Rye Whiskey"
"vodka.",Commercial,tool,70,28,E: 50-99,doable 15-29,no,78,"Brandy; Gin Premix; Russian Vodka; Vodka Premix; Vodka"
"jager bomb halloween costume",Informational,tool,70,27,E: 50-99,doable 15-29,no,66,"Brandy; Jägermeister"
"jagermeister bombs",Unclassified,none,70,,E: 50-99,unknown,yes,66,"Brandy; Jägermeister"
"martell alcohol",Informational,tool,70,9,E: 50-99,easy 0-14,yes,74,"Brandy; Cognac; Grand Marnier; Martell"
"what is a jagermeister drink",Informational,tool,70,44,E: 50-99,hard 30-49,yes,66,"Brandy; Jägermeister"
"what is jagermeister made of",Informational,tool,70,41,E: 50-99,hard 30-49,yes,66,"Brandy; Jägermeister"
"cognac sale",Transactional,tool,70,7,E: 50-99,easy 0-14,yes,68,"Calvados; Cognac"
"blue white bottle tequila",Commercial,tool,70,16,E: 50-99,doable 15-29,yes,67,"Calvados; Don Julio; Jose Cuervo; Kahlúa; Mezcal; Tequila; White Tequila"
"cofnac",Commercial,tool,70,23,E: 50-99,doable 15-29,no,73,"Calvados; Cognac"
"bitter campari",Informational,tool,70,25,E: 50-99,doable 15-29,no,66,"Campari; Disaronno"
"drink campari soda",Informational,tool,70,19,E: 50-99,doable 15-29,no,66,"Campari"
"campari flavour",Informational,tool,70,34,E: 50-99,hard 30-49,no,65,"Campari"
"jager meister",Transactional,tool,70,22,E: 50-99,doable 15-29,no,72,"Campari; Jägermeister"
"st germain elderflower liquer",Informational,tool,70,22,E: 50-99,doable 15-29,no,65,"Campari; Cointreau; Grand Marnier; Orange Liqueur; Sambuca; St Germain"
"jagermeister 1 litro",Informational,tool,70,9,E: 50-99,easy 0-14,yes,79,"Campari; Cognac; Grand Marnier; Jägermeister"
"jagermeister 1 ltr",Commercial,tool,70,,E: 50-99,unknown,yes,79,"Campari; Cognac; Grand Marnier; Jägermeister"
"jäger price",Transactional,inferred,70,,E: 50-99,unknown,no,79,"Campari; Cognac; Grand Marnier; Jägermeister"
"price of jager",Transactional,tool,70,10,E: 50-99,easy 0-14,no,79,"Campari; Cognac; Grand Marnier; Jägermeister"
"yagermeister",Transactional,tool,70,16,E: 50-99,doable 15-29,no,78,"Campari; Grand Marnier; Imported Beer; Jägermeister"
"jaigermeister",Transactional,tool,70,23,E: 50-99,doable 15-29,no,71,"Campari; Imported Beer; Jägermeister"
"st germain's liquor",Informational,tool,70,30,E: 50-99,hard 30-49,no,72,"Campari; Orange Liqueur; Sambuca; St Germain"
"st. germain elderflower liqueur",Commercial,tool,70,24,E: 50-99,doable 15-29,yes,72,"Campari; Orange Liqueur; Sambuca; St Germain"
"chartreause",Informational,tool,70,28,E: 50-99,doable 15-29,no,85,"Chartreuse"
"shartruse",Transactional,tool,70,28,E: 50-99,doable 15-29,no,79,"Chartreuse"
"chardenay",Transactional,tool,70,22,E: 50-99,doable 15-29,yes,67,"Chartreuse; White Wine; Wine"
"chardonnay best",Commercial,tool,70,8,E: 50-99,easy 0-14,yes,67,"Chartreuse; White Wine; Wine"
"cointreay",Transactional,tool,70,26,E: 50-99,doable 15-29,no,76,"Chartreuse; Cointreau"
"dappled chardonnay",Transactional,tool,70,9,E: 50-99,easy 0-14,yes,67,"Chartreuse; White Wine; Wine"
"most popular chardonnay",Commercial,tool,70,8,E: 50-99,easy 0-14,yes,67,"Chartreuse; White Wine; Wine"
"top chardonnay wines",Commercial,tool,70,6,E: 50-99,easy 0-14,yes,67,"Chartreuse; White Wine; Wine"
"white chardonnay",Commercial,tool,70,20,E: 50-99,doable 15-29,yes,67,"Chartreuse; White Wine; Wine"
"wine chardonnay",Informational,tool,70,20,E: 50-99,doable 15-29,yes,69,"Chartreuse; Red Wine; White Wine; Wine"
"chardonay wine",Commercial,tool,70,26,E: 50-99,doable 15-29,yes,66,"Chartreuse; Wine"
"cordon bleu cognac",Informational,tool,70,12,E: 50-99,easy 0-14,yes,70,"Chartreuse; Cognac; Martell"
"cognac martell xo",Transactional,tool,70,9,E: 50-99,easy 0-14,yes,68,"Chartreuse; Cognac; Martell"
"cost of grand marnier",Commercial,tool,70,14,E: 50-99,easy 0-14,yes,72,"Chartreuse; Grand Marnier; St Germain"
"apple cidae",Commercial,tool,70,19,E: 50-99,doable 15-29,no,67,"Cider; Ginger Beer"
"cider from england",Informational,tool,70,36,E: 50-99,hard 30-49,yes,67,"Cider; Ginger Beer"
"cider sales",Transactional,tool,70,14,E: 50-99,easy 0-14,yes,67,"Cider; Ginger Beer"
"england cider",Commercial,tool,70,39,E: 50-99,hard 30-49,yes,67,"Cider; Ginger Beer"
"is drinking apple cider healthy",Informational,tool,70,65,E: 50-99,very hard 50-69,yes,67,"Cider; Ginger Beer"
"rattler cider",Commercial,tool,70,24,E: 50-99,doable 15-29,yes,67,"Cider; Ginger Beer"
"whats apple cider",Informational,tool,70,8,E: 50-99,easy 0-14,yes,67,"Cider; Ginger Beer"
"cidwr",Commercial,tool,70,20,E: 50-99,doable 15-29,no,66,"Cider"
"cinnamon flavored whiskey",Commercial,tool,70,18,E: 50-99,doable 15-29,yes,84,"Cinnamon Liqueur"
"cinnamon whisky cocktail",Commercial,tool,70,18,E: 50-99,doable 15-29,yes,84,"Cinnamon Liqueur"
"cream liqueurs",Commercial,tool,70,17,E: 50-99,doable 15-29,no,78,"Cinnamon Liqueur; Coffee Liqueur; Cream Liqueur"
"polish booze",Commercial,tool,70,9,E: 50-99,easy 0-14,yes,76,"Cinnamon Liqueur; Polish Vodka"
"orange liqueur cointreau",Informational,tool,70,39,E: 50-99,hard 30-49,yes,72,"Cinnamon Liqueur; Cognac; Cointreau; Orange Liqueur; Patron"
"alco coffee",Informational,tool,70,17,E: 50-99,doable 15-29,yes,81,"Coffee Liqueur; Orange Liqueur"
"coffee liquier",Commercial,tool,70,13,E: 50-99,easy 0-14,yes,81,"Coffee Liqueur; Orange Liqueur"
"dark coffee liqueur",Unclassified,none,70,,E: 50-99,unknown,yes,81,"Coffee Liqueur; Orange Liqueur"
"coffe liquor",Commercial,tool,70,15,E: 50-99,doable 15-29,no,78,"Coffee Liqueur"
"buy coffee liqueur",Transactional,tool,70,9,E: 50-99,easy 0-14,yes,72,"Coffee Liqueur"
"foursquare spiced rum",Commercial,tool,70,6,E: 50-99,easy 0-14,yes,91,"Coffee Liqueur; Dark Rum; Rum; Spiced Rum; White Rum"
"spiced rum drinks",Informational,tool,70,21,E: 50-99,doable 15-29,yes,91,"Coffee Liqueur; Dark Rum; Rum; Spiced Rum; White Rum"
"remy martin vsop cognac",Commercial,tool,70,10,E: 50-99,easy 0-14,yes,70,"Cognac; Cointreau; Martell"
"cognac vs martell",Commercial,tool,70,12,E: 50-99,easy 0-14,yes,69,"Cognac; Grand Marnier; Martell"
"martell cognac blue",Commercial,tool,70,9,E: 50-99,easy 0-14,yes,69,"Cognac; Martell"
"remy cognac",Navigational,tool,70,15,E: 50-99,doable 15-29,yes,69,"Cognac; Cointreau; Martell"
"remy martin cognac xo",Informational,tool,70,10,E: 50-99,easy 0-14,yes,69,"Cognac; Cointreau; Martell"
"cointrea",Transactional,tool,70,28,E: 50-99,doable 15-29,yes,75,"Cointreau"
"contraue",Transactional,tool,70,20,E: 50-99,doable 15-29,no,65,"Cointreau"
"jose cuervo 1 liter",Informational,tool,70,9,E: 50-99,easy 0-14,yes,82,"Cointreau; Don Julio; Gold Tequila; Jose Cuervo; Tequila; White Tequila"
"tequilas cuervo",Informational,tool,70,17,E: 50-99,doable 15-29,yes,82,"Cointreau; Don Julio; Gold Tequila; Jose Cuervo; Tequila; White Tequila"
"scotch laphroaig",Commercial,tool,70,20,E: 50-99,doable 15-29,yes,75,"Cream Liqueur; Irish Whiskey; Laphroaig; Whisky"
"dark rum types",Commercial,tool,70,19,E: 50-99,doable 15-29,yes,66,"Dark Rum; Rum; Spiced Rum"
"dark spiced rum",Commercial,tool,70,7,E: 50-99,easy 0-14,yes,66,"Dark Rum; Rum; Spiced Rum"
"australian dark rum",Commercial,tool,70,5,E: 50-99,easy 0-14,yes,74,"Dark Rum; Rum; Spiced Rum; White Rum"
"rum on special",Commercial,tool,70,8,E: 50-99,easy 0-14,yes,69,"Dark Rum; Rum; Spiced Rum; White Rum"
"spoced rum",Commercial,tool,70,12,E: 50-99,easy 0-14,yes,88,"Dark Rum; Rum; Spiced Rum; White Rum"
"bottles of rum",Unclassified,none,70,,E: 50-99,unknown,yes,68,"Dark Rum; Rum; Spiced Rum; White Rum"
"spices rum",Commercial,tool,70,5,E: 50-99,easy 0-14,yes,90,"Dark Rum; Rum; Spiced Rum; White Rum"
"spiced rums",Commercial,tool,70,17,E: 50-99,doable 15-29,yes,82,"Dark Rum; Rum; Spiced Rum; White Rum"
"price of disaronno amaretto",Transactional,tool,70,8,E: 50-99,easy 0-14,no,70,"Disaronno"
"vodla",Commercial,tool,70,31,E: 50-99,hard 30-49,no,82,"Disaronno; Vodka"
"don julio price 1942",Transactional,tool,70,10,E: 50-99,easy 0-14,yes,84,"Don Julio; Gold Tequila; Jose Cuervo; Mezcal; Tequila"
"don julio tequilla",Commercial,tool,70,10,E: 50-99,easy 0-14,yes,84,"Don Julio; Gold Tequila; Jose Cuervo; Mezcal; Tequila"
"price of 1942 don julio",Transactional,tool,70,11,E: 50-99,easy 0-14,yes,72,"Don Julio; Jose Cuervo"
"price on don julio 1942",Transactional,tool,70,9,E: 50-99,easy 0-14,yes,67,"Don Julio; Jose Cuervo"
"bottle don julio",Transactional,tool,70,9,E: 50-99,easy 0-14,yes,66,"Don Julio; Jose Cuervo"
"gold tequila jose cuervo",Commercial,tool,70,9,E: 50-99,easy 0-14,yes,71,"Don Julio; Gold Tequila; Jose Cuervo; White Tequila"
"gold jose cuervo tequila",Commercial,tool,70,8,E: 50-99,easy 0-14,yes,72,"Don Julio; Gold Tequila; Jose Cuervo; White Tequila"
"energy can drink",Informational,tool,70,12,E: 50-99,easy 0-14,no,69,"energy drink"
"using energy drinks with other drugs",Informational,tool,70,45,E: 50-99,hard 30-49,yes,68,"energy drink"
"energy drink without caffeine",Commercial,tool,70,17,E: 50-99,doable 15-29,no,67,"energy drink; Zero Sugar"
"vs energy drink",Informational,tool,70,23,E: 50-99,doable 15-29,no,66,"energy drink"
"gin premix cans",Commercial,tool,70,0,E: 50-99,easy 0-14,yes,79,"Gin Premix; Gin; Vodka Premix"
"rum premix",Commercial,tool,70,0,E: 50-99,easy 0-14,yes,70,"Gin Premix; Spiced Rum; Vodka Premix"
"pre mixed vodka",Commercial,tool,70,0,E: 50-99,easy 0-14,yes,81,"Gin Premix; Premix; Soju; Vodka Premix; Vodka"
"gordon's dry london gin",Commercial,tool,70,,E: 50-99,unknown,yes,65,"Gin Premix; Gin; Glenfiddich; Vodka Premix"
"pre mixed alcoholic drinks 6 pack",Commercial,tool,70,0,E: 50-99,easy 0-14,yes,69,"Gin Premix; Premix; Soju; Vodka Premix; Vodka"
"premix spritz drink",Commercial,tool,70,0,E: 50-99,easy 0-14,no,69,"Gin Premix; Premix; Soju; Vodka Premix; Vodka"
"pre mixed vodka drinks",Commercial,tool,70,0,E: 50-99,easy 0-14,yes,76,"Gin Premix; Premix; Vodka Premix; Vodka"
"canilla vodka",Unclassified,none,70,,E: 50-99,unknown,yes,66,"Gin Premix; Premix; Vodka Premix; Vodka"
"club soda vodka drinks",Informational,tool,70,0,E: 50-99,easy 0-14,yes,66,"Gin Premix; Premix; Vodka Premix; Vodka"
"club soda with vodka",Informational,tool,70,0,E: 50-99,easy 0-14,yes,66,"Gin Premix; Premix; Vodka Premix; Vodka"
"cvodka soda",Informational,tool,70,,E: 50-99,unknown,no,66,"Gin Premix; Premix; Vodka Premix; Vodka"
"drinks with club soda and vodka",Informational,tool,70,0,E: 50-99,easy 0-14,yes,66,"Gin Premix; Premix; Vodka Premix; Vodka"
"vodka and club soda",Informational,tool,70,0,E: 50-99,easy 0-14,yes,66,"Gin Premix; Premix; Vodka Premix; Vodka"
"vodka and soda water",Informational,tool,70,0,E: 50-99,easy 0-14,yes,66,"Gin Premix; Premix; Vodka Premix; Vodka"
"vodka club soda",Informational,tool,70,0,E: 50-99,easy 0-14,yes,66,"Gin Premix; Premix; Vodka Premix; Vodka"
"vodka mixed cans",Commercial,tool,70,0,E: 50-99,easy 0-14,yes,65,"Gin Premix; Premix; Vodka Premix; Vodka"
"vodka with soda water",Commercial,tool,70,0,E: 50-99,easy 0-14,yes,66,"Gin Premix; Premix; Vodka Premix; Vodka"
"vodka.soda",Informational,tool,70,,E: 50-99,unknown,no,66,"Gin Premix; Premix; Vodka Premix; Vodka"
"award winning australian gin",Commercial,tool,70,0,E: 50-99,easy 0-14,yes,68,"Gin Premix; Gin"
"award winning gin",Commercial,tool,70,0,E: 50-99,easy 0-14,yes,68,"Gin Premix; Gin"
"gins brands",Commercial,tool,70,0,E: 50-99,easy 0-14,no,68,"Gin Premix; Gin"
"beer ginger ale",Commercial,tool,70,0,E: 50-99,easy 0-14,yes,67,"Ginger Beer"
"ginge beer",Informational,tool,70,0,E: 50-99,easy 0-14,yes,67,"Ginger Beer"
"ginger beer alcoholic percentage",Informational,tool,70,0,E: 50-99,easy 0-14,yes,67,"Ginger Beer"
"gingger beer",Informational,tool,70,0,E: 50-99,easy 0-14,yes,67,"Ginger Beer"
"is ginger beer the same as root beer",Informational,tool,70,0,E: 50-99,easy 0-14,yes,67,"Ginger Beer"
"gin as a gift",Commercial,tool,70,11,E: 50-99,easy 0-14,yes,69,"Gin"
"glendronach traditionally peated",Commercial,tool,70,9,E: 50-99,easy 0-14,yes,85,"GlenDronach; Laphroaig"
"glendronach whisky",Commercial,tool,70,9,E: 50-99,easy 0-14,yes,71,"GlenDronach; Laphroaig"
"glenallachie 10",Commercial,tool,70,8,E: 50-99,easy 0-14,no,66,"GlenDronach"
"glenallachie 21",Commercial,tool,70,9,E: 50-99,easy 0-14,no,66,"GlenDronach"
"glennfiddich",Commercial,tool,70,22,E: 50-99,doable 15-29,no,71,"GlenDronach; Glenfiddich"
"glenfiditch",Commercial,tool,70,17,E: 50-99,doable 15-29,no,66,"GlenDronach; Glenfiddich"
"glenfiddich xx",Commercial,tool,70,6,E: 50-99,easy 0-14,yes,67,"GlenDronach; Glenfiddich"
"glenfiddic",Transactional,tool,70,20,E: 50-99,doable 15-29,yes,68,"GlenDronach; Glenfiddich"
"glenfiddich 18 years",Commercial,tool,70,10,E: 50-99,easy 0-14,yes,67,"GlenDronach; Glenfiddich; Laphroaig"
"glenlivit",Transactional,tool,70,18,E: 50-99,doable 15-29,no,68,"GlenDronach; Glenfiddich; Grey Goose"
"glenfield whisky",Transactional,tool,70,21,E: 50-99,doable 15-29,yes,73,"GlenDronach; Glenfiddich"
"single malt glenfiddich",Informational,tool,70,13,E: 50-99,easy 0-14,yes,71,"GlenDronach; Glenfiddich; Irish Whiskey; Single Malt"
"glenfiddich single malt 12",Commercial,tool,70,10,E: 50-99,easy 0-14,yes,68,"Glenfiddich"
"glenfiddich 21 years",Transactional,tool,70,9,E: 50-99,easy 0-14,yes,66,"Glenfiddich"
"1 litre grey goose vodka",Commercial,tool,70,12,E: 50-99,easy 0-14,yes,77,"Glenfiddich; Gold Tequila; Grey Goose; Vodka"
"gray goose 1 litre",Unclassified,none,70,,E: 50-99,unknown,yes,77,"Glenfiddich; Gold Tequila; Grey Goose; Vodka"
"gray goose martini",Informational,tool,70,13,E: 50-99,easy 0-14,yes,77,"Glenfiddich; Gold Tequila; Grey Goose; Vodka"
"grey goose 1 litro",Unclassified,none,70,,E: 50-99,unknown,yes,77,"Glenfiddich; Gold Tequila; Grey Goose; Vodka"
"grey goose dirty martini",Informational,tool,70,14,E: 50-99,easy 0-14,yes,77,"Glenfiddich; Gold Tequila; Grey Goose; Vodka"
"grey goose dry martini",Informational,tool,70,12,E: 50-99,easy 0-14,yes,77,"Glenfiddich; Gold Tequila; Grey Goose; Vodka"
"grey goose gift set",Commercial,tool,70,14,E: 50-99,easy 0-14,yes,77,"Glenfiddich; Gold Tequila; Grey Goose; Vodka"
"grey goose martini cocktail",Informational,inferred,70,,E: 50-99,unknown,yes,77,"Glenfiddich; Gold Tequila; Grey Goose; Vodka"
"grey goose vodka gift pack",Commercial,tool,70,10,E: 50-99,easy 0-14,yes,77,"Glenfiddich; Gold Tequila; Grey Goose; Vodka"
"grey goose vodka martini",Informational,tool,70,13,E: 50-99,easy 0-14,yes,77,"Glenfiddich; Gold Tequila; Grey Goose; Vodka"
"scotch prices",Commercial,tool,70,15,E: 50-99,doable 15-29,yes,69,"Glenfiddich; Scotch Whisky"
"grey goose vodka australia",Commercial,tool,70,18,E: 50-99,doable 15-29,yes,67,"Glenfiddich; Grey Goose"
"scotch whisky specials",Commercial,tool,70,9,E: 50-99,easy 0-14,yes,65,"Glenfiddich; Scotch Whisky; Whisky"
"tequila purchase",Transactional,tool,70,9,E: 50-99,easy 0-14,yes,73,"Gold Tequila; Mezcal; Rum; Tequila; White Tequila"
"grand manier",Informational,tool,70,15,E: 50-99,doable 15-29,yes,80,"Grand Marnier; St Germain"
"price for grand marnier",Transactional,tool,70,11,E: 50-99,easy 0-14,yes,67,"Grand Marnier; St Germain"
"grand marnier cost",Commercial,tool,70,15,E: 50-99,doable 15-29,yes,66,"Grand Marnier; St Germain"
"price of grand marnier liqueur",Transactional,tool,70,8,E: 50-99,easy 0-14,yes,65,"Grand Marnier; Orange Liqueur; St Germain"
"gray goose 750ml",Transactional,tool,70,14,E: 50-99,easy 0-14,yes,66,"Grey Goose"
"buy grey goose vodka",Transactional,tool,70,32,E: 50-99,hard 30-49,yes,65,"Grey Goose"
"imported heineken beer",Commercial,tool,70,7,E: 50-99,easy 0-14,yes,70,"Imported Beer"
"ipa the",Informational,tool,70,0,E: 50-99,easy 0-14,no,68,"IPA"
"the ipa",Navigational,tool,70,0,E: 50-99,easy 0-14,no,66,"IPA"
"beer what does ipa stand for",Informational,tool,70,0,E: 50-99,easy 0-14,yes,65,"IPA; Pale Ale"
"ipa meaning beer",Informational,tool,70,0,E: 50-99,easy 0-14,yes,65,"IPA; Pale Ale"
"what does i p a stand for in beer",Informational,tool,70,,E: 50-99,unknown,yes,65,"IPA; Pale Ale"
"what does ipa in beer stand for",Informational,tool,70,,E: 50-99,unknown,yes,65,"IPA; Pale Ale"
"what does ipa mean",Informational,tool,70,,E: 50-99,unknown,no,65,"IPA; Pale Ale"
"what does ipa stand for in a beer",Informational,tool,70,0,E: 50-99,easy 0-14,yes,65,"IPA; Pale Ale"
"whats an ipa beer",Informational,tool,70,0,E: 50-99,easy 0-14,yes,65,"IPA; Pale Ale"
"whats ipa",Informational,tool,70,0,E: 50-99,easy 0-14,no,65,"IPA; Pale Ale"
"itish whiskey",Commercial,tool,70,0,E: 50-99,easy 0-14,yes,85,"IPA; Irish Whiskey; Japanese Whisky; Rye Whiskey"
"laphroaig single malt",Commercial,tool,70,19,E: 50-99,doable 15-29,yes,81,"Irish Whiskey; Laphroaig; Macallan; Rye Whiskey; Scotch Whisky; Single Malt"
"laphroaig islay single malt scotch whisky",Transactional,tool,70,19,E: 50-99,doable 15-29,yes,75,"Irish Whiskey; Laphroaig; Single Malt"
"blend whisky",Commercial,tool,70,13,E: 50-99,easy 0-14,yes,70,"Irish Whiskey; Rye Whiskey; Scotch Whisky"
"scotch whisky blend",Commercial,tool,70,14,E: 50-99,easy 0-14,yes,70,"Irish Whiskey; Rye Whiskey; Scotch Whisky"
"japanese wisky",Commercial,tool,70,21,E: 50-99,doable 15-29,yes,84,"Japanese Whisky"
"buy scotch whisky online",Transactional,tool,70,20,E: 50-99,doable 15-29,yes,71,"Japanese Whisky; Scotch Whisky"
"johnny walkers",Informational,tool,70,18,E: 50-99,doable 15-29,no,74,"Johnnie Walker"
"is johnnie walker scotch or whiskey",Informational,tool,70,26,E: 50-99,doable 15-29,yes,73,"Johnnie Walker; Jägermeister"
"johnnie walker is scotch or whiskey",Informational,tool,70,,E: 50-99,unknown,yes,73,"Johnnie Walker; Jägermeister"
"johnnie walker scotch whiskey brands",Unclassified,none,70,,E: 50-99,unknown,yes,73,"Johnnie Walker; Jägermeister"
"johnnie walker sweet peat",Commercial,tool,70,5,E: 50-99,easy 0-14,yes,73,"Johnnie Walker; Jägermeister"
"johnney walker",Commercial,tool,70,20,E: 50-99,doable 15-29,no,72,"Johnnie Walker"
"cost of johnnie walker",Commercial,tool,70,6,E: 50-99,easy 0-14,yes,71,"Johnnie Walker"
"700ml blue label",Commercial,tool,70,14,E: 50-99,easy 0-14,no,70,"Johnnie Walker"
"blue label how old",Informational,tool,70,13,E: 50-99,easy 0-14,yes,70,"Johnnie Walker"
"blue label year of the horse",Commercial,tool,70,12,E: 50-99,easy 0-14,no,70,"Johnnie Walker"
"johnnie walker blue label dan murphys",Transactional,tool,70,23,E: 50-99,doable 15-29,yes,70,"Johnnie Walker"
"johnnie walker blue label precio",Commercial,tool,70,11,E: 50-99,easy 0-14,yes,70,"Johnnie Walker"
"johnnie walker blue label price 1 litre",Transactional,tool,70,9,E: 50-99,easy 0-14,yes,70,"Johnnie Walker"
"johnnie walker blue label scotch",Commercial,tool,70,14,E: 50-99,easy 0-14,yes,70,"Johnnie Walker"
"johnnie walker blue label year of the horse",Commercial,tool,70,12,E: 50-99,easy 0-14,yes,70,"Johnnie Walker"
"18 year johnnie walker",Commercial,tool,70,8,E: 50-99,easy 0-14,yes,67,"Johnnie Walker"
"johnnie walker blue label scotch whisky",Commercial,tool,70,12,E: 50-99,easy 0-14,yes,67,"Johnnie Walker"
"blue johnnie walker price",Transactional,tool,70,16,E: 50-99,doable 15-29,yes,66,"Johnnie Walker"
"double black label johnnie walker",Informational,tool,70,11,E: 50-99,easy 0-14,yes,66,"Johnnie Walker"
"johnnie walker blue label aged years",Informational,tool,70,9,E: 50-99,easy 0-14,yes,66,"Johnnie Walker"
"johny walker black ruby",Informational,tool,70,7,E: 50-99,easy 0-14,no,66,"Johnnie Walker"
"johnnie walker blue cost",Informational,tool,70,8,E: 50-99,easy 0-14,yes,65,"Johnnie Walker"
"johnny walker labels",Commercial,tool,70,16,E: 50-99,doable 15-29,no,65,"Johnnie Walker"
"jagermeister australia",Commercial,tool,70,9,E: 50-99,easy 0-14,yes,69,"Jägermeister"
"islay single malt whisky",Informational,tool,70,11,E: 50-99,easy 0-14,yes,65,"Laphroaig; Scotch Whisky; Single Malt"
"isle of islay single malt whisky",Commercial,tool,70,17,E: 50-99,doable 15-29,yes,65,"Laphroaig; Scotch Whisky; Single Malt"
"latk",Navigational,tool,70,68,E: 50-99,very hard 50-69,no,74,"Lark"
"great light beers",Commercial,tool,70,0,E: 50-99,easy 0-14,no,70,"Light Beer"
"good light beer",Commercial,tool,70,0,E: 50-99,easy 0-14,yes,67,"Light Beer"
"how do i drink limoncello",Informational,tool,70,30,E: 50-99,hard 30-49,yes,67,"Limoncello"
"how do you drink limoncello liqueur",Informational,tool,70,15,E: 50-99,doable 15-29,yes,67,"Limoncello"
"how to make a limoncello",Informational,tool,70,19,E: 50-99,doable 15-29,yes,67,"Limoncello"
"lemincello",Informational,tool,70,32,E: 50-99,hard 30-49,no,67,"Limoncello"
"limoncello liqueurs",Transactional,tool,70,8,E: 50-99,easy 0-14,yes,67,"Limoncello"
"limoncello liquor",Transactional,tool,70,13,E: 50-99,easy 0-14,yes,67,"Limoncello"
"what is a limoncello drink",Informational,tool,70,45,E: 50-99,hard 30-49,yes,67,"Limoncello"
"what is limoncello made from",Informational,tool,70,41,E: 50-99,hard 30-49,yes,67,"Limoncello"
"lemon chelo",Informational,tool,70,23,E: 50-99,doable 15-29,no,66,"Limoncello"
"limoncello australia pty ltd photos",Informational,tool,70,16,E: 50-99,doable 15-29,yes,65,"Limoncello"
"limoncello australia pty ltd reviews",Commercial,tool,70,17,E: 50-99,doable 15-29,yes,65,"Limoncello"
"recipe limoncello",Informational,tool,70,26,E: 50-99,doable 15-29,yes,65,"Limoncello"
"what's in limoncello",Informational,tool,70,39,E: 50-99,hard 30-49,yes,65,"Limoncello"
"macaalan",Commercial,tool,70,9,E: 50-99,easy 0-14,no,84,"Macallan"
"mac callan",Transactional,tool,70,21,E: 50-99,doable 15-29,no,81,"Macallan"
"mc callan",Commercial,tool,70,20,E: 50-99,doable 15-29,no,72,"Macallan"
"macallan harmony",Commercial,tool,70,15,E: 50-99,doable 15-29,yes,70,"Macallan"
"whisky the macallan 12",Commercial,tool,70,8,E: 50-99,easy 0-14,yes,70,"Macallan"
"mccallan 18",Commercial,tool,70,9,E: 50-99,easy 0-14,no,67,"Macallan"
"macalla 18",Commercial,tool,70,10,E: 50-99,easy 0-14,no,66,"Macallan"
"macallan 18 fine oak triple cask",Unclassified,none,70,,E: 50-99,unknown,yes,66,"Macallan"
"speyburn 18",Commercial,tool,70,7,E: 50-99,easy 0-14,no,66,"Macallan"
"whisky macallan 18",Commercial,tool,70,7,E: 50-99,easy 0-14,yes,66,"Macallan"
"martell blue",Transactional,tool,70,13,E: 50-99,easy 0-14,yes,68,"Martell"
"mazcal",Transactional,tool,70,32,E: 50-99,hard 30-49,no,76,"Mezcal"
"buy mezcal online australia",Transactional,tool,70,6,E: 50-99,easy 0-14,yes,75,"Mezcal"
"mezcal and tequila",Informational,tool,70,28,E: 50-99,doable 15-29,yes,66,"Mezcal"
"tequila for sale online",Commercial,tool,70,6,E: 50-99,easy 0-14,yes,70,"Mezcal; Tequila; White Tequila"
"tequila herradura",Transactional,tool,70,13,E: 50-99,easy 0-14,yes,66,"Mezcal; Tequila; White Tequila"
"nikka in the barrel",Commercial,tool,70,13,E: 50-99,easy 0-14,yes,74,"Nikka"
"nikki whisky",Navigational,tool,70,19,E: 50-99,doable 15-29,yes,74,"Nikka"
"nikka coffey malt whiskey",Commercial,tool,70,15,E: 50-99,doable 15-29,yes,69,"Nikka"
"no alcohol drinks",Commercial,tool,70,0,E: 50-99,easy 0-14,no,80,"Non Alcoholic"
"best non-alcoholic beverage",Commercial,tool,70,,E: 50-99,unknown,no,75,"Non Alcoholic"
"buy non alcoholic beverages online",Transactional,tool,70,0,E: 50-99,easy 0-14,yes,75,"Non Alcoholic"
"buy non alcoholic drinks online",Transactional,tool,70,0,E: 50-99,easy 0-14,yes,75,"Non Alcoholic"
"buy non-alcoholic drinks online",Transactional,tool,70,,E: 50-99,unknown,no,75,"Non Alcoholic"
"cocktails non alcoholic",Informational,inferred,70,,E: 50-99,unknown,yes,75,"Non Alcoholic"
"no alcohol beverages",Commercial,tool,70,0,E: 50-99,easy 0-14,no,75,"Non Alcoholic"
"non - alcoholic beverages",Commercial,tool,70,,E: 50-99,unknown,yes,75,"Non Alcoholic"
"non alcoholic beverage trends",Informational,tool,70,0,E: 50-99,easy 0-14,yes,75,"Non Alcoholic"
"non alcoholic carbonated drinks",Commercial,tool,70,0,E: 50-99,easy 0-14,yes,75,"Non Alcoholic"
"non-alcohol cocktails",Informational,tool,70,,E: 50-99,unknown,no,75,"Non Alcoholic"
"non alcholic drinks",Commercial,tool,70,0,E: 50-99,easy 0-14,no,74,"Non Alcoholic"
"alcohol free chardonnay",Commercial,tool,70,0,E: 50-99,easy 0-14,yes,71,"Non Alcoholic"
"alcohol free wines",Commercial,tool,70,0,E: 50-99,easy 0-14,no,71,"Non Alcoholic"
"best non alc wine",Commercial,tool,70,0,E: 50-99,easy 0-14,yes,71,"Non Alcoholic"
"liquorland non alcoholic wine",Transactional,tool,70,0,E: 50-99,easy 0-14,yes,71,"Non Alcoholic"
"no alcoholic wine",Commercial,tool,70,0,E: 50-99,easy 0-14,yes,71,"Non Alcoholic"
"non alcoholic red wine australia",Commercial,tool,70,0,E: 50-99,easy 0-14,yes,71,"Non Alcoholic"
"wine alcohol free",Commercial,tool,70,0,E: 50-99,easy 0-14,yes,71,"Non Alcoholic"
"australian non alcoholic drinks",Informational,tool,70,0,E: 50-99,easy 0-14,yes,69,"Non Alcoholic"
"no alchohol",Informational,tool,70,0,E: 50-99,easy 0-14,no,69,"Non Alcoholic"
"buy non-alcoholic alcohol online",Transactional,tool,70,,E: 50-99,unknown,no,65,"Non Alcoholic"
"non alcoholic bubbles",Commercial,tool,70,0,E: 50-99,easy 0-14,yes,65,"Non Alcoholic"
"non alcoholic gin woolworths",Transactional,tool,70,0,E: 50-99,easy 0-14,yes,65,"Non Alcoholic"
"non-alcoholic alcohol",Commercial,tool,70,,E: 50-99,unknown,no,65,"Non Alcoholic"
"zero alcohol rum",Commercial,tool,70,0,E: 50-99,easy 0-14,yes,65,"Non Alcoholic"
"vodka of poland",Informational,tool,70,19,E: 50-99,doable 15-29,yes,77,"Polish Vodka; Russian Vodka"
"wine rosé",Commercial,tool,70,25,E: 50-99,doable 15-29,yes,66,"Red Wine"
"shiraz red",Informational,tool,70,19,E: 50-99,doable 15-29,yes,65,"Red Wine"
"whote wine",Commercial,tool,70,17,E: 50-99,doable 15-29,yes,82,"Red Wine; White Wine; Wine"
"blanc wine",Commercial,tool,70,25,E: 50-99,doable 15-29,yes,70,"Red Wine; White Wine"
"wine white",Commercial,tool,70,11,E: 50-99,easy 0-14,yes,82,"Red Wine; White Wine"
"ordering wines online",Commercial,tool,70,62,E: 50-99,very hard 50-69,no,65,"Red Wine; Wine"
"sparkling sweet wine",Commercial,tool,70,14,E: 50-99,easy 0-14,yes,66,"Red Wine; Sparkling; White Wine; Wine"
"wine packs delivered",Unclassified,none,70,,E: 50-99,unknown,yes,65,"Red Wine; Wine"
"wine same day delivery melbourne",Informational,tool,70,16,E: 50-99,doable 15-29,yes,65,"Red Wine; Wine"
"wine sparkling",Commercial,tool,70,10,E: 50-99,easy 0-14,yes,66,"Red Wine; Sparkling; White Wine; Wine"
"royal salute 53 year old",Informational,tool,70,9,E: 50-99,easy 0-14,yes,77,"Royal Salute"
"royal salute 53-year-old art edition",Commercial,tool,70,10,E: 50-99,easy 0-14,yes,77,"Royal Salute"
"royal solute",Commercial,tool,70,16,E: 50-99,doable 15-29,yes,77,"Royal Salute"
"australian rum brands",Commercial,tool,70,6,E: 50-99,easy 0-14,yes,66,"Rum"
"rum shop",Commercial,tool,70,10,E: 50-99,easy 0-14,yes,66,"Rum; Spiced Rum"
"spiced rum australia",Commercial,tool,70,9,E: 50-99,easy 0-14,yes,69,"Rum; Spiced Rum"
"best rated vodkas in the world",Commercial,tool,70,25,E: 50-99,doable 15-29,no,76,"Russian Vodka"
"best vodka of the world",Commercial,tool,70,28,E: 50-99,doable 15-29,yes,76,"Russian Vodka"
"russian standard vodka company",Informational,tool,70,,E: 50-99,unknown,yes,76,"Russian Vodka"
"alcohol vodka",Commercial,tool,70,20,E: 50-99,doable 15-29,yes,66,"Russian Vodka; Vodka"
"romana black sambuca",Unclassified,none,70,,E: 50-99,unknown,yes,77,"Sambuca"
"whats sambuca",Informational,tool,70,26,E: 50-99,doable 15-29,yes,77,"Sambuca"
"sam buca",Transactional,tool,70,26,E: 50-99,doable 15-29,no,68,"Sambuca"
"sambuca drink price",Commercial,tool,70,6,E: 50-99,easy 0-14,yes,66,"Sambuca"
"single malt scotch whiskey brands",Commercial,tool,70,22,E: 50-99,doable 15-29,yes,67,"Scotch Whisky"
"single malt scotch brands",Transactional,tool,70,39,E: 50-99,hard 30-49,yes,65,"Scotch Whisky; Single Malt"
"flavor soju",Commercial,tool,70,26,E: 50-99,doable 15-29,yes,66,"Soju"
"white bubbly wine",Commercial,tool,70,13,E: 50-99,easy 0-14,yes,68,"Sparkling; White Wine"
"st. germain",Commercial,tool,70,30,E: 50-99,hard 30-49,no,83,"St Germain"
"trquila",Commercial,tool,70,17,E: 50-99,doable 15-29,no,80,"Tequila; White Tequila"
"tewuila",Commercial,tool,70,17,E: 50-99,doable 15-29,no,76,"Tequila; White Tequila"
"tequilia",Commercial,tool,70,11,E: 50-99,easy 0-14,no,74,"Tequila; White Tequila"
"tequilla bottle",Commercial,tool,70,9,E: 50-99,easy 0-14,no,71,"Tequila; White Tequila"
"teauila",Commercial,tool,70,14,E: 50-99,easy 0-14,no,70,"Tequila"
"alcohol of tequila",Commercial,tool,70,24,E: 50-99,doable 15-29,yes,66,"Tequila; White Tequila"
"vofka",Commercial,tool,70,31,E: 50-99,hard 30-49,no,77,"Vodka"
"wateer",Transactional,tool,70,0,E: 50-99,easy 0-14,no,79,"Water"
"watwr",Informational,tool,70,73,E: 50-99,extreme 70+,no,76,"Water"
"wtaer",Informational,tool,70,72,E: 50-99,extreme 70+,no,75,"Water"
"corporation water",Navigational,tool,70,66,E: 50-99,very hard 50-69,no,67,"Water"
"water corp account",Navigational,tool,70,10,E: 50-99,easy 0-14,no,67,"Water"
"water corp email",Navigational,tool,70,23,E: 50-99,doable 15-29,no,67,"Water"
"water corp email address",Navigational,tool,70,18,E: 50-99,doable 15-29,no,67,"Water"
"water corporation account",Navigational,tool,70,10,E: 50-99,easy 0-14,no,67,"Water"
"water corporation email address",Navigational,tool,70,28,E: 50-99,doable 15-29,no,67,"Water"
"water corps",Navigational,tool,70,50,E: 50-99,very hard 50-69,no,67,"Water"
"water providers nsw",Informational,tool,70,64,E: 50-99,very hard 50-69,no,67,"Water"
"water issue",Informational,tool,70,16,E: 50-99,doable 15-29,no,66,"Water"
"australia and water",Informational,tool,70,40,E: 50-99,hard 30-49,no,65,"Water"
"light bodied white wine",Informational,tool,70,17,E: 50-99,doable 15-29,yes,70,"White Wine"
"sweet whote wine",Commercial,tool,70,7,E: 50-99,easy 0-14,yes,70,"White Wine"
"what is a dry white wine for cooking",Commercial,tool,70,15,E: 50-99,doable 15-29,yes,70,"White Wine"
"white dessert wine",Commercial,tool,70,14,E: 50-99,easy 0-14,yes,70,"White Wine"
"belena sauvignon blanc",Informational,tool,70,6,E: 50-99,easy 0-14,no,69,"White Wine"
"buy sauvignon blanc wine",Transactional,tool,70,12,E: 50-99,easy 0-14,yes,69,"White Wine"
"french sauv blanc",Informational,tool,70,,E: 50-99,unknown,yes,69,"White Wine"
"highest rated sauvignon blanc",Commercial,tool,70,9,E: 50-99,easy 0-14,yes,69,"White Wine"
"premium sauvignon blanc",Transactional,tool,70,11,E: 50-99,easy 0-14,no,69,"White Wine"
"sauv blanc for cooking",Commercial,tool,70,18,E: 50-99,doable 15-29,no,69,"White Wine"
"sauvignon blanc from france",Commercial,tool,70,17,E: 50-99,doable 15-29,no,69,"White Wine"
"sauvignon blonc",Commercial,tool,70,20,E: 50-99,doable 15-29,no,69,"White Wine"
"sav blanc white wine",Transactional,tool,70,12,E: 50-99,easy 0-14,yes,69,"White Wine"
"sav blanc wines",Commercial,tool,70,,E: 50-99,unknown,no,69,"White Wine"
"souvignon blanc",Commercial,tool,70,17,E: 50-99,doable 15-29,no,69,"White Wine"
"the peoples sauvignon blanc",Informational,tool,70,20,E: 50-99,doable 15-29,no,69,"White Wine"
"nice dry white wine",Commercial,tool,70,9,E: 50-99,easy 0-14,yes,67,"White Wine"
"australian white wines",Commercial,tool,70,8,E: 50-99,easy 0-14,yes,66,"White Wine"
"buy wine online austtralia",Commercial,tool,70,63,E: 50-99,very hard 50-69,yes,66,"White Wine"
"buy wines australia",Commercial,tool,70,66,E: 50-99,very hard 50-69,no,66,"White Wine"
"buying wine in australia",Informational,tool,70,68,E: 50-99,very hard 50-69,yes,66,"White Wine"
"white australian wine",Informational,tool,70,15,E: 50-99,doable 15-29,yes,66,"White Wine"
"wine buy",Transactional,tool,70,NaN,E: 50-99,extreme 70+,yes,69,"Wine"
"absonthe",Transactional,tool,50,13,E: 50-99,easy 0-14,no,75,"Absinthe"
"absinthe drink buy",Transactional,tool,50,12,E: 50-99,easy 0-14,yes,68,"Absinthe"
"aabsinthe",Unclassified,none,50,,E: 50-99,unknown,yes,67,"Absinthe; Calvados; Chartreuse"
"absin",Navigational,tool,50,9,E: 50-99,easy 0-14,yes,67,"Absinthe; Calvados; Chartreuse"
"green absinthe fairy",Unclassified,none,50,,E: 50-99,unknown,yes,67,"Absinthe; Calvados; Chartreuse"
"cognac crossword clue",Unclassified,none,50,,E: 50-99,unknown,yes,78,"Absinthe; Brandy; Calvados; Campari; Cinnamon Liqueur; Cognac; Cointreau; Cream Liqueur; Grand Marnier; Orange Liqueur"
"cognax",Informational,tool,50,22,E: 50-99,doable 15-29,no,78,"Absinthe; Brandy; Calvados; Campari; Cinnamon Liqueur; Cognac; Cointreau; Cream Liqueur; Grand Marnier; Orange Liqueur"
"coniac",Informational,tool,50,23,E: 50-99,doable 15-29,no,78,"Absinthe; Brandy; Calvados; Campari; Cinnamon Liqueur; Cognac; Cointreau; Cream Liqueur; Grand Marnier; Orange Liqueur"
"hennessy cognac vsop",Commercial,tool,50,10,E: 50-99,easy 0-14,yes,65,"Absinthe; Cognac"
"patron tequila anejo",Commercial,tool,50,8,E: 50-99,easy 0-14,yes,67,"Absinthe; Don Julio; Gold Tequila; Jose Cuervo; Mezcal; Tequila; White Tequila"
"premium anejo tequila",Commercial,inferred,50,,E: 50-99,unknown,yes,67,"Absinthe; Don Julio; Gold Tequila; Jose Cuervo; Mezcal; Tequila; White Tequila"
"saint germain liqueur",Commercial,tool,50,10,E: 50-99,easy 0-14,yes,67,"Absinthe; Campari; Grand Marnier; Sambuca; St Germain"
"vsop means",Unclassified,none,50,,E: 50-99,unknown,no,65,"Absinthe; Cognac"
"what is vsop",Informational,inferred,50,,E: 50-99,unknown,no,65,"Absinthe; Cognac"
"orange french liqueur",Commercial,tool,50,29,E: 50-99,doable 15-29,yes,69,"Absinthe; Orange Liqueur"
"orange liqueur france",Commercial,tool,50,25,E: 50-99,doable 15-29,yes,69,"Absinthe; Orange Liqueur"
"orange liqueur french",Commercial,tool,50,23,E: 50-99,doable 15-29,yes,69,"Absinthe; Orange Liqueur"
"amaro camatti",Informational,tool,50,8,E: 50-99,easy 0-14,yes,78,"Amaro"
"amaro likör",Informational,tool,50,28,E: 50-99,doable 15-29,yes,78,"Amaro"
"artichoke liqueur",Commercial,tool,50,21,E: 50-99,doable 15-29,yes,78,"Amaro"
"bitter italian digestif",Informational,tool,50,12,E: 50-99,easy 0-14,no,78,"Amaro"
"calabria amaro",Unclassified,none,50,,E: 50-99,unknown,yes,78,"Amaro"
"liqueur amaro",Informational,tool,50,16,E: 50-99,doable 15-29,yes,78,"Amaro"
"campari aperitif",Transactional,tool,50,23,E: 50-99,doable 15-29,no,71,"Amaro; Campari; Disaronno"
"campari glass",Commercial,tool,50,18,E: 50-99,doable 15-29,no,71,"Amaro; Campari; Disaronno"
"how do you drink campari",Informational,inferred,50,,E: 50-99,unknown,no,71,"Amaro; Campari; Disaronno"
"whiskey american",Commercial,tool,50,11,E: 50-99,easy 0-14,yes,79,"American Whiskey; Irish Whiskey; Japanese Whisky; Rye Whiskey"
"bourbon american whisky",Commercial,tool,50,7,E: 50-99,easy 0-14,yes,78,"American Whiskey; Bourbon; Rye Whiskey; Scotch Whisky; Whisky"
"good american bourbon",Commercial,tool,50,25,E: 50-99,doable 15-29,yes,78,"American Whiskey; Bourbon; Rye Whiskey; Scotch Whisky; Whisky"
"usa bourbon",Unclassified,none,50,,E: 50-99,unknown,yes,78,"American Whiskey; Bourbon; Rye Whiskey; Scotch Whisky; Whisky"
"us bourbon whiskey",Commercial,tool,50,7,E: 50-99,easy 0-14,yes,68,"American Whiskey; Bourbon; Rye Whiskey"
"jap whiskey",Commercial,tool,50,17,E: 50-99,doable 15-29,yes,81,"American Whiskey; Australian Whisky; Irish Whiskey; Japanese Whisky; Scotch Whisky"
"japanese blended whiskey",Unclassified,none,50,,E: 50-99,unknown,yes,81,"American Whiskey; Australian Whisky; Irish Whiskey; Japanese Whisky; Scotch Whisky"
"japanese bourbon whiskey",Unclassified,none,50,,E: 50-99,unknown,yes,81,"American Whiskey; Australian Whisky; Irish Whiskey; Japanese Whisky; Scotch Whisky"
"japanese malt whisky",Unclassified,none,50,,E: 50-99,unknown,yes,81,"American Whiskey; Australian Whisky; Irish Whiskey; Japanese Whisky; Scotch Whisky"
"japanese whiskey bar",Unclassified,none,50,,E: 50-99,unknown,yes,81,"American Whiskey; Australian Whisky; Irish Whiskey; Japanese Whisky; Scotch Whisky"
"japense whiskey",Unclassified,none,50,,E: 50-99,unknown,yes,81,"American Whiskey; Australian Whisky; Irish Whiskey; Japanese Whisky; Scotch Whisky"
"matsui whisky",Commercial,tool,50,7,E: 50-99,easy 0-14,yes,81,"American Whiskey; Australian Whisky; Irish Whiskey; Japanese Whisky; Scotch Whisky"
"日本威士忌",Unclassified,none,50,,E: 50-99,unknown,no,81,"American Whiskey; Australian Whisky; Irish Whiskey; Japanese Whisky; Scotch Whisky"
"scothch whiskey",Commercial,tool,50,19,E: 50-99,doable 15-29,yes,78,"American Whiskey; Scotch Whisky; Whisky"
"single malt japanese whiskey",Commercial,tool,50,17,E: 50-99,doable 15-29,yes,76,"American Whiskey; Japanese Whisky; Single Malt"
"yamazaki japanese whiskey",Commercial,tool,50,12,E: 50-99,easy 0-14,yes,65,"American Whiskey; Japanese Whisky; Scotch Whisky"
"finest single malt",Commercial,tool,50,21,E: 50-99,doable 15-29,no,77,"American Whiskey; Australian Whisky; Bourbon; Cream Liqueur; Irish Whiskey; Japanese Whisky; Rye Whiskey; Scotch Whisky; Single Malt; Whisky"
"irish whiskey single malt",Commercial,tool,50,,E: 50-99,unknown,yes,77,"American Whiskey; Australian Whisky; Bourbon; Cream Liqueur; Irish Whiskey; Japanese Whisky; Rye Whiskey; Scotch Whisky; Single Malt; Whisky"
"japan single malt",Commercial,tool,50,16,E: 50-99,doable 15-29,no,71,"American Whiskey; Australian Whisky; Japanese Whisky; Single Malt"
"laphroaig malt whisky",Transactional,tool,50,12,E: 50-99,easy 0-14,yes,77,"American Whiskey; Irish Whiskey; Laphroaig; Rye Whiskey"
"top single malt whiskeys",Commercial,tool,50,,E: 50-99,unknown,no,77,"American Whiskey; Australian Whisky; Bourbon; Cream Liqueur; Irish Whiskey; Japanese Whisky; Rye Whiskey; Scotch Whisky; Single Malt; Whisky"
"whats a single malt",Informational,tool,50,8,E: 50-99,easy 0-14,no,77,"American Whiskey; Australian Whisky; Bourbon; Cream Liqueur; Irish Whiskey; Japanese Whisky; Rye Whiskey; Scotch Whisky; Single Malt; Whisky"
"싱글 몰트 위스키 3 대장",Informational,tool,50,,E: 50-99,unknown,no,77,"American Whiskey; Australian Whisky; Bourbon; Cream Liqueur; Irish Whiskey; Japanese Whisky; Rye Whiskey; Scotch Whisky; Single Malt; Whisky"
"affordable single malt whiskey",Unclassified,none,50,,E: 50-99,unknown,yes,67,"American Whiskey; Australian Whisky; Bourbon; Cognac; Cream Liqueur; Dark Rum; Gin Premix; Irish Whiskey; Japanese Whisky; Laphroaig; Macallan; Rum; Rye Whiskey; Scotch Whisky; Single Malt; Whisky; White Rum; White Tequila"
"ardbeg scotch whisky",Unclassified,none,50,,E: 50-99,unknown,yes,67,"American Whiskey; Irish Whiskey; Laphroaig"
"buy scotch whisky",Transactional,tool,50,24,E: 50-99,doable 15-29,yes,67,"American Whiskey; Australian Whisky; Bourbon; Cognac; Cream Liqueur; Dark Rum; Gin Premix; Irish Whiskey; Japanese Whisky; Laphroaig; Macallan; Rum; Rye Whiskey; Scotch Whisky; Single Malt; Whisky; White Rum; White Tequila"
"cheap single malt scotch",Transactional,inferred,50,,E: 50-99,unknown,yes,67,"American Whiskey; Australian Whisky; Bourbon; Cognac; Cream Liqueur; Dark Rum; Gin Premix; Irish Whiskey; Japanese Whisky; Laphroaig; Macallan; Rum; Rye Whiskey; Scotch Whisky; Single Malt; Whisky; White Rum; White Tequila"
"dan murphys glenfiddich",Transactional,tool,50,24,E: 50-99,doable 15-29,yes,77,"American Whiskey; GlenDronach; Glenfiddich; Japanese Whisky; Laphroaig; Macallan; Scotch Whisky; Single Malt"
"glen fidick",Commercial,tool,50,20,E: 50-99,doable 15-29,no,77,"American Whiskey; GlenDronach; Glenfiddich; Japanese Whisky; Laphroaig; Macallan; Scotch Whisky; Single Malt"
"glenfiddich 12yo single malt scotch whisky 700ml",Commercial,tool,50,8,E: 50-99,easy 0-14,yes,77,"American Whiskey; GlenDronach; Glenfiddich; Japanese Whisky; Laphroaig; Macallan; Scotch Whisky; Single Malt"
"glenfiddich 21 dan murphy's",Transactional,tool,50,24,E: 50-99,doable 15-29,yes,77,"American Whiskey; GlenDronach; Glenfiddich; Japanese Whisky; Laphroaig; Macallan; Scotch Whisky; Single Malt"
"glenfiddich malt scotch whisky",Commercial,tool,50,,E: 50-99,unknown,yes,77,"American Whiskey; GlenDronach; Glenfiddich; Japanese Whisky; Laphroaig; Macallan; Scotch Whisky; Single Malt"
"glenfiddich sale",Transactional,tool,50,,E: 50-99,unknown,yes,77,"American Whiskey; GlenDronach; Glenfiddich; Japanese Whisky; Laphroaig; Macallan; Scotch Whisky; Single Malt"
"glenfiddich winter storm",Commercial,tool,50,10,E: 50-99,easy 0-14,yes,77,"American Whiskey; GlenDronach; Glenfiddich; Japanese Whisky; Laphroaig; Macallan; Scotch Whisky; Single Malt"
"glenfiddish",Commercial,tool,50,22,E: 50-99,doable 15-29,no,77,"American Whiskey; GlenDronach; Glenfiddich; Japanese Whisky; Laphroaig; Macallan; Scotch Whisky; Single Malt"
"glenfiddith",Commercial,tool,50,23,E: 50-99,doable 15-29,no,77,"American Whiskey; GlenDronach; Glenfiddich; Japanese Whisky; Laphroaig; Macallan; Scotch Whisky; Single Malt"
"islay scotch laphroaig",Commercial,tool,50,17,E: 50-99,doable 15-29,yes,84,"American Whiskey; Irish Whiskey; Laphroaig; Macallan; Rye Whiskey; Scotch Whisky; Single Malt; Whisky"
"japanese whiskey australia",Commercial,tool,50,6,E: 50-99,easy 0-14,yes,75,"American Whiskey; Australian Whisky; Irish Whiskey; Japanese Whisky"
"laphro",Commercial,tool,50,24,E: 50-99,doable 15-29,yes,84,"American Whiskey; Irish Whiskey; Laphroaig; Macallan; Rye Whiskey; Scotch Whisky; Single Malt; Whisky"
"laphroaig 12",Commercial,tool,50,,E: 50-99,unknown,yes,84,"American Whiskey; Irish Whiskey; Laphroaig; Macallan; Rye Whiskey; Scotch Whisky; Single Malt; Whisky"
"laphroaig elements 3",Commercial,tool,50,,E: 50-99,unknown,yes,84,"American Whiskey; Irish Whiskey; Laphroaig; Macallan; Rye Whiskey; Scotch Whisky; Single Malt; Whisky"
"laphroaig islay whisky",Transactional,tool,50,,E: 50-99,unknown,yes,84,"American Whiskey; Irish Whiskey; Laphroaig; Macallan; Rye Whiskey; Scotch Whisky; Single Malt; Whisky"
"online whisky delivery",Commercial,tool,50,52,E: 50-99,very hard 50-69,yes,67,"American Whiskey; Australian Whisky; Bourbon; Cognac; Cream Liqueur; Dark Rum; Gin Premix; Irish Whiskey; Japanese Whisky; Laphroaig; Macallan; Rum; Rye Whiskey; Scotch Whisky; Single Malt; Whisky; White Rum; White Tequila"
"sale whisky",Transactional,inferred,50,,E: 50-99,unknown,yes,67,"American Whiskey; Australian Whisky; Bourbon; Cognac; Cream Liqueur; Dark Rum; Gin Premix; Irish Whiskey; Japanese Whisky; Laphroaig; Macallan; Rum; Rye Whiskey; Scotch Whisky; Single Malt; Whisky; White Rum; White Tequila"
"scotch whiskey auctions",Unclassified,none,50,,E: 50-99,unknown,yes,67,"American Whiskey; Australian Whisky; Bourbon; Cognac; Cream Liqueur; Dark Rum; Gin Premix; Irish Whiskey; Japanese Whisky; Laphroaig; Macallan; Rum; Rye Whiskey; Scotch Whisky; Single Malt; Whisky; White Rum; White Tequila"
"scoth whiskey",Commercial,tool,50,12,E: 50-99,easy 0-14,yes,74,"American Whiskey; Scotch Whisky; Whisky"
"scottish whisky supply glut",Unclassified,none,50,,E: 50-99,unknown,yes,67,"American Whiskey; Australian Whisky; Bourbon; Cognac; Cream Liqueur; Dark Rum; Gin Premix; Irish Whiskey; Japanese Whisky; Laphroaig; Macallan; Rum; Rye Whiskey; Scotch Whisky; Single Malt; Whisky; White Rum; White Tequila"
"single malt scotch whiskey glenfiddich",Commercial,tool,50,10,E: 50-99,easy 0-14,yes,77,"American Whiskey; GlenDronach; Glenfiddich; Japanese Whisky; Laphroaig; Macallan; Scotch Whisky; Single Malt"
"whiskey on offer",Unclassified,none,50,,E: 50-99,unknown,yes,67,"American Whiskey; Australian Whisky; Bourbon; Cognac; Cream Liqueur; Dark Rum; Gin Premix; Irish Whiskey; Japanese Whisky; Laphroaig; Macallan; Rum; Rye Whiskey; Scotch Whisky; Single Malt; Whisky; White Rum; White Tequila"
"whiskey prices",Transactional,tool,50,17,E: 50-99,doable 15-29,yes,67,"American Whiskey; Australian Whisky; Bourbon; Cognac; Cream Liqueur; Dark Rum; Gin Premix; Irish Whiskey; Japanese Whisky; Laphroaig; Macallan; Rum; Rye Whiskey; Scotch Whisky; Single Malt; Whisky; White Rum; White Tequila"
"台灣 菸 酒 公 賣 局 威士忌",Unclassified,none,50,,E: 50-99,unknown,no,67,"American Whiskey; Australian Whisky; Bourbon; Cognac; Cream Liqueur; Dark Rum; Gin Premix; Irish Whiskey; Japanese Whisky; Laphroaig; Macallan; Rum; Rye Whiskey; Scotch Whisky; Single Malt; Whisky; White Rum; White Tequila"
"laphroaig single malt whisky",Transactional,tool,50,18,E: 50-99,doable 15-29,yes,80,"American Whiskey; Glenfiddich; Irish Whiskey; Laphroaig; Macallan; Rye Whiskey; Single Malt"
"macalan 15",Commercial,tool,50,10,E: 50-99,easy 0-14,no,82,"American Whiskey; Cognac; Laphroaig; Macallan; Whisky"
"macallum whiskey",Informational,tool,50,14,E: 50-99,easy 0-14,yes,82,"American Whiskey; Cognac; Laphroaig; Macallan; Whisky"
"maclachlan whisky",Commercial,tool,50,,E: 50-99,unknown,yes,82,"American Whiskey; Cognac; Laphroaig; Macallan; Whisky"
"mc callan whisky",Commercial,tool,50,17,E: 50-99,doable 15-29,yes,82,"American Whiskey; Cognac; Laphroaig; Macallan; Whisky"
"mcallan12",Commercial,tool,50,15,E: 50-99,doable 15-29,no,82,"American Whiskey; Cognac; Laphroaig; Macallan; Whisky"
"mccallens whisky",Commercial,tool,50,14,E: 50-99,easy 0-14,yes,82,"American Whiskey; Cognac; Laphroaig; Macallan; Whisky"
"shop whisky",Commercial,tool,50,40,E: 50-99,hard 30-49,yes,67,"American Whiskey; Australian Whisky; Irish Whiskey; Japanese Whisky; Whisky"
"talisker surge",Informational,tool,50,10,E: 50-99,easy 0-14,no,67,"American Whiskey; Macallan; Scotch Whisky"
"the macallan whisky",Commercial,tool,50,9,E: 50-99,easy 0-14,yes,82,"American Whiskey; Cognac; Laphroaig; Macallan; Whisky"
"the macallen",Commercial,tool,50,16,E: 50-99,doable 15-29,no,82,"American Whiskey; Cognac; Laphroaig; Macallan; Whisky"
"麦卡伦12年",Informational,tool,50,,E: 50-99,unknown,no,82,"American Whiskey; Cognac; Laphroaig; Macallan; Whisky"
"asperol",Transactional,tool,50,41,E: 50-99,hard 30-49,no,76,"Aperol"
"apwrol",Informational,tool,50,26,E: 50-99,doable 15-29,no,68,"Aperol"
"abosulte vodka",Commercial,tool,50,14,E: 50-99,easy 0-14,yes,70,"Aperol; Brandy; Cointreau; Dark Rum; Disaronno; Gin Premix; Gold Tequila; Jägermeister; Orange Liqueur; Polish Vodka; Rum; Russian Vodka; Sambuca; Tequila; Vodka Premix; Vodka; White Rum; White Tequila"
"absoluet vodka",Commercial,tool,50,15,E: 50-99,doable 15-29,yes,70,"Aperol; Brandy; Cointreau; Dark Rum; Disaronno; Gin Premix; Gold Tequila; Jägermeister; Orange Liqueur; Polish Vodka; Rum; Russian Vodka; Sambuca; Tequila; Vodka Premix; Vodka; White Rum; White Tequila"
"absolut elyx vodka",Informational,tool,50,10,E: 50-99,easy 0-14,yes,70,"Aperol; Brandy; Cointreau; Dark Rum; Disaronno; Gin Premix; Gold Tequila; Jägermeister; Orange Liqueur; Polish Vodka; Rum; Russian Vodka; Sambuca; Tequila; Vodka Premix; Vodka; White Rum; White Tequila"
"absolut vodka australia",Unclassified,none,50,,E: 50-99,unknown,yes,70,"Aperol; Brandy; Cointreau; Dark Rum; Disaronno; Gin Premix; Gold Tequila; Jägermeister; Orange Liqueur; Polish Vodka; Rum; Russian Vodka; Sambuca; Tequila; Vodka Premix; Vodka; White Rum; White Tequila"
"absolut vodka shots",Commercial,tool,50,14,E: 50-99,easy 0-14,yes,70,"Aperol; Brandy; Cointreau; Dark Rum; Disaronno; Gin Premix; Gold Tequila; Jägermeister; Orange Liqueur; Polish Vodka; Rum; Russian Vodka; Sambuca; Tequila; Vodka Premix; Vodka; White Rum; White Tequila"
"absoule vodka",Unclassified,none,50,,E: 50-99,unknown,yes,70,"Aperol; Brandy; Cointreau; Dark Rum; Disaronno; Gin Premix; Gold Tequila; Jägermeister; Orange Liqueur; Polish Vodka; Rum; Russian Vodka; Sambuca; Tequila; Vodka Premix; Vodka; White Rum; White Tequila"
"absoutle vodka",Unclassified,none,50,,E: 50-99,unknown,yes,70,"Aperol; Brandy; Cointreau; Dark Rum; Disaronno; Gin Premix; Gold Tequila; Jägermeister; Orange Liqueur; Polish Vodka; Rum; Russian Vodka; Sambuca; Tequila; Vodka Premix; Vodka; White Rum; White Tequila"
"brands of cheap vodka",Transactional,inferred,50,,E: 50-99,unknown,yes,70,"Aperol; Brandy; Cointreau; Dark Rum; Disaronno; Gin Premix; Gold Tequila; Jägermeister; Orange Liqueur; Polish Vodka; Rum; Russian Vodka; Sambuca; Tequila; Vodka Premix; Vodka; White Rum; White Tequila"
"cheep vodka",Commercial,tool,50,13,E: 50-99,easy 0-14,yes,70,"Aperol; Brandy; Cointreau; Dark Rum; Disaronno; Gin Premix; Gold Tequila; Jägermeister; Orange Liqueur; Polish Vodka; Rum; Russian Vodka; Sambuca; Tequila; Vodka Premix; Vodka; White Rum; White Tequila"
"how much for a bottle of absolut vodka",Informational,tool,50,6,E: 50-99,easy 0-14,yes,70,"Aperol; Brandy; Cointreau; Dark Rum; Disaronno; Gin Premix; Gold Tequila; Jägermeister; Orange Liqueur; Polish Vodka; Rum; Russian Vodka; Sambuca; Tequila; Vodka Premix; Vodka; White Rum; White Tequila"
"is absolut vodka good",Commercial,inferred,50,,E: 50-99,unknown,yes,70,"Aperol; Brandy; Cointreau; Dark Rum; Disaronno; Gin Premix; Gold Tequila; Jägermeister; Orange Liqueur; Polish Vodka; Rum; Russian Vodka; Sambuca; Tequila; Vodka Premix; Vodka; White Rum; White Tequila"
"price of absolut vodka",Transactional,tool,50,8,E: 50-99,easy 0-14,yes,70,"Aperol; Brandy; Cointreau; Dark Rum; Disaronno; Gin Premix; Gold Tequila; Jägermeister; Orange Liqueur; Polish Vodka; Rum; Russian Vodka; Sambuca; Tequila; Vodka Premix; Vodka; White Rum; White Tequila"
"wicked absolut vodka",Unclassified,none,50,,E: 50-99,unknown,yes,70,"Aperol; Brandy; Cointreau; Dark Rum; Disaronno; Gin Premix; Gold Tequila; Jägermeister; Orange Liqueur; Polish Vodka; Rum; Russian Vodka; Sambuca; Tequila; Vodka Premix; Vodka; White Rum; White Tequila"
"el patron tequila",Commercial,tool,50,20,E: 50-99,doable 15-29,yes,69,"Aperol; Cognac; Cointreau; Don Julio; Gold Tequila; Jägermeister; Mezcal; Orange Liqueur; Patron; Tequila; White Tequila"
"patron price silver",Transactional,inferred,50,,E: 50-99,unknown,yes,69,"Aperol; Cognac; Cointreau; Don Julio; Gold Tequila; Jägermeister; Mezcal; Orange Liqueur; Patron; Tequila; White Tequila"
"patrón silver tequila 700ml",Informational,tool,50,14,E: 50-99,easy 0-14,yes,69,"Aperol; Cognac; Cointreau; Don Julio; Gold Tequila; Jägermeister; Mezcal; Orange Liqueur; Patron; Tequila; White Tequila"
"patrón tequila silver",Commercial,tool,50,11,E: 50-99,easy 0-14,yes,69,"Aperol; Cognac; Cointreau; Don Julio; Gold Tequila; Jägermeister; Mezcal; Orange Liqueur; Patron; Tequila; White Tequila"
"buy campari",Transactional,tool,50,13,E: 50-99,easy 0-14,no,72,"Aperol; Campari; Disaronno"
"simrnoff vodka",Commercial,tool,50,17,E: 50-99,doable 15-29,yes,65,"Aperol; Gin Premix; Russian Vodka; Soju; Vodka Premix; Vodka"
"smirnoff drink",Unclassified,none,50,,E: 50-99,unknown,yes,65,"Aperol; Gin Premix; Russian Vodka; Soju; Vodka Premix; Vodka"
"smirnoff vokda",Unclassified,none,50,,E: 50-99,unknown,yes,65,"Aperol; Gin Premix; Russian Vodka; Soju; Vodka Premix; Vodka"
"price cointreau",Transactional,tool,50,7,E: 50-99,easy 0-14,yes,76,"Aperol; Baileys Irish Cream; Cinnamon Liqueur; Cognac; Cointreau; Disaronno; Grand Marnier; Patron"
"honey whiskey australia",Commercial,tool,50,6,E: 50-99,easy 0-14,yes,88,"Australian Whisky; Japanese Whisky; Single Malt; Whisky"
"whiskey australian",Informational,tool,50,29,E: 50-99,doable 15-29,yes,86,"Australian Whisky"
"australia's best whiskey",Commercial,tool,50,17,E: 50-99,doable 15-29,yes,72,"Australian Whisky"
"japanese whisky sydney",Commercial,tool,50,17,E: 50-99,doable 15-29,yes,68,"Australian Whisky; Bourbon; Irish Whiskey; Japanese Whisky; Whisky"
"whisky premium",Commercial,inferred,50,,E: 50-99,unknown,yes,68,"Australian Whisky; Bourbon; Irish Whiskey; Japanese Whisky; Whisky"
"single malt whisky online",Commercial,tool,50,24,E: 50-99,doable 15-29,yes,68,"Australian Whisky; Japanese Whisky; Single Malt; Whisky"
"whisky highland",Commercial,tool,50,9,E: 50-99,easy 0-14,yes,69,"Australian Whisky; Scotch Whisky"
"nice whisky",Commercial,tool,50,16,E: 50-99,doable 15-29,yes,65,"Australian Whisky; Cream Liqueur; Rye Whiskey; Scotch Whisky"
"single malt whiskys",Commercial,tool,50,19,E: 50-99,doable 15-29,no,72,"Australian Whisky; Single Malt"
"nice single malt scotch",Commercial,tool,50,16,E: 50-99,doable 15-29,yes,66,"Australian Whisky; Scotch Whisky; Single Malt"
"bourbon whisky whiskey",Commercial,tool,50,17,E: 50-99,doable 15-29,yes,70,"Australian Whisky; Bourbon; Irish Whiskey"
"glen morangy",Unclassified,none,50,,E: 50-99,unknown,no,67,"Australian Whisky; GlenDronach; Glenfiddich; Laphroaig; Macallan; Scotch Whisky; Single Malt"
"glenlivet on sale",Transactional,tool,50,10,E: 50-99,easy 0-14,no,65,"Australian Whisky; Baileys Irish Cream; GlenDronach; Glenfiddich; Grand Marnier; Grey Goose; Johnnie Walker; Single Malt"
"glenmoragie",Navigational,tool,50,22,E: 50-99,doable 15-29,no,67,"Australian Whisky; GlenDronach; Glenfiddich; Laphroaig; Macallan; Scotch Whisky; Single Malt"
"glenmorangie 12yo single malt scotch whisky 700ml",Commercial,tool,50,8,E: 50-99,easy 0-14,yes,67,"Australian Whisky; GlenDronach; Glenfiddich; Laphroaig; Macallan; Scotch Whisky; Single Malt"
"glenmorangie liquorland",Transactional,tool,50,20,E: 50-99,doable 15-29,no,67,"Australian Whisky; GlenDronach; Glenfiddich; Laphroaig; Macallan; Scotch Whisky; Single Malt"
"glenmorangie pronunciation",Informational,tool,50,27,E: 50-99,doable 15-29,no,67,"Australian Whisky; GlenDronach; Glenfiddich; Laphroaig; Macallan; Scotch Whisky; Single Malt"
"lark distellery",Navigational,tool,50,,E: 50-99,unknown,yes,66,"Australian Whisky; Lark"
"lark whiskey tasmania",Commercial,tool,50,28,E: 50-99,doable 15-29,yes,66,"Australian Whisky; Lark"
"chinese alcohol spirit",Informational,tool,50,20,E: 50-99,doable 15-29,no,71,"Baijiu; Soju"
"chinese baiju",Informational,tool,50,,E: 50-99,unknown,no,71,"Baijiu; Soju"
"chinese liqour",Unclassified,none,50,,E: 50-99,unknown,no,71,"Baijiu; Soju"
"what is baijiu made of",Informational,inferred,50,,E: 50-99,unknown,yes,71,"Baijiu; Soju"
"what is baiju",Informational,inferred,50,,E: 50-99,unknown,no,71,"Baijiu; Soju"
"1.7l of lager standard drinks",Informational,tool,50,24,E: 50-99,doable 15-29,yes,68,"Baijiu; Soju"
"a standard drink generally contains:",Informational,tool,50,17,E: 50-99,doable 15-29,no,68,"Baijiu; Soju"
"aoju",Informational,tool,50,24,E: 50-99,doable 15-29,no,66,"Baijiu; Soju"
"how many standards in a soju",Informational,tool,50,18,E: 50-99,doable 15-29,yes,68,"Baijiu; Soju"
"jinro soju dispenser",Commercial,tool,50,18,E: 50-99,doable 15-29,yes,68,"Baijiu; Soju"
"soju jinro chamisul",Unclassified,none,50,,E: 50-99,unknown,yes,68,"Baijiu; Soju"
"standard drink guidelines",Informational,tool,50,39,E: 50-99,hard 30-49,no,68,"Baijiu; Soju"
"what is a standard alcoholic drink",Informational,tool,50,28,E: 50-99,doable 15-29,yes,68,"Baijiu; Soju"
"what is a standard drinl",Informational,tool,50,17,E: 50-99,doable 15-29,no,68,"Baijiu; Soju"
"what is standard drink of alcohol",Informational,tool,50,18,E: 50-99,doable 15-29,no,68,"Baijiu; Soju"
"what is the standard drink of alcohol",Informational,tool,50,19,E: 50-99,doable 15-29,no,68,"Baijiu; Soju"
"alcohol percent soju",Informational,tool,50,16,E: 50-99,doable 15-29,yes,70,"Baijiu; Soju"
"is soju alcohol",Commercial,tool,50,29,E: 50-99,doable 15-29,yes,70,"Baijiu; Soju"
"is soju alcoholic",Informational,tool,50,,E: 50-99,unknown,yes,70,"Baijiu; Soju"
"soju alchol content",Informational,tool,50,,E: 50-99,unknown,yes,70,"Baijiu; Soju"
"1l baileys irish cream",Unclassified,none,50,,E: 50-99,unknown,yes,67,"Baileys Irish Cream; Cream Liqueur"
"bailey's alcohol",Unclassified,none,50,,E: 50-99,unknown,no,67,"Baileys Irish Cream; Cream Liqueur"
"baileys irish cream 1 ltr",Unclassified,none,50,,E: 50-99,unknown,yes,67,"Baileys Irish Cream; Cream Liqueur"
"baileys percentage alcohol",Informational,tool,50,24,E: 50-99,doable 15-29,yes,67,"Baileys Irish Cream; Cream Liqueur"
"baileys with milk",Informational,tool,50,28,E: 50-99,doable 15-29,yes,67,"Baileys Irish Cream; Cream Liqueur"
"cream irish liqueur",Commercial,tool,50,10,E: 50-99,easy 0-14,yes,67,"Baileys Irish Cream; Cream Liqueur"
"dessert with baileys irish cream",Informational,tool,50,26,E: 50-99,doable 15-29,yes,67,"Baileys Irish Cream; Cream Liqueur"
"diy irish cream recipe",Informational,inferred,50,,E: 50-99,unknown,no,67,"Baileys Irish Cream; Cream Liqueur"
"feeney's irish cream",Commercial,tool,50,20,E: 50-99,doable 15-29,no,67,"Baileys Irish Cream; Cream Liqueur"
"how fattening is baileys irish cream",Informational,tool,50,19,E: 50-99,doable 15-29,yes,67,"Baileys Irish Cream; Cream Liqueur"
"ireland cream liqueur",Commercial,tool,50,,E: 50-99,unknown,yes,67,"Baileys Irish Cream; Cream Liqueur"
"irish cream bws",Transactional,inferred,50,,E: 50-99,unknown,no,67,"Baileys Irish Cream; Cream Liqueur"
"is there alcohol in baileys",Informational,tool,50,22,E: 50-99,doable 15-29,yes,67,"Baileys Irish Cream; Cream Liqueur"
"like baileys",Commercial,tool,50,14,E: 50-99,easy 0-14,yes,67,"Baileys Irish Cream; Cream Liqueur"
"liquorland baileys irish cream",Transactional,tool,50,19,E: 50-99,doable 15-29,yes,67,"Baileys Irish Cream; Cream Liqueur"
"molly's irish cream liqueur",Unclassified,none,50,,E: 50-99,unknown,yes,67,"Baileys Irish Cream; Cream Liqueur"
"terry's baileys",Unclassified,none,50,,E: 50-99,unknown,yes,67,"Baileys Irish Cream; Cream Liqueur"
"what are baileys",Informational,inferred,50,,E: 50-99,unknown,yes,67,"Baileys Irish Cream; Cream Liqueur"
"whats baileys",Unclassified,none,50,,E: 50-99,unknown,yes,67,"Baileys Irish Cream; Cream Liqueur"
"australian lager coopers",Commercial,tool,50,0,E: 50-99,easy 0-14,yes,72,"Beer; Ginger Beer; IPA; Lager; Pale Ale"
"3 sheets pale ale",Commercial,tool,50,0,E: 50-99,easy 0-14,no,79,"Beer; IPA; Lager; Light Beer; Pale Ale"
"ale pale beer",Commercial,tool,50,,E: 50-99,unknown,yes,79,"Beer; IPA; Lager; Light Beer; Pale Ale"
"beer pale ale",Informational,tool,50,0,E: 50-99,easy 0-14,yes,79,"Beer; IPA; Lager; Light Beer; Pale Ale"
"buy pale ale online",Transactional,tool,50,0,E: 50-99,easy 0-14,no,79,"Beer; IPA; Lager; Light Beer; Pale Ale"
"is pale ale beer",Informational,tool,50,,E: 50-99,unknown,yes,79,"Beer; IPA; Lager; Light Beer; Pale Ale"
"new world pale ale",Informational,tool,50,0,E: 50-99,easy 0-14,no,79,"Beer; IPA; Lager; Light Beer; Pale Ale"
"non alcoholic pale ale",Commercial,tool,50,,E: 50-99,unknown,yes,79,"Beer; IPA; Lager; Light Beer; Pale Ale"
"pale ale english",Commercial,tool,50,,E: 50-99,unknown,no,79,"Beer; IPA; Lager; Light Beer; Pale Ale"
"whats pale ale",Informational,tool,50,,E: 50-99,unknown,no,79,"Beer; IPA; Lager; Light Beer; Pale Ale"
"velvedere",Navigational,tool,50,33,E: 50-99,hard 30-49,no,83,"Belvedere"
"belvedere dirty brew",Unclassified,none,50,,E: 50-99,unknown,yes,72,"Belvedere"
"thebelvedere",Unclassified,none,50,,E: 50-99,unknown,yes,72,"Belvedere"
"bourbon price",Commercial,tool,50,9,E: 50-99,easy 0-14,yes,68,"Bourbon"
"bourboun",Commercial,tool,50,14,E: 50-99,easy 0-14,no,68,"Bourbon"
"bourbon whiskey brand",Unclassified,none,50,,E: 50-99,unknown,yes,65,"Bourbon; Rye Whiskey"
"bourbon whiskey is made from",Informational,tool,50,19,E: 50-99,doable 15-29,yes,65,"Bourbon; Rye Whiskey"
"bourbons and whiskeys",Commercial,tool,50,24,E: 50-99,doable 15-29,no,65,"Bourbon; Rye Whiskey"
"burbun",Commercial,tool,50,13,E: 50-99,easy 0-14,no,65,"Bourbon"
"difference between a bourbon and whiskey",Commercial,tool,50,15,E: 50-99,doable 15-29,yes,65,"Bourbon; Rye Whiskey"
"kinds of bourbon whiskey",Informational,tool,50,42,E: 50-99,hard 30-49,yes,65,"Bourbon; Rye Whiskey"
"what is the difference between whiskey and bourbon",Informational,tool,50,12,E: 50-99,easy 0-14,yes,65,"Bourbon; Rye Whiskey"
"what's difference between bourbon and whiskey",Informational,inferred,50,,E: 50-99,unknown,yes,65,"Bourbon; Rye Whiskey"
"what's difference between whiskey and bourbon",Informational,inferred,50,,E: 50-99,unknown,yes,65,"Bourbon; Rye Whiskey"
"what's the difference between a bourbon and whiskey",Informational,inferred,50,,E: 50-99,unknown,yes,65,"Bourbon; Rye Whiskey"
"what's the difference between bourbon and bourbon whiskey",Informational,inferred,50,,E: 50-99,unknown,yes,65,"Bourbon; Rye Whiskey"
"what's the difference between bourbon whiskey and whiskey",Informational,inferred,50,,E: 50-99,unknown,yes,65,"Bourbon; Rye Whiskey"
"what's the difference between whiskey and bourbon whiskey",Informational,inferred,50,,E: 50-99,unknown,yes,65,"Bourbon; Rye Whiskey"
"whiskey versus bourbon",Commercial,inferred,50,,E: 50-99,unknown,yes,65,"Bourbon; Rye Whiskey"
"ryes spirits",Unclassified,none,50,,E: 50-99,unknown,no,80,"Bourbon; Brandy; Rye Whiskey; Spiced Rum"
"what's a rye whiskey",Informational,inferred,50,,E: 50-99,unknown,yes,80,"Bourbon; Brandy; Rye Whiskey; Spiced Rum"
"bondi brandy melville",Navigational,tool,50,31,E: 50-99,hard 30-49,yes,68,"Brandy"
"brandy meliville",Navigational,tool,50,51,E: 50-99,very hard 50-69,yes,68,"Brandy"
"brandy melville cbd",Unclassified,none,50,,E: 50-99,unknown,yes,68,"Brandy"
"brandy melville clothes",Navigational,tool,50,67,E: 50-99,very hard 50-69,yes,68,"Brandy"
"brandy melville hoodies",Navigational,tool,50,18,E: 50-99,doable 15-29,yes,68,"Brandy"
"brandy melville in georgia",Informational,tool,50,64,E: 50-99,very hard 50-69,yes,68,"Brandy"
"brandy melville plaid jacket",Navigational,tool,50,32,E: 50-99,hard 30-49,yes,68,"Brandy"
"brandy melville return policy",Unclassified,none,50,,E: 50-99,unknown,yes,68,"Brandy"
"brandy melville store",Navigational,tool,50,62,E: 50-99,very hard 50-69,yes,68,"Brandy"
"brandy melville sydney george street",Unclassified,none,50,,E: 50-99,unknown,yes,68,"Brandy"
"brandy melville sydney locations",Unclassified,none,50,,E: 50-99,unknown,yes,68,"Brandy"
"brandy melville.",Navigational,tool,50,70,E: 50-99,extreme 70+,yes,68,"Brandy"
"brandymelville au",Navigational,tool,50,23,E: 50-99,doable 15-29,no,68,"Brandy"
"new brandy melville sydney",Navigational,tool,50,35,E: 50-99,hard 30-49,yes,68,"Brandy"
"브랜드멜빌",Unclassified,none,50,,E: 50-99,unknown,no,68,"Brandy"
"bacardi premix",Informational,tool,50,15,E: 50-99,doable 15-29,yes,67,"Brandy; Gin Premix; Vodka Premix"
"best irish whiskeys",Commercial,tool,50,17,E: 50-99,doable 15-29,no,78,"Brandy; Irish Whiskey; Japanese Whisky; Rye Whiskey"
"buy irish whiskey online",Transactional,tool,50,4,E: 50-99,easy 0-14,yes,78,"Brandy; Irish Whiskey; Japanese Whisky; Rye Whiskey"
"cheap irish whiskey",Transactional,inferred,50,,E: 50-99,unknown,yes,78,"Brandy; Irish Whiskey; Japanese Whisky; Rye Whiskey"
"the irishman whiskey",Unclassified,none,50,,E: 50-99,unknown,yes,78,"Brandy; Irish Whiskey; Japanese Whisky; Rye Whiskey"
"top rated irish whiskeys",Commercial,inferred,50,,E: 50-99,unknown,no,78,"Brandy; Irish Whiskey; Japanese Whisky; Rye Whiskey"
"whiskey irish brands",Commercial,tool,50,19,E: 50-99,doable 15-29,yes,78,"Brandy; Irish Whiskey; Japanese Whisky; Rye Whiskey"
"how to make a jager bomb drink",Informational,tool,50,46,E: 50-99,hard 30-49,no,66,"Brandy; Jägermeister"
"jagermeister bomb drink",Informational,tool,50,39,E: 50-99,hard 30-49,yes,66,"Brandy; Jägermeister"
"jägermeister bomb",Unclassified,none,50,,E: 50-99,unknown,no,66,"Brandy; Jägermeister"
"what is in a jager bomb",Informational,inferred,50,,E: 50-99,unknown,no,66,"Brandy; Jägermeister"
"what is jager made of",Informational,inferred,50,,E: 50-99,unknown,no,66,"Brandy; Jägermeister"
"blue bottle of tequila",Unclassified,none,50,,E: 50-99,unknown,yes,67,"Calvados; Don Julio; Jose Cuervo; Kahlúa; Mezcal; Tequila; White Tequila"
"clase azul plata tequila",Unclassified,none,50,,E: 50-99,unknown,yes,67,"Calvados; Don Julio; Jose Cuervo; Kahlúa; Mezcal; Tequila; White Tequila"
"clase azul tequila australia",Commercial,tool,50,8,E: 50-99,easy 0-14,yes,67,"Calvados; Don Julio; Jose Cuervo; Kahlúa; Mezcal; Tequila; White Tequila"
"tequila with blue and white bottle",Informational,tool,50,10,E: 50-99,easy 0-14,yes,67,"Calvados; Don Julio; Jose Cuervo; Kahlúa; Mezcal; Tequila; White Tequila"
"white blue tequila bottle",Unclassified,none,50,,E: 50-99,unknown,yes,67,"Calvados; Don Julio; Jose Cuervo; Kahlúa; Mezcal; Tequila; White Tequila"
"campari alcohol",Informational,tool,50,28,E: 50-99,doable 15-29,no,76,"Campari; Disaronno"
"jager liqueur price",Transactional,tool,50,7,E: 50-99,easy 0-14,yes,79,"Campari; Cognac; Grand Marnier; Jägermeister"
"jagermeister liqueur price",Transactional,tool,50,,E: 50-99,unknown,yes,79,"Campari; Cognac; Grand Marnier; Jägermeister"
"jägermeister 1 litre",Commercial,tool,50,12,E: 50-99,easy 0-14,no,79,"Campari; Cognac; Grand Marnier; Jägermeister"
"jaegermiester",Transactional,tool,50,17,E: 50-99,doable 15-29,no,69,"Campari; Jägermeister"
"whats st germain liqueur",Unclassified,none,50,,E: 50-99,unknown,yes,72,"Campari; Orange Liqueur; Sambuca; St Germain"
"chartrouse",Informational,tool,50,28,E: 50-99,doable 15-29,no,86,"Chartreuse"
"chatreuse colour",Informational,tool,50,34,E: 50-99,hard 30-49,no,86,"Chartreuse"
"chatruese",Transactional,tool,50,28,E: 50-99,doable 15-29,no,83,"Chartreuse"
"chartuse",Informational,tool,50,29,E: 50-99,doable 15-29,no,82,"Chartreuse"
"chatruse",Informational,tool,50,17,E: 50-99,doable 15-29,no,76,"Chartreuse"
"ca chardonnay",Informational,tool,50,11,E: 50-99,easy 0-14,yes,67,"Chartreuse; White Wine; Wine"
"californian chardonnay",Commercial,tool,50,7,E: 50-99,easy 0-14,yes,67,"Chartreuse; White Wine; Wine"
"chardonna",Unclassified,none,50,,E: 50-99,unknown,yes,67,"Chartreuse; White Wine; Wine"
"chardonnay calories",Informational,tool,50,17,E: 50-99,doable 15-29,yes,67,"Chartreuse; White Wine; Wine"
"chardonnay france",Unclassified,none,50,,E: 50-99,unknown,yes,67,"Chartreuse; White Wine; Wine"
"chardonnay liquorland",Unclassified,none,50,,E: 50-99,unknown,yes,67,"Chartreuse; White Wine; Wine"
"chardonnay meaning",Informational,tool,50,20,E: 50-99,doable 15-29,yes,67,"Chartreuse; White Wine; Wine"
"chardonnay under $15",Unclassified,none,50,,E: 50-99,unknown,yes,67,"Chartreuse; White Wine; Wine"
"chardonnsy",Unclassified,none,50,,E: 50-99,unknown,yes,67,"Chartreuse; White Wine; Wine"
"does chardonnay go off",Informational,tool,50,6,E: 50-99,easy 0-14,yes,67,"Chartreuse; White Wine; Wine"
"wa chardonnay",Commercial,tool,50,9,E: 50-99,easy 0-14,yes,67,"Chartreuse; White Wine; Wine"
"what does chardonnay taste like",Informational,inferred,50,,E: 50-99,unknown,yes,67,"Chartreuse; White Wine; Wine"
"martell v s o p",Commercial,tool,50,8,E: 50-99,easy 0-14,yes,72,"Chartreuse; Cognac; Cointreau; Grand Marnier; Martell"
"cider.",Commercial,tool,50,31,E: 50-99,hard 30-49,no,82,"Cider"
"cidder",Commercial,tool,50,17,E: 50-99,doable 15-29,no,71,"Cider"
"appe cider",Commercial,tool,50,18,E: 50-99,doable 15-29,yes,67,"Cider; Ginger Beer"
"apple cider is good for you",Informational,tool,50,74,E: 50-99,extreme 70+,yes,67,"Cider; Ginger Beer"
"apple cider with fresh apples",Informational,tool,50,16,E: 50-99,doable 15-29,yes,67,"Cider; Ginger Beer"
"apple ciider",Commercial,tool,50,18,E: 50-99,doable 15-29,no,67,"Cider; Ginger Beer"
"autumn cider strain",Informational,tool,50,11,E: 50-99,easy 0-14,yes,67,"Cider; Ginger Beer"
"buy apple cider",Transactional,tool,50,14,E: 50-99,easy 0-14,yes,67,"Cider; Ginger Beer"
"cider taste",Informational,tool,50,18,E: 50-99,doable 15-29,yes,67,"Cider; Ginger Beer"
"fruit cider",Informational,tool,50,9,E: 50-99,easy 0-14,yes,67,"Cider; Ginger Beer"
"japanese cider",Commercial,tool,50,23,E: 50-99,doable 15-29,yes,67,"Cider; Ginger Beer"
"new zealand cider",Commercial,tool,50,7,E: 50-99,easy 0-14,yes,67,"Cider; Ginger Beer"
"simple cider hobart",Informational,tool,50,15,E: 50-99,doable 15-29,yes,67,"Cider; Ginger Beer"
"sweet cider",Commercial,tool,50,15,E: 50-99,doable 15-29,yes,67,"Cider; Ginger Beer"
"what is cider made from",Informational,tool,50,19,E: 50-99,doable 15-29,yes,67,"Cider; Ginger Beer"
"cinamon whiskey",Informational,tool,50,,E: 50-99,unknown,yes,84,"Cinnamon Liqueur"
"cinnamon schnapps",Transactional,tool,50,17,E: 50-99,doable 15-29,yes,84,"Cinnamon Liqueur"
"shots cinnamon whiskey",Informational,tool,50,39,E: 50-99,hard 30-49,yes,84,"Cinnamon Liqueur"
"cream liquor",Unclassified,none,50,,E: 50-99,unknown,no,75,"Cinnamon Liqueur; Cream Liqueur"
"cognac & brandy",Commercial,tool,50,11,E: 50-99,easy 0-14,yes,70,"Cinnamon Liqueur; Cognac"
"alcoholic coffee drinks",Informational,tool,50,19,E: 50-99,doable 15-29,yes,81,"Coffee Liqueur; Orange Liqueur"
"coffe liquer",Commercial,tool,50,11,E: 50-99,easy 0-14,no,81,"Coffee Liqueur; Orange Liqueur"
"coffee liqueur for tiramisu",Unclassified,none,50,,E: 50-99,unknown,yes,81,"Coffee Liqueur; Orange Liqueur"
"coffee liqueur recipes",Informational,tool,50,17,E: 50-99,doable 15-29,yes,81,"Coffee Liqueur; Orange Liqueur"
"coffee liqueur woolworths",Transactional,tool,50,27,E: 50-99,doable 15-29,yes,81,"Coffee Liqueur; Orange Liqueur"
"coffee liquors",Commercial,tool,50,17,E: 50-99,doable 15-29,yes,81,"Coffee Liqueur; Orange Liqueur"
"cold brew coffee liqueur",Unclassified,none,50,,E: 50-99,unknown,yes,81,"Coffee Liqueur; Orange Liqueur"
"grada coffee liqueur",Commercial,tool,50,14,E: 50-99,easy 0-14,yes,81,"Coffee Liqueur; Orange Liqueur"
"liqueur coffee flavor",Commercial,tool,50,33,E: 50-99,hard 30-49,yes,81,"Coffee Liqueur; Orange Liqueur"
"patron coffee liqueur",Informational,tool,50,12,E: 50-99,easy 0-14,yes,81,"Coffee Liqueur; Orange Liqueur"
"espresso liqueur",Commercial,tool,50,17,E: 50-99,doable 15-29,yes,67,"Coffee Liqueur"
"kahlua and cream",Unclassified,none,50,,E: 50-99,unknown,yes,68,"Coffee Liqueur; Kahlúa; Orange Liqueur; Tequila; Vodka"
"kahlua baileys",Unclassified,none,50,,E: 50-99,unknown,yes,68,"Coffee Liqueur; Kahlúa; Orange Liqueur; Tequila; Vodka"
"kahlua especial",Transactional,tool,50,13,E: 50-99,easy 0-14,yes,68,"Coffee Liqueur; Kahlúa; Orange Liqueur; Tequila; Vodka"
"kahlua sombrero",Unclassified,none,50,,E: 50-99,unknown,yes,68,"Coffee Liqueur; Kahlúa; Orange Liqueur; Tequila; Vodka"
"kahlula",Informational,tool,50,19,E: 50-99,doable 15-29,yes,68,"Coffee Liqueur; Kahlúa; Orange Liqueur; Tequila; Vodka"
"dark rum spiced",Informational,tool,50,8,E: 50-99,easy 0-14,yes,91,"Coffee Liqueur; Dark Rum; Rum; Spiced Rum; White Rum"
"nice spiced rum",Commercial,tool,50,11,E: 50-99,easy 0-14,yes,91,"Coffee Liqueur; Dark Rum; Rum; Spiced Rum; White Rum"
"premium spiced rum",Commercial,inferred,50,,E: 50-99,unknown,yes,91,"Coffee Liqueur; Dark Rum; Rum; Spiced Rum; White Rum"
"rum spiced",Unclassified,none,50,,E: 50-99,unknown,yes,91,"Coffee Liqueur; Dark Rum; Rum; Spiced Rum; White Rum"
"rum spices",Unclassified,none,50,,E: 50-99,unknown,yes,91,"Coffee Liqueur; Dark Rum; Rum; Spiced Rum; White Rum"
"remy cointreau",Navigational,tool,50,41,E: 50-99,hard 30-49,yes,69,"Cognac; Cointreau; Martell"
"remy martin club",Commercial,tool,50,12,E: 50-99,easy 0-14,yes,69,"Cognac; Cointreau; Martell"
"remy martin xo cost",Commercial,tool,50,14,E: 50-99,easy 0-14,yes,69,"Cognac; Cointreau; Martell"
"remy vsop",Informational,tool,50,7,E: 50-99,easy 0-14,yes,69,"Cognac; Cointreau; Martell"
"rémy martin vsop cognac",Unclassified,none,50,,E: 50-99,unknown,yes,69,"Cognac; Cointreau; Martell"
"hennessy cognac xo",Commercial,tool,50,9,E: 50-99,easy 0-14,yes,68,"Cognac; Cointreau; Orange Liqueur"
"d ussé xo cognac price",Commercial,tool,50,9,E: 50-99,easy 0-14,yes,67,"Cognac"
"hennessey xo cognac",Commercial,tool,50,10,E: 50-99,easy 0-14,yes,67,"Cognac"
"xo hennessey cognac",Unclassified,none,50,,E: 50-99,unknown,yes,67,"Cognac"
"xo martell cognac",Unclassified,none,50,,E: 50-99,unknown,yes,67,"Cognac; Martell"
"cognac cheapest",Commercial,tool,50,7,E: 50-99,easy 0-14,yes,65,"Cognac"
"cointeau",Transactional,tool,50,20,E: 50-99,doable 15-29,no,77,"Cointreau"
"cointrue",Transactional,tool,50,23,E: 50-99,doable 15-29,no,71,"Cointreau"
"jose cuerva",Unclassified,none,50,,E: 50-99,unknown,yes,82,"Cointreau; Don Julio; Gold Tequila; Jose Cuervo; Tequila; White Tequila"
"jose cuervo especial tequila",Unclassified,none,50,,E: 50-99,unknown,yes,82,"Cointreau; Don Julio; Gold Tequila; Jose Cuervo; Tequila; White Tequila"
"jose cuervo tequila 1l",Commercial,tool,50,8,E: 50-99,easy 0-14,yes,82,"Cointreau; Don Julio; Gold Tequila; Jose Cuervo; Tequila; White Tequila"
"tequila cuervo",Unclassified,none,50,,E: 50-99,unknown,yes,70,"Cointreau; Don Julio; Gold Tequila; Jose Cuervo; Mezcal; Tequila; White Tequila"
"bacardi black rum",Commercial,tool,50,14,E: 50-99,easy 0-14,yes,81,"Dark Rum; Rum; Spiced Rum; White Rum"
"bacardi dark rum",Commercial,tool,50,17,E: 50-99,doable 15-29,yes,81,"Dark Rum; Rum; Spiced Rum; White Rum"
"what is dark rum",Informational,inferred,50,,E: 50-99,unknown,yes,69,"Dark Rum; Spiced Rum; White Rum"
"whitw rum",Commercial,tool,50,10,E: 50-99,easy 0-14,yes,80,"Dark Rum; Rum; Spiced Rum; White Rum"
"drink with white rum",Unclassified,none,50,,E: 50-99,unknown,yes,81,"Dark Rum; Rum; Spiced Rum; White Rum"
"what's white rum",Informational,inferred,50,,E: 50-99,unknown,yes,81,"Dark Rum; Rum; Spiced Rum; White Rum"
"white rum vs dark rum",Commercial,inferred,50,,E: 50-99,unknown,yes,81,"Dark Rum; Rum; Spiced Rum; White Rum"
"rum australian",Commercial,tool,50,9,E: 50-99,easy 0-14,yes,74,"Dark Rum; Rum; Spiced Rum; White Rum"
"rum liquor",Commercial,tool,50,13,E: 50-99,easy 0-14,yes,72,"Dark Rum; Rum; Spiced Rum; White Rum"
"rum alcoholic",Commercial,tool,50,29,E: 50-99,doable 15-29,yes,66,"Dark Rum; Rum; Spiced Rum; White Rum"
"disorano",Commercial,tool,50,20,E: 50-99,doable 15-29,no,87,"Disaronno"
"disaronni",Commercial,tool,50,19,E: 50-99,doable 15-29,no,78,"Disaronno"
"diserano",Commercial,tool,50,12,E: 50-99,easy 0-14,no,73,"Disaronno"
"sambuca price",Transactional,inferred,50,,E: 50-99,unknown,yes,74,"Disaronno; Sambuca"
"don juilio",Commercial,tool,50,20,E: 50-99,doable 15-29,no,90,"Don Julio; Jose Cuervo"
"don jolio",Commercial,tool,50,13,E: 50-99,easy 0-14,no,85,"Don Julio; Jose Cuervo"
"1942 don julio price",Transactional,inferred,50,,E: 50-99,unknown,yes,84,"Don Julio; Gold Tequila; Jose Cuervo; Mezcal; Tequila"
"don julio 1942 50ml",Commercial,tool,50,7,E: 50-99,easy 0-14,yes,84,"Don Julio; Gold Tequila; Jose Cuervo; Mezcal; Tequila"
"don julio 1942 dan murphy",Transactional,tool,50,23,E: 50-99,doable 15-29,yes,84,"Don Julio; Gold Tequila; Jose Cuervo; Mezcal; Tequila"
"don julio miniature bottles",Unclassified,none,50,,E: 50-99,unknown,yes,84,"Don Julio; Gold Tequila; Jose Cuervo; Mezcal; Tequila"
"don julio tequila 1842",Commercial,tool,50,9,E: 50-99,easy 0-14,yes,84,"Don Julio; Gold Tequila; Jose Cuervo; Mezcal; Tequila"
"don julio tequila anejo",Informational,tool,50,10,E: 50-99,easy 0-14,yes,84,"Don Julio; Gold Tequila; Jose Cuervo; Mezcal; Tequila"
"don julios band",Informational,tool,50,23,E: 50-99,doable 15-29,yes,84,"Don Julio; Gold Tequila; Jose Cuervo; Mezcal; Tequila"
"donjulio1942",Commercial,tool,50,12,E: 50-99,easy 0-14,no,84,"Don Julio; Gold Tequila; Jose Cuervo; Mezcal; Tequila"
"donjuliotequila",Unclassified,none,50,,E: 50-99,unknown,no,84,"Don Julio; Gold Tequila; Jose Cuervo; Mezcal; Tequila"
"price don julio tequila",Commercial,tool,50,8,E: 50-99,easy 0-14,yes,84,"Don Julio; Gold Tequila; Jose Cuervo; Mezcal; Tequila"
"real don julio tequila",Commercial,tool,50,8,E: 50-99,easy 0-14,yes,84,"Don Julio; Gold Tequila; Jose Cuervo; Mezcal; Tequila"
"don juliotequila",Transactional,tool,50,12,E: 50-99,easy 0-14,yes,75,"Don Julio; Jose Cuervo"
"jose cuevo",Commercial,tool,50,21,E: 50-99,doable 15-29,yes,79,"Don Julio; Jose Cuervo"
"tequila jose cuervo gold",Unclassified,none,50,,E: 50-99,unknown,yes,72,"Don Julio; Gold Tequila; Jose Cuervo"
"energy drink side effects",Informational,tool,50,61,E: 50-99,very hard 50-69,no,68,"energy drink"
"energy drink stroke risk",Informational,tool,50,34,E: 50-99,hard 30-49,no,68,"energy drink"
"energy drinks effect",Informational,tool,50,65,E: 50-99,very hard 50-69,yes,68,"energy drink"
"ruckpack energy drink",Informational,tool,50,17,E: 50-99,doable 15-29,no,68,"energy drink"
"energizer drink",Commercial,tool,50,37,E: 50-99,hard 30-49,no,66,"energy drink"
"pre mixed gin",Commercial,tool,50,0,E: 50-99,easy 0-14,yes,76,"Gin Premix; Gin; Vodka Premix"
"drink gordons",Informational,tool,50,,E: 50-99,unknown,yes,65,"Gin Premix; Gin; Glenfiddich; Vodka Premix"
"gordon gin and tonic",Commercial,tool,50,0,E: 50-99,easy 0-14,yes,65,"Gin Premix; Gin; Glenfiddich; Vodka Premix"
"gordon's gin and tonic",Commercial,tool,50,,E: 50-99,unknown,yes,65,"Gin Premix; Gin; Glenfiddich; Vodka Premix"
"premix alcohol drinks",Commercial,tool,50,0,E: 50-99,easy 0-14,no,69,"Gin Premix; Premix; Soju; Vodka Premix; Vodka"
"ready to drink cocktail",Informational,inferred,50,,E: 50-99,unknown,no,69,"Gin Premix; Premix; Soju; Vodka Premix; Vodka"
"vodka premixed drinks",Informational,tool,50,0,E: 50-99,easy 0-14,yes,79,"Gin Premix; Premix; Vodka Premix; Vodka"
"soda water and vodka",Unclassified,none,50,,E: 50-99,unknown,yes,66,"Gin Premix; Premix; Vodka Premix; Vodka"
"soda water with vodka",Unclassified,none,50,,E: 50-99,unknown,yes,66,"Gin Premix; Premix; Vodka Premix; Vodka"
"vodka & soda water",Unclassified,none,50,,E: 50-99,unknown,yes,66,"Gin Premix; Premix; Vodka Premix; Vodka"
"vodka and carbonated water",Unclassified,none,50,,E: 50-99,unknown,yes,66,"Gin Premix; Premix; Vodka Premix; Vodka"
"vodka and soda water drinks",Unclassified,none,50,,E: 50-99,unknown,yes,66,"Gin Premix; Premix; Vodka Premix; Vodka"
"vodka canned",Unclassified,none,50,,E: 50-99,unknown,yes,66,"Gin Premix; Premix; Vodka Premix; Vodka"
"vodka drink in cans",Unclassified,none,50,,E: 50-99,unknown,yes,66,"Gin Premix; Premix; Vodka Premix; Vodka"
"vodka soda and lemon",Unclassified,none,50,,E: 50-99,unknown,yes,66,"Gin Premix; Premix; Vodka Premix; Vodka"
"vodka soda water drinks",Unclassified,none,50,,E: 50-99,unknown,yes,66,"Gin Premix; Premix; Vodka Premix; Vodka"
"vodka soda with lemon",Unclassified,none,50,,E: 50-99,unknown,yes,66,"Gin Premix; Premix; Vodka Premix; Vodka"
"ودکا قوطی",Unclassified,none,50,,E: 50-99,unknown,no,66,"Gin Premix; Premix; Vodka Premix; Vodka"
"australia's best gin",Commercial,tool,50,,E: 50-99,unknown,yes,68,"Gin Premix; Gin"
"best gin to buy in australia",Commercial,tool,50,0,E: 50-99,easy 0-14,yes,68,"Gin Premix; Gin"
"branded gin",Commercial,tool,50,,E: 50-99,unknown,yes,68,"Gin Premix; Gin"
"liqourland gin",Transactional,tool,50,,E: 50-99,unknown,yes,68,"Gin Premix; Gin"
"most awarded gin",Commercial,tool,50,,E: 50-99,unknown,yes,68,"Gin Premix; Gin"
"most popular gin in australia",Commercial,tool,50,0,E: 50-99,easy 0-14,yes,68,"Gin Premix; Gin"
"what is gin made from in australia",Informational,inferred,50,,E: 50-99,unknown,yes,68,"Gin Premix; Gin"
"gunger beer",Transactional,tool,50,,E: 50-99,unknown,yes,68,"Ginger Beer"
"bobby ginger beer",Commercial,tool,50,0,E: 50-99,easy 0-14,yes,67,"Ginger Beer"
"chilli ginger beer",Commercial,tool,50,0,E: 50-99,easy 0-14,yes,67,"Ginger Beer"
"does ginger beer contain caffeine",Commercial,tool,50,0,E: 50-99,easy 0-14,yes,67,"Ginger Beer"
"is ginger beer a beer",Informational,tool,50,0,E: 50-99,easy 0-14,yes,67,"Ginger Beer"
"whats ginger beer",Informational,tool,50,,E: 50-99,unknown,yes,67,"Ginger Beer"
"glendronach 12 year old",Commercial,tool,50,8,E: 50-99,easy 0-14,yes,85,"GlenDronach; Laphroaig"
"glendronach oloroso",Commercial,tool,50,9,E: 50-99,easy 0-14,yes,85,"GlenDronach; Laphroaig"
"glendronach port wood",Commercial,tool,50,8,E: 50-99,easy 0-14,yes,85,"GlenDronach; Laphroaig"
"the glendronach 2013 oloroso",Commercial,tool,50,7,E: 50-99,easy 0-14,yes,85,"GlenDronach; Laphroaig"
"the glendronach distillery",Navigational,tool,50,11,E: 50-99,easy 0-14,yes,85,"GlenDronach; Laphroaig"
"glendronach cask strength",Commercial,tool,50,7,E: 50-99,easy 0-14,yes,67,"GlenDronach"
"glen allachie 12",Commercial,tool,50,8,E: 50-99,easy 0-14,no,66,"GlenDronach"
"glenallachie 12 australia",Commercial,tool,50,7,E: 50-99,easy 0-14,no,66,"GlenDronach"
"glenallachie 18",Commercial,tool,50,8,E: 50-99,easy 0-14,no,66,"GlenDronach"
"glenallachie whisky",Commercial,tool,50,9,E: 50-99,easy 0-14,yes,66,"GlenDronach"
"glenfiddich distillery scotch",Navigational,tool,50,44,E: 50-99,hard 30-49,yes,65,"GlenDronach; Glenfiddich; Laphroaig"
"glenfeddich",Commercial,tool,50,25,E: 50-99,doable 15-29,no,77,"GlenDronach; Glenfiddich"
"glenfiddick",Commercial,tool,50,22,E: 50-99,doable 15-29,no,73,"GlenDronach; Glenfiddich"
"glenlivet scotch whisky",Informational,tool,50,16,E: 50-99,doable 15-29,yes,66,"GlenDronach; Glenfiddich; Grey Goose"
"glenfiddich 21 year old gran reserva",Unclassified,none,50,,E: 50-99,unknown,yes,68,"Glenfiddich"
"glenfiddich 25 year old",Commercial,tool,50,9,E: 50-99,easy 0-14,yes,68,"Glenfiddich"
"glenfiddich gran reserva 21 price",Transactional,tool,50,11,E: 50-99,easy 0-14,yes,68,"Glenfiddich"
"glenfidich 21",Commercial,tool,50,11,E: 50-99,easy 0-14,no,68,"Glenfiddich"
"glenfiddich 16 aston martin f1",Unclassified,none,50,,E: 50-99,unknown,yes,65,"Glenfiddich"
"1 l gray goose",Unclassified,none,50,,E: 50-99,unknown,yes,77,"Glenfiddich; Gold Tequila; Grey Goose; Vodka"
"1 l grey goose",Unclassified,none,50,,E: 50-99,unknown,yes,77,"Glenfiddich; Gold Tequila; Grey Goose; Vodka"
"1 l of grey goose vodka",Unclassified,none,50,,E: 50-99,unknown,yes,77,"Glenfiddich; Gold Tequila; Grey Goose; Vodka"
"1 liter gray goose",Unclassified,none,50,,E: 50-99,unknown,yes,77,"Glenfiddich; Gold Tequila; Grey Goose; Vodka"
"1 liter of grey goose",Unclassified,none,50,,E: 50-99,unknown,yes,77,"Glenfiddich; Gold Tequila; Grey Goose; Vodka"
"1 litre of grey goose",Unclassified,none,50,,E: 50-99,unknown,yes,77,"Glenfiddich; Gold Tequila; Grey Goose; Vodka"
"1 litre of grey goose vodka",Unclassified,none,50,,E: 50-99,unknown,yes,77,"Glenfiddich; Gold Tequila; Grey Goose; Vodka"
"1 ltr grey goose",Unclassified,none,50,,E: 50-99,unknown,yes,77,"Glenfiddich; Gold Tequila; Grey Goose; Vodka"
"1l grey goose vodka",Commercial,tool,50,8,E: 50-99,easy 0-14,yes,77,"Glenfiddich; Gold Tequila; Grey Goose; Vodka"
"bottle of grey goose",Transactional,tool,50,10,E: 50-99,easy 0-14,yes,77,"Glenfiddich; Gold Tequila; Grey Goose; Vodka"
"gray goose 1 l",Unclassified,none,50,,E: 50-99,unknown,yes,77,"Glenfiddich; Gold Tequila; Grey Goose; Vodka"
"gray goose 1 liter",Unclassified,none,50,,E: 50-99,unknown,yes,77,"Glenfiddich; Gold Tequila; Grey Goose; Vodka"
"gray goose cocktails",Informational,tool,50,23,E: 50-99,doable 15-29,yes,77,"Glenfiddich; Gold Tequila; Grey Goose; Vodka"
"gray goose gift set",Commercial,tool,50,12,E: 50-99,easy 0-14,yes,77,"Glenfiddich; Gold Tequila; Grey Goose; Vodka"
"gray goose vodka 1l",Unclassified,none,50,,E: 50-99,unknown,yes,77,"Glenfiddich; Gold Tequila; Grey Goose; Vodka"
"gray goose vodka cocktails",Informational,tool,50,12,E: 50-99,easy 0-14,yes,77,"Glenfiddich; Gold Tequila; Grey Goose; Vodka"
"grey goose cocktail recipes",Informational,tool,50,21,E: 50-99,doable 15-29,yes,77,"Glenfiddich; Gold Tequila; Grey Goose; Vodka"
"grey goose drink recipes",Informational,tool,50,12,E: 50-99,easy 0-14,yes,77,"Glenfiddich; Gold Tequila; Grey Goose; Vodka"
"grey goose drinks recipes",Informational,tool,50,,E: 50-99,unknown,yes,77,"Glenfiddich; Gold Tequila; Grey Goose; Vodka"
"grey goose mixed drinks",Informational,tool,50,,E: 50-99,unknown,yes,77,"Glenfiddich; Gold Tequila; Grey Goose; Vodka"
"grey goose one liter",Unclassified,none,50,,E: 50-99,unknown,yes,77,"Glenfiddich; Gold Tequila; Grey Goose; Vodka"
"grey goose vodka 1 ltr price",Transactional,tool,50,13,E: 50-99,easy 0-14,yes,77,"Glenfiddich; Gold Tequila; Grey Goose; Vodka"
"grey goose vodka cocktails",Informational,tool,50,19,E: 50-99,doable 15-29,yes,77,"Glenfiddich; Gold Tequila; Grey Goose; Vodka"
"grey goose vodka drink mixes",Unclassified,none,50,,E: 50-99,unknown,yes,77,"Glenfiddich; Gold Tequila; Grey Goose; Vodka"
"grey goose vodka gift set",Commercial,tool,50,10,E: 50-99,easy 0-14,yes,77,"Glenfiddich; Gold Tequila; Grey Goose; Vodka"
"grey goose vodka l orange",Commercial,tool,50,8,E: 50-99,easy 0-14,yes,77,"Glenfiddich; Gold Tequila; Grey Goose; Vodka"
"grey goose vs belvedere",Commercial,tool,50,17,E: 50-99,doable 15-29,yes,77,"Glenfiddich; Gold Tequila; Grey Goose; Vodka"
"martini gray goose",Unclassified,none,50,,E: 50-99,unknown,yes,77,"Glenfiddich; Gold Tequila; Grey Goose; Vodka"
"one liter grey goose",Unclassified,none,50,,E: 50-99,unknown,yes,77,"Glenfiddich; Gold Tequila; Grey Goose; Vodka"
"one litre grey goose",Unclassified,none,50,,E: 50-99,unknown,yes,77,"Glenfiddich; Gold Tequila; Grey Goose; Vodka"
"price of gray goose vodka",Transactional,tool,50,7,E: 50-99,easy 0-14,yes,77,"Glenfiddich; Gold Tequila; Grey Goose; Vodka"
"vodka grey goose 200ml",Unclassified,none,50,,E: 50-99,unknown,yes,77,"Glenfiddich; Gold Tequila; Grey Goose; Vodka"
"vodka grey goose martini",Unclassified,none,50,,E: 50-99,unknown,yes,77,"Glenfiddich; Gold Tequila; Grey Goose; Vodka"
"dalwhinnie scotch whisky",Commercial,tool,50,10,E: 50-99,easy 0-14,yes,66,"Glenfiddich; Laphroaig; Scotch Whisky"
"laphroaig single malt scotch",Transactional,tool,50,11,E: 50-99,easy 0-14,yes,78,"Glenfiddich; Irish Whiskey; Laphroaig; Single Malt"
"kick the rules tequila where to buy",Transactional,tool,50,9,E: 50-99,easy 0-14,yes,76,"Gold Tequila; Mezcal; Rum; Tequila; White Tequila"
"tequila melbourne",Commercial,tool,50,11,E: 50-99,easy 0-14,yes,76,"Gold Tequila; Mezcal; Rum; Tequila; White Tequila"
"tequila sydney",Unclassified,none,50,,E: 50-99,unknown,yes,76,"Gold Tequila; Mezcal; Rum; Tequila; White Tequila"
"alto tequila",Commercial,tool,50,13,E: 50-99,easy 0-14,yes,66,"Gold Tequila; Tequila; White Tequila"
"tequil",Commercial,tool,50,11,E: 50-99,easy 0-14,yes,86,"Gold Tequila; Mezcal; Rum; Tequila; White Tequila"
"tequila prices",Transactional,inferred,50,,E: 50-99,unknown,yes,73,"Gold Tequila; Tequila; White Tequila"
"price grand marnier",Transactional,tool,50,15,E: 50-99,doable 15-29,yes,68,"Grand Marnier; St Germain"
"1 l of grey goose",Commercial,tool,50,18,E: 50-99,doable 15-29,yes,69,"Grey Goose"
"imported beers",Commercial,tool,50,13,E: 50-99,easy 0-14,yes,90,"Imported Beer"
"ipa s",Informational,tool,50,0,E: 50-99,easy 0-14,no,67,"IPA"
"beer ipa definition",Informational,tool,50,,E: 50-99,unknown,yes,65,"IPA; Pale Ale"
"beer ipa means",Informational,tool,50,0,E: 50-99,easy 0-14,yes,65,"IPA; Pale Ale"
"define ipa beer",Informational,tool,50,0,E: 50-99,easy 0-14,yes,65,"IPA; Pale Ale"
"definition ipa beer",Informational,tool,50,0,E: 50-99,easy 0-14,yes,65,"IPA; Pale Ale"
"definition of ipa beer",Informational,tool,50,,E: 50-99,unknown,yes,65,"IPA; Pale Ale"
"in beer what does ipa stand for",Informational,tool,50,0,E: 50-99,easy 0-14,yes,65,"IPA; Pale Ale"
"ipa beer define",Informational,tool,50,0,E: 50-99,easy 0-14,yes,65,"IPA; Pale Ale"
"ipa beer description",Informational,tool,50,0,E: 50-99,easy 0-14,yes,65,"IPA; Pale Ale"
"ipa definition beer",Informational,tool,50,0,E: 50-99,easy 0-14,yes,65,"IPA; Pale Ale"
"ipa in beer means",Informational,tool,50,0,E: 50-99,easy 0-14,yes,65,"IPA; Pale Ale"
"meaning of ipa in beer",Informational,tool,50,0,E: 50-99,easy 0-14,yes,65,"IPA; Pale Ale"
"bushmills single malt irish whiskey",Transactional,tool,50,8,E: 50-99,easy 0-14,yes,67,"Irish Whiskey"
"laphroaig islay scotch",Navigational,tool,50,20,E: 50-99,doable 15-29,yes,70,"Irish Whiskey; Laphroaig"
"laphroaig islay single malt whisky",Commercial,tool,50,16,E: 50-99,doable 15-29,yes,72,"Irish Whiskey; Laphroaig; Single Malt"
"scotland whiskey",Commercial,tool,50,27,E: 50-99,doable 15-29,yes,65,"Irish Whiskey; Scotch Whisky"
"laphroaig single malt scotch whisky",Commercial,tool,50,18,E: 50-99,doable 15-29,yes,79,"Irish Whiskey; Laphroaig; Rye Whiskey"
"whisky in japan",Commercial,tool,50,10,E: 50-99,easy 0-14,yes,79,"Japanese Whisky"
"whisky johnnie walker",Unclassified,none,50,,E: 50-99,unknown,yes,80,"Japanese Whisky; Johnnie Walker; Scotch Whisky"
"johney walker",Commercial,tool,50,21,E: 50-99,doable 15-29,no,74,"Johnnie Walker"
"black johnny walker",Unclassified,none,50,,E: 50-99,unknown,no,73,"Johnnie Walker; Jägermeister"
"jhony walker",Informational,tool,50,23,E: 50-99,doable 15-29,no,73,"Johnnie Walker; Jägermeister"
"johnnie walker alcohol",Commercial,tool,50,14,E: 50-99,easy 0-14,yes,73,"Johnnie Walker; Jägermeister"
"johnnie walker bl",Commercial,tool,50,28,E: 50-99,doable 15-29,yes,73,"Johnnie Walker; Jägermeister"
"johnnie walker by label",Unclassified,none,50,,E: 50-99,unknown,yes,73,"Johnnie Walker; Jägermeister"
"johnnie walker labels ranked",Unclassified,none,50,,E: 50-99,unknown,yes,73,"Johnnie Walker; Jägermeister"
"johnnie walker liquor",Commercial,tool,50,15,E: 50-99,doable 15-29,yes,73,"Johnnie Walker; Jägermeister"
"johnyy walker",Commercial,tool,50,50,E: 50-99,very hard 50-69,no,73,"Johnnie Walker; Jägermeister"
"jonnie walker scotch",Commercial,tool,50,11,E: 50-99,easy 0-14,yes,73,"Johnnie Walker; Jägermeister"
"ranking the johnnie walker labels",Unclassified,none,50,,E: 50-99,unknown,yes,73,"Johnnie Walker; Jägermeister"
"scotch johnny walker",Commercial,tool,50,14,E: 50-99,easy 0-14,yes,73,"Johnnie Walker; Jägermeister"
"jhonny walker blue",Commercial,tool,50,17,E: 50-99,doable 15-29,no,71,"Johnnie Walker"
"1l blue label",Unclassified,none,50,,E: 50-99,unknown,no,70,"Johnnie Walker"
"blue johnnie",Unclassified,none,50,,E: 50-99,unknown,yes,70,"Johnnie Walker"
"blue label 1 l",Commercial,tool,50,10,E: 50-99,easy 0-14,no,70,"Johnnie Walker"
"blue label years aged",Informational,tool,50,12,E: 50-99,easy 0-14,no,70,"Johnnie Walker"
"jani wakar blue label price",Transactional,inferred,50,,E: 50-99,unknown,no,70,"Johnnie Walker"
"johniie walker blue",Commercial,tool,50,11,E: 50-99,easy 0-14,no,70,"Johnnie Walker"
"johnnie walker blue label 750ml bottles",Unclassified,none,50,,E: 50-99,unknown,yes,70,"Johnnie Walker"
"johnnie walker blue label price costco",Transactional,tool,50,22,E: 50-99,doable 15-29,yes,70,"Johnnie Walker"
"johnny walker blue label price",Transactional,tool,50,11,E: 50-99,easy 0-14,no,70,"Johnnie Walker"
"johnny wlker blue",Commercial,tool,50,20,E: 50-99,doable 15-29,no,70,"Johnnie Walker"
"조니 워커 블루",Unclassified,none,50,,E: 50-99,unknown,no,70,"Johnnie Walker"
"조니워커 블루",Unclassified,none,50,,E: 50-99,unknown,no,70,"Johnnie Walker"
"johnny walker 18",Commercial,tool,50,12,E: 50-99,easy 0-14,no,67,"Johnnie Walker"
"cheapest johnnie walker",Informational,tool,50,6,E: 50-99,easy 0-14,yes,66,"Johnnie Walker"
"johnie walker black label",Commercial,tool,50,21,E: 50-99,doable 15-29,no,66,"Johnnie Walker"
"johnnie walker ruby black",Commercial,tool,50,13,E: 50-99,easy 0-14,yes,66,"Johnnie Walker"
"black label johnny walker",Commercial,tool,50,23,E: 50-99,doable 15-29,no,65,"Johnnie Walker"
"john walker and sons",Informational,tool,50,12,E: 50-99,easy 0-14,no,65,"Johnnie Walker"
"johnnie walker 18 year",Commercial,tool,50,14,E: 50-99,easy 0-14,yes,65,"Johnnie Walker"
"jonny walker black label",Commercial,tool,50,18,E: 50-99,doable 15-29,no,65,"Johnnie Walker"
"jager mister",Transactional,tool,50,12,E: 50-99,easy 0-14,no,75,"Jägermeister"
"bottle jager",Commercial,tool,50,15,E: 50-99,doable 15-29,no,67,"Jägermeister"
"jaegermesiter",Transactional,tool,50,16,E: 50-99,doable 15-29,no,65,"Jägermeister"
"kahluha",Transactional,tool,50,17,E: 50-99,doable 15-29,yes,74,"Kahlúa"
"kalua alcohol",Informational,tool,50,14,E: 50-99,easy 0-14,no,70,"Kahlúa"
"laprohaig",Commercial,tool,50,29,E: 50-99,doable 15-29,no,79,"Laphroaig"
"laphroaig scotch single malt",Transactional,tool,50,17,E: 50-99,doable 15-29,yes,77,"Laphroaig; Single Malt"
"laphroaig islay single malt",Commercial,tool,50,27,E: 50-99,doable 15-29,yes,73,"Laphroaig; Single Malt"
"laphroaig cairdeas",Transactional,tool,50,8,E: 50-99,easy 0-14,yes,68,"Laphroaig"
"islay single malt laphroaig",Commercial,tool,50,14,E: 50-99,easy 0-14,yes,67,"Laphroaig; Single Malt"
"bowmore 12 year old",Commercial,tool,50,14,E: 50-99,easy 0-14,yes,66,"Laphroaig"
"bowmore 21",Unclassified,none,50,,E: 50-99,unknown,no,66,"Laphroaig"
"oban 11 special release 2023",Informational,tool,50,6,E: 50-99,easy 0-14,no,65,"Laphroaig"
"single malt islay",Unclassified,none,50,,E: 50-99,unknown,no,65,"Laphroaig; Scotch Whisky; Single Malt"
"strathisla single malt",Unclassified,none,50,,E: 50-99,unknown,no,65,"Laphroaig; Scotch Whisky; Single Malt"
"australian mid strength beers",Unclassified,none,50,,E: 50-99,unknown,yes,70,"Light Beer"
"mid strength beers australia",Commercial,tool,50,,E: 50-99,unknown,no,70,"Light Beer"
"limoncella",Informational,tool,50,55,E: 50-99,very hard 50-69,no,72,"Limoncello"
"alcohol in limoncello",Informational,tool,50,27,E: 50-99,doable 15-29,yes,70,"Limoncello"
"likoncello",Informational,tool,50,28,E: 50-99,doable 15-29,no,69,"Limoncello"
"drink recipe with limoncello",Informational,tool,50,29,E: 50-99,doable 15-29,yes,67,"Limoncello"
"how long does limoncello last",Informational,tool,50,16,E: 50-99,doable 15-29,yes,67,"Limoncello"
"what is lemoncello",Informational,tool,50,36,E: 50-99,hard 30-49,no,67,"Limoncello"
"whats a limoncello",Informational,tool,50,30,E: 50-99,hard 30-49,yes,67,"Limoncello"
"mccalan",Informational,tool,50,10,E: 50-99,easy 0-14,no,83,"Macallan"
"macalian",Transactional,tool,50,21,E: 50-99,doable 15-29,no,81,"Macallan"
"macallan oscuro",Commercial,tool,50,9,E: 50-99,easy 0-14,yes,68,"Macallan"
"dan murphy macallan",Transactional,tool,50,18,E: 50-99,doable 15-29,yes,66,"Macallan"
"macallan 18 triple cask",Unclassified,none,50,,E: 50-99,unknown,yes,66,"Macallan"
"maccalan 18",Commercial,tool,50,10,E: 50-99,easy 0-14,no,66,"Macallan"
"12 year macallan",Commercial,tool,50,12,E: 50-99,easy 0-14,yes,65,"Macallan"
"the macallan harmony collection amber meadow",Unclassified,none,50,,E: 50-99,unknown,yes,65,"Macallan"
"mezcal alcohol",Informational,tool,50,23,E: 50-99,doable 15-29,yes,77,"Mezcal"
"mezcals tequila bar & restaurant merimbula",Navigational,tool,50,31,E: 50-99,hard 30-49,yes,75,"Mezcal"
"what is mescal",Informational,inferred,50,,E: 50-99,unknown,no,75,"Mezcal"
"cheap tequilla",Transactional,inferred,50,,E: 50-99,unknown,no,73,"Mezcal; Tequila; White Tequila"
"shop tequila online",Transactional,inferred,50,,E: 50-99,unknown,yes,73,"Mezcal; Tequila; White Tequila"
"tequila under $50",Unclassified,none,50,,E: 50-99,unknown,yes,73,"Mezcal; Tequila; White Tequila"
"tequila of alcohol",Unclassified,none,50,,E: 50-99,unknown,yes,69,"Mezcal; Tequila; White Tequila"
"tequilaa",Commercial,tool,50,11,E: 50-99,easy 0-14,no,83,"Mezcal; Rum; Tequila; White Tequila"
"tequila first choice",Transactional,inferred,50,,E: 50-99,unknown,yes,65,"Mezcal; Tequila; White Tequila"
"nikka from the barrell",Commercial,tool,50,14,E: 50-99,easy 0-14,yes,74,"Nikka"
"nikka frontier",Commercial,tool,50,7,E: 50-99,easy 0-14,yes,74,"Nikka"
"nikka in a barrel",Commercial,tool,50,12,E: 50-99,easy 0-14,yes,74,"Nikka"
"nikka the barrel",Transactional,tool,50,17,E: 50-99,doable 15-29,yes,74,"Nikka"
"nikka whiskey sapporo",Transactional,tool,50,20,E: 50-99,doable 15-29,yes,74,"Nikka"
"nikka zaildar 4 reviews",Commercial,tool,50,26,E: 50-99,doable 15-29,yes,74,"Nikka"
"nikka coffee grain",Commercial,tool,50,16,E: 50-99,doable 15-29,yes,69,"Nikka"
"nikka malt coffey",Commercial,tool,50,,E: 50-99,unknown,yes,69,"Nikka"
"nikka whisky coffey malt",Unclassified,none,50,,E: 50-99,unknown,yes,69,"Nikka"
"alcohol free drink",Commercial,tool,50,0,E: 50-99,easy 0-14,no,75,"Non Alcoholic"
"best no alcohol drinks",Commercial,tool,50,0,E: 50-99,easy 0-14,no,75,"Non Alcoholic"
"drinks mocktails",Unclassified,none,50,,E: 50-99,unknown,no,75,"Non Alcoholic"
"mindful mocktails",Unclassified,none,50,,E: 50-99,unknown,no,75,"Non Alcoholic"
"non alc cocktails",Informational,inferred,50,,E: 50-99,unknown,no,75,"Non Alcoholic"
"non alcoholic beverages for parties",Commercial,tool,50,0,E: 50-99,easy 0-14,yes,75,"Non Alcoholic"
"non alcoholic drinks mocktails",Informational,tool,50,0,E: 50-99,easy 0-14,yes,75,"Non Alcoholic"
"non alcoholic mocktail",Informational,tool,50,0,E: 50-99,easy 0-14,yes,75,"Non Alcoholic"
"non alcoholic party beverages",Informational,tool,50,0,E: 50-99,easy 0-14,yes,75,"Non Alcoholic"
"non- alcoholic",Informational,tool,50,,E: 50-99,unknown,yes,75,"Non Alcoholic"
"non-alcoholic cocktails",Informational,tool,50,,E: 50-99,unknown,no,75,"Non Alcoholic"
"what are mocktails",Informational,inferred,50,,E: 50-99,unknown,no,75,"Non Alcoholic"
"what is mocktails drinks",Informational,inferred,50,,E: 50-99,unknown,no,75,"Non Alcoholic"
"1920 wines non alcoholic pinot grigio",Commercial,tool,50,,E: 50-99,unknown,yes,71,"Non Alcoholic"
"alcohol-free red wine",Commercial,tool,50,,E: 50-99,unknown,yes,71,"Non Alcoholic"
"alcohol-removed wine",Unclassified,none,50,,E: 50-99,unknown,yes,71,"Non Alcoholic"
"alcohol-removed wines",Commercial,tool,50,,E: 50-99,unknown,no,71,"Non Alcoholic"
"best dealcoholized red wine",Commercial,tool,50,0,E: 50-99,easy 0-14,yes,71,"Non Alcoholic"
"best non alcoholic red wine australia",Commercial,tool,50,0,E: 50-99,easy 0-14,yes,71,"Non Alcoholic"
"best non alcoholic wines",Commercial,tool,50,0,E: 50-99,easy 0-14,yes,71,"Non Alcoholic"
"leitz non alcoholic wine",Unclassified,none,50,,E: 50-99,unknown,yes,71,"Non Alcoholic"
"low sugar non alcoholic wine",Unclassified,none,50,,E: 50-99,unknown,yes,71,"Non Alcoholic"
"no alcohol red wine",Commercial,tool,50,0,E: 50-99,easy 0-14,yes,71,"Non Alcoholic"
"non alcoholic cabernet sauvignon",Commercial,tool,50,0,E: 50-99,easy 0-14,yes,71,"Non Alcoholic"
"non alcoholic wine liquorland",Transactional,tool,50,,E: 50-99,unknown,yes,71,"Non Alcoholic"
"non alcoholic wines australia",Commercial,tool,50,0,E: 50-99,easy 0-14,yes,71,"Non Alcoholic"
"non-alcoholic red wines",Commercial,tool,50,,E: 50-99,unknown,no,71,"Non Alcoholic"
"non-alcoholic shiraz",Unclassified,none,50,,E: 50-99,unknown,no,71,"Non Alcoholic"
"non-alcoholic white wines",Commercial,tool,50,,E: 50-99,unknown,no,71,"Non Alcoholic"
"noughty non alcoholic wine",Commercial,tool,50,0,E: 50-99,easy 0-14,yes,71,"Non Alcoholic"
"red wine free alcohol",Commercial,tool,50,,E: 50-99,unknown,yes,71,"Non Alcoholic"
"red wine without alcohol",Unclassified,none,50,,E: 50-99,unknown,yes,71,"Non Alcoholic"
"wine with zero alcohol",Commercial,tool,50,0,E: 50-99,easy 0-14,yes,71,"Non Alcoholic"
"sans alcohol",Navigational,tool,50,0,E: 50-99,easy 0-14,yes,68,"Non Alcoholic"
"alcohol free beverage",Commercial,tool,50,0,E: 50-99,easy 0-14,no,65,"Non Alcoholic"
"best non alc gin",Commercial,tool,50,0,E: 50-99,easy 0-14,yes,65,"Non Alcoholic"
"cheers zero proof",Unclassified,none,50,,E: 50-99,unknown,no,65,"Non Alcoholic"
"non alc spirits",Informational,tool,50,0,E: 50-99,easy 0-14,no,65,"Non Alcoholic"
"three spirit non alcoholic alternative spirit the nightcap",Commercial,inferred,50,,E: 50-99,unknown,yes,65,"Non Alcoholic"
"zero alcohol spirit",Unclassified,none,50,,E: 50-99,unknown,no,65,"Non Alcoholic"
"pale alw",Informational,tool,50,0,E: 50-99,easy 0-14,no,82,"Pale Ale"
"payron",Navigational,tool,50,11,E: 50-99,easy 0-14,no,68,"Patron"
"russian vodka australia",Commercial,tool,50,8,E: 50-99,easy 0-14,yes,66,"Polish Vodka; Russian Vodka; Vodka"
"price of red wine",Transactional,tool,50,8,E: 50-99,easy 0-14,yes,67,"Red Wine; White Wine"
"bottles of red wine",Commercial,tool,50,8,E: 50-99,easy 0-14,yes,65,"Red Wine"
"deliver wine same day",Informational,tool,50,30,E: 50-99,hard 30-49,yes,65,"Red Wine; Wine"
"mail order wine",Informational,tool,50,63,E: 50-99,very hard 50-69,yes,65,"Red Wine; Wine"
"order wines online",Commercial,tool,50,67,E: 50-99,very hard 50-69,no,65,"Red Wine; Wine"
"red wine delivery sydney",Commercial,tool,50,20,E: 50-99,doable 15-29,yes,65,"Red Wine; Wine"
"rose wine online delivery",Commercial,tool,50,13,E: 50-99,easy 0-14,yes,65,"Red Wine; Wine"
"sparkling dry wine",Commercial,tool,50,15,E: 50-99,doable 15-29,yes,66,"Red Wine; Sparkling; White Wine; Wine"
"sparkling wine production",Commercial,tool,50,,E: 50-99,unknown,yes,66,"Red Wine; Sparkling; White Wine; Wine"
"white wine for sale",Transactional,tool,50,17,E: 50-99,doable 15-29,yes,70,"Red Wine; White Wine; Wine"
"wine deliveries near me",Transactional,tool,50,39,E: 50-99,hard 30-49,yes,65,"Red Wine; Wine"
"royal salite",Commercial,tool,50,9,E: 50-99,easy 0-14,yes,78,"Royal Salute"
"chivas 21 royal salute",Commercial,tool,50,6,E: 50-99,easy 0-14,yes,77,"Royal Salute"
"royal salut",Commercial,tool,50,9,E: 50-99,easy 0-14,yes,77,"Royal Salute"
"royal salute 21 years",Transactional,tool,50,9,E: 50-99,easy 0-14,yes,77,"Royal Salute"
"royal salute 53 year old price",Transactional,tool,50,7,E: 50-99,easy 0-14,yes,77,"Royal Salute"
"royale salute",Commercial,tool,50,,E: 50-99,unknown,yes,77,"Royal Salute"
"scotch royal salute",Commercial,tool,50,12,E: 50-99,easy 0-14,yes,76,"Royal Salute"
"royal salute 21 price australia",Transactional,tool,50,11,E: 50-99,easy 0-14,yes,73,"Royal Salute"
"russian standard vodka gold",Unclassified,none,50,,E: 50-99,unknown,yes,76,"Russian Vodka"
"russian vidka",Unclassified,none,50,,E: 50-99,unknown,yes,76,"Russian Vodka"
"the world's best vodka",Commercial,inferred,50,,E: 50-99,unknown,yes,76,"Russian Vodka"
"zambuca",Unclassified,none,50,,E: 50-99,unknown,no,77,"Sambuca"
"cost of sambuca",Commercial,tool,50,6,E: 50-99,easy 0-14,yes,66,"Sambuca"
"scotch sales",Transactional,tool,50,8,E: 50-99,easy 0-14,yes,73,"Scotch Whisky"
"best scotch whiskies",Commercial,tool,50,17,E: 50-99,doable 15-29,yes,66,"Scotch Whisky"
"highland park scotch whisky",Commercial,tool,50,9,E: 50-99,easy 0-14,yes,66,"Scotch Whisky"
"highland scotch whiskey",Commercial,tool,50,9,E: 50-99,easy 0-14,yes,66,"Scotch Whisky"
"flavoured soju",Commercial,tool,50,18,E: 50-99,doable 15-29,yes,67,"Soju"
"soju buy",Transactional,tool,50,17,E: 50-99,doable 15-29,yes,67,"Soju"
"tequela",Commercial,tool,50,13,E: 50-99,easy 0-14,no,76,"Tequila"
"tequila in australia",Commercial,tool,50,8,E: 50-99,easy 0-14,yes,70,"Tequila; White Tequila"
"vodka buy",Transactional,tool,50,12,E: 50-99,easy 0-14,yes,67,"Vodka"
"water.",Informational,tool,50,72,E: 50-99,extreme 70+,no,90,"Water"
"call water corp",Navigational,tool,50,24,E: 50-99,doable 15-29,no,67,"Water"
"pay water corporation bill",Informational,tool,50,8,E: 50-99,easy 0-14,no,67,"Water"
"water authorities",Informational,tool,50,62,E: 50-99,very hard 50-69,no,67,"Water"
"authority water",Navigational,tool,50,65,E: 50-99,very hard 50-69,no,66,"Water"
"tequila white bottle",Unclassified,none,50,,E: 50-99,unknown,yes,71,"White Tequila"
"crisp dry white wine",Informational,tool,50,9,E: 50-99,easy 0-14,yes,70,"White Wine"
"non alcoholic dry white wine",Commercial,tool,50,7,E: 50-99,easy 0-14,yes,70,"White Wine"
"what is dry white wine cooking",Commercial,tool,50,25,E: 50-99,doable 15-29,yes,70,"White Wine"
"what white wines are dry",Commercial,tool,50,8,E: 50-99,easy 0-14,no,70,"White Wine"
"what wines are dry white",Informational,tool,50,8,E: 50-99,easy 0-14,no,70,"White Wine"
"white bottle of wine",Commercial,tool,50,7,E: 50-99,easy 0-14,yes,70,"White Wine"
"white wine scale",Informational,tool,50,14,E: 50-99,easy 0-14,yes,70,"White Wine"
"white wines dry",Commercial,tool,50,8,E: 50-99,easy 0-14,no,70,"White Wine"
"wine dry",Commercial,tool,50,9,E: 50-99,easy 0-14,yes,70,"White Wine"
"wine in a white bottle",Informational,tool,50,6,E: 50-99,easy 0-14,yes,70,"White Wine"
"wine in white bottle",Commercial,tool,50,9,E: 50-99,easy 0-14,yes,70,"White Wine"
"chauvignon blanc",Commercial,tool,50,,E: 50-99,unknown,no,69,"White Wine"
"is sauv blanc a white wine",Informational,inferred,50,,E: 50-99,unknown,yes,69,"White Wine"
"mill flat sauvignon blanc",Commercial,tool,50,10,E: 50-99,easy 0-14,no,69,"White Wine"
"neve sauvignon blanc",Transactional,tool,50,14,E: 50-99,easy 0-14,no,69,"White Wine"
"organic sauvignon blanc",Unclassified,none,50,,E: 50-99,unknown,no,69,"White Wine"
"saubignon blanc",Commercial,tool,50,17,E: 50-99,doable 15-29,no,69,"White Wine"
"sauv blanc abv",Commercial,tool,50,8,E: 50-99,easy 0-14,no,69,"White Wine"
"sauvignon blanc cooking wine",Unclassified,none,50,,E: 50-99,unknown,yes,69,"White Wine"
"sauvignon blanc day",Commercial,tool,50,6,E: 50-99,easy 0-14,no,69,"White Wine"
"sauvignon blanc delivery",Commercial,tool,50,6,E: 50-99,easy 0-14,no,69,"White Wine"
"sauvignon wine red",Transactional,tool,50,,E: 50-99,unknown,yes,69,"White Wine"
"savuignon blanc",Commercial,tool,50,16,E: 50-99,doable 15-29,no,69,"White Wine"
"state of light sauvignon blanc",Informational,tool,50,16,E: 50-99,doable 15-29,no,69,"White Wine"
"winemaker sauvignon blanc",Unclassified,none,50,,E: 50-99,unknown,no,69,"White Wine"
"australian wine white",Informational,tool,50,15,E: 50-99,doable 15-29,yes,66,"White Wine"
"best taste white wine",Commercial,tool,50,16,E: 50-99,doable 15-29,yes,66,"White Wine"
"buying australian wine",Transactional,tool,50,65,E: 50-99,very hard 50-69,yes,66,"White Wine"
"buying wine online australia",Commercial,tool,50,61,E: 50-99,very hard 50-69,yes,66,"White Wine"
"good australian white wines",Commercial,tool,50,9,E: 50-99,easy 0-14,yes,66,"White Wine"
"online wine sales australia",Transactional,tool,50,66,E: 50-99,very hard 50-69,yes,66,"White Wine"
"white wine woolworths",Transactional,inferred,50,,E: 50-99,unknown,yes,66,"White Wine"
"wine for sale australia",Commercial,tool,50,66,E: 50-99,very hard 50-69,yes,66,"White Wine"
"wine online australia free delivery",Transactional,inferred,50,,E: 50-99,unknown,yes,66,"White Wine"
"winw",Commercial,tool,50,NaN,E: 50-99,extreme 70+,no,72,"Wine"
"get wine",Transactional,tool,50,NaN,E: 50-99,extreme 70+,yes,71,"Wine"
"pinot wines",Transactional,tool,50,NaN,E: 50-99,extreme 70+,no,65,"Wine"
"wines australia online",Commercial,tool,50,NaN,E: 50-99,extreme 70+,no,65,"Wine"